source,id,title,price,currency,location,type,age,gender,url
avito.ma,https://www.avito.ma/fr/hay_moulay_rachid/voitures_d_occasion/Volkswagen_Tiguan_56506997,Volkswagen Tiguan,299000,MAD,,Cheval,,,https://www.avito.ma/fr/hay_moulay_rachid/voitures_d_occasion/Volkswagen_Tiguan_56506997.htm
avito.ma,https://www.avito.ma/fr/californie/voitures_d_occasion/Range_Rover_Evoque_24_600_km_57508457,Range Rover Evoque 24 600 km,365000,MAD,,Cheval,,,https://www.avito.ma/fr/californie/voitures_d_occasion/Range_Rover_Evoque_24_600_km_57508457.htm
avito.ma,https://www.avito.ma/fr/sidi_bernoussi/voitures_d_occasion/309_essence_8_chevaux_en_bon_état_57514342,309 essence 8 chevaux en bon état,25000,MAD,,Cheval,,,https://www.avito.ma/fr/sidi_bernoussi/voitures_d_occasion/309_essence_8_chevaux_en_bon_état_57514342.htm
avito.ma,https://www.avito.ma/fr/quods/voitures_d_occasion/309_Mazout_7_Chevaux__moteur_306_économique_57510878,"309 Mazout 7 Chevaux, moteur 306 économique",34000,MAD,,Cheval,,,https://www.avito.ma/fr/quods/voitures_d_occasion/309_Mazout_7_Chevaux__moteur_306_économique_57510878.htm
avito.ma,https://www.avito.ma/fr/guéliz/voitures_d_occasion/Audi_RSQ3_Essence_2021_500_chevaux_57468275,Audi RSQ3 Essence 2021 500 chevaux,600000,MAD,,Cheval,,,https://www.avito.ma/fr/guéliz/voitures_d_occasion/Audi_RSQ3_Essence_2021_500_chevaux_57468275.htm
avito.ma,https://www.avito.ma/fr/hay_boudir/animaux_de_ferme/Cheval_à_Vendre___Pur_Sang_Arabe_57505399,Cheval à Vendre / Pur Sang Arabe,30000,MAD,,Cheval,,,https://www.avito.ma/fr/hay_boudir/animaux_de_ferme/Cheval_à_Vendre___Pur_Sang_Arabe_57505399.htm
avito.ma,https://www.avito.ma/fr/maarif/jouets/Petit_Vero_cheval_sur_bois_57504703,Petit Vero cheval sur bois,250,MAD,,Cheval,,,https://www.avito.ma/fr/maarif/jouets/Petit_Vero_cheval_sur_bois_57504703.htm
avito.ma,https://www.avito.ma/fr/autre_secteur/accessoires_pour_animaux/Selle_de_cheval_neuve_57494023,Selle de cheval neuve,3500,MAD,,Cheval,,,https://www.avito.ma/fr/autre_secteur/accessoires_pour_animaux/Selle_de_cheval_neuve_57494023.htm
avito.ma,https://www.avito.ma/fr/autre_secteur/voitures_d_occasion/Touareg_V6_12_chevaux__taxe_6000_dh__tout_payé_57493704,"Touareg V6 12 chevaux, taxe 6000 dh, tout payé",75000,MAD,,Cheval,,,https://www.avito.ma/fr/autre_secteur/voitures_d_occasion/Touareg_V6_12_chevaux__taxe_6000_dh__tout_payé_57493704.htm
avito.ma,https://www.avito.ma/fr/berkane/remorques_et_caravanes/Van_à_chevaux_occasion_57493053,Van à chevaux occasion,55000,MAD,,Cheval,,,https://www.avito.ma/fr/berkane/remorques_et_caravanes/Van_à_chevaux_occasion_57493053.htm
avito.ma,https://www.avito.ma/fr/ancienne_médina/arts_et_collections/Deux_très_vieux_chevaux_de_bronze_57490827,Deux très vieux chevaux de bronze,1200,MAD,,Cheval,,,https://www.avito.ma/fr/ancienne_médina/arts_et_collections/Deux_très_vieux_chevaux_de_bronze_57490827.htm
avito.ma,https://www.avito.ma/fr/autre_secteur/terrains_et_fermes/Ferme_de_Luxe_Titrée_sur_1_4_Hectare___Benslimane_57357324,Ferme de Luxe Titrée sur 1.4 Hectare – Benslimane,8000000,MAD,,Cheval,,,https://www.avito.ma/fr/autre_secteur/terrains_et_fermes/Ferme_de_Luxe_Titrée_sur_1_4_Hectare___Benslimane_57357324.htm
avito.ma,https://www.avito.ma/fr/californie/voitures_d_occasion/Range_Rover_Evoque_24_600_km_57508457,Range Rover Evoque 24 600 km,365000,MAD,,Cheval,,,https://www.avito.ma/fr/californie/voitures_d_occasion/Range_Rover_Evoque_24_600_km_57508457.htm
avito.ma,https://www.avito.ma/fr/autre_secteur/motos/Moto_Cross_300CC_Puissante_6_Vitesses_57266540,Moto Cross 300CC Puissante 6 Vitesses,47000,MAD,,Cheval,,,https://www.avito.ma/fr/autre_secteur/motos/Moto_Cross_300CC_Puissante_6_Vitesses_57266540.htm
avito.ma,https://www.avito.ma/fr/hay_dakhla/voitures_d_occasion/Range_Rover_Vogue_toutes_options_fin_2016_57148448,Range Rover Vogue toutes options fin 2016,300000,MAD,,Cheval,,,https://www.avito.ma/fr/hay_dakhla/voitures_d_occasion/Range_Rover_Vogue_toutes_options_fin_2016_57148448.htm
avito.ma,https://www.avito.ma/fr/autre_secteur/bateaux/JET_SKI_YAMAHA_VX_LIMITED___REMORQUE_JET_SKI_55523113,JET SKI YAMAHA VX LIMITED & REMORQUE JET SKI,195000,MAD,,Cheval,,,https://www.avito.ma/fr/autre_secteur/bateaux/JET_SKI_YAMAHA_VX_LIMITED___REMORQUE_JET_SKI_55523113.htm
avito.ma,https://www.avito.ma/fr/autre_secteur/motos/Moto_Cross_300CC_Puissante_6_Vitesses_57266540,Moto Cross 300CC Puissante 6 Vitesses,47000,MAD,,Cheval,,,https://www.avito.ma/fr/autre_secteur/motos/Moto_Cross_300CC_Puissante_6_Vitesses_57266540.htm
avito.ma,https://www.avito.ma/fr/hay_moulay_rachid/voitures_d_occasion/Volkswagen_Tiguan_56506997,Volkswagen Tiguan,299000,MAD,,Cheval,,,https://www.avito.ma/fr/hay_moulay_rachid/voitures_d_occasion/Volkswagen_Tiguan_56506997.htm
avito.ma,https://www.avito.ma/fr/belvédère/voitures_d_occasion/Porsche_Cayenne_diesel_2018_51371122,Porsche Cayenne diesel 2018,370000,MAD,,Cheval,,,https://www.avito.ma/fr/belvédère/voitures_d_occasion/Porsche_Cayenne_diesel_2018_51371122.htm
avito.ma,https://www.avito.ma/fr/m_hamid/voitures_d_occasion/Renault_19_57527014,Renault 19,26000,MAD,,Cheval,,,https://www.avito.ma/fr/m_hamid/voitures_d_occasion/Renault_19_57527014.htm
avito.ma,https://www.avito.ma/fr/hay_dakhla/voitures_d_occasion/Volkswagen_Touareg_Diesel_Automatique_2012_57504147,Volkswagen Touareg Diesel Automatique 2012,125000,MAD,,Cheval,,,https://www.avito.ma/fr/hay_dakhla/voitures_d_occasion/Volkswagen_Touareg_Diesel_Automatique_2012_57504147.htm
avito.ma,https://www.avito.ma/fr/allal_el_fassi/voitures_d_occasion/GWM_POER_2_0L_170_CH_À_SAISIR_57423308,GWM POER 2.0L 170 CH À SAISIR,255000,MAD,,Cheval,,,https://www.avito.ma/fr/allal_el_fassi/voitures_d_occasion/GWM_POER_2_0L_170_CH_À_SAISIR_57423308.htm
avito.ma,https://www.avito.ma/fr/hay_dakhla/voitures_d_occasion/Volkswagen_Touareg_Diesel_Automatique_2012_57504147,Volkswagen Touareg Diesel Automatique 2012,125000,MAD,,Cheval,,,https://www.avito.ma/fr/hay_dakhla/voitures_d_occasion/Volkswagen_Touareg_Diesel_Automatique_2012_57504147.htm
avito.ma,https://www.avito.ma/fr/malabata/voitures_d_occasion/Tiguan_Diesel_R_LINE_200CH_57426995,Tiguan Diesel R LINE 200CH,650000,MAD,,Cheval,,,https://www.avito.ma/fr/malabata/voitures_d_occasion/Tiguan_Diesel_R_LINE_200CH_57426995.htm
avito.ma,https://www.avito.ma/fr/agdal/voitures_d_occasion/Mercedes_Benz_Classe_CLA_Diesel_Automatique_2013_57526695,Mercedes-Benz Classe CLA Diesel Automatique 2013,195000,MAD,,Cheval,,,https://www.avito.ma/fr/agdal/voitures_d_occasion/Mercedes_Benz_Classe_CLA_Diesel_Automatique_2013_57526695.htm
avito.ma,https://www.avito.ma/fr/autre_secteur/voitures_d_occasion/Renault_21_57526436,Renault 21,29000,MAD,,Cheval,,,https://www.avito.ma/fr/autre_secteur/voitures_d_occasion/Renault_21_57526436.htm
avito.ma,https://www.avito.ma/fr/tilila/voitures_d_occasion/Dacia_Lodgy_2016_Climatisation_57070039,Dacia Lodgy 2016 Climatisation,103000,MAD,,Cheval,,,https://www.avito.ma/fr/tilila/voitures_d_occasion/Dacia_Lodgy_2016_Climatisation_57070039.htm
avito.ma,https://www.avito.ma/fr/azli/voitures_d_occasion/JEEP_WRANGLER_70EME_ANNIVERSAIRE_BVM_57320646,JEEP WRANGLER 70EME ANNIVERSAIRE BVM,200000,MAD,,Cheval,,,https://www.avito.ma/fr/azli/voitures_d_occasion/JEEP_WRANGLER_70EME_ANNIVERSAIRE_BVM_57320646.htm
avito.ma,https://www.avito.ma/fr/allal_el_fassi/voitures_d_occasion/GWM_POER_2_0L_170_CH_À_SAISIR_57423308,GWM POER 2.0L 170 CH À SAISIR,255000,MAD,,Cheval,,,https://www.avito.ma/fr/allal_el_fassi/voitures_d_occasion/GWM_POER_2_0L_170_CH_À_SAISIR_57423308.htm
avito.ma,https://www.avito.ma/fr/maarif/voitures_d_occasion/Jeep_Compass_Diesel_Manuelle_2023_à_Casablanca_57479924,Jeep Compass Diesel Manuelle 2023 à Casablanca,198000,MAD,,Cheval,,,https://www.avito.ma/fr/maarif/voitures_d_occasion/Jeep_Compass_Diesel_Manuelle_2023_à_Casablanca_57479924.htm
avito.ma,https://www.avito.ma/fr/sidi_yahya_el_gharb/voitures_d_occasion/Dacia_Logan_diesel_6_chevaux_modèle_2011_57468020,Dacia Logan diesel 6 chevaux modèle 2011,47000,MAD,,Cheval,,,https://www.avito.ma/fr/sidi_yahya_el_gharb/voitures_d_occasion/Dacia_Logan_diesel_6_chevaux_modèle_2011_57468020.htm
avito.ma,https://www.avito.ma/fr/la_siesta/voitures_d_occasion/Peugeot_2008_GT_Line_57525423,Peugeot 2008 GT Line,245000,MAD,,Cheval,,,https://www.avito.ma/fr/la_siesta/voitures_d_occasion/Peugeot_2008_GT_Line_57525423.htm
avito.ma,https://www.avito.ma/fr/al_kassam/voitures_d_occasion/Toyota_Avensis_D4D_Très_bon_état_57525205,Toyota Avensis D4D Très bon état,70000,MAD,,Cheval,,,https://www.avito.ma/fr/al_kassam/voitures_d_occasion/Toyota_Avensis_D4D_Très_bon_état_57525205.htm
avito.ma,https://www.avito.ma/fr/hay_nahda/décoration/Tableau_artistique_pour_décoration_57524919,Tableau artistique pour décoration,180,MAD,,Cheval,,,https://www.avito.ma/fr/hay_nahda/décoration/Tableau_artistique_pour_décoration_57524919.htm
avito.ma,https://www.avito.ma/fr/al_maghrib_al_arabi/voitures_d_occasion/Mercedes_Classe_S_420_57505514,Mercedes Classe S 420,250000,MAD,,Cheval,,,https://www.avito.ma/fr/al_maghrib_al_arabi/voitures_d_occasion/Mercedes_Classe_S_420_57505514.htm
avito.ma,https://www.avito.ma/fr/abbadi/voitures_d_occasion/Dacia_Lodgy_57515699,Dacia Lodgy,153000,MAD,,Cheval,,,https://www.avito.ma/fr/abbadi/voitures_d_occasion/Dacia_Lodgy_57515699.htm
avito.ma,https://www.avito.ma/fr/targa/voitures_d_occasion/Audi_Q2_automatique_presque_neuve_57388835,Audi Q2 automatique presque neuve,290000,MAD,,Cheval,,,https://www.avito.ma/fr/targa/voitures_d_occasion/Audi_Q2_automatique_presque_neuve_57388835.htm
avito.ma,https://www.avito.ma/fr/abbadi/voitures_d_occasion/Renault_Clio4_57268916,Renault Clio4,127000,MAD,,Cheval,,,https://www.avito.ma/fr/abbadi/voitures_d_occasion/Renault_Clio4_57268916.htm
avito.ma,https://www.avito.ma/fr/hay_moulay_rachid/voitures_d_occasion/Volkswagen_Tiguan_56506997,Volkswagen Tiguan,299000,MAD,,Cheval,,,https://www.avito.ma/fr/hay_moulay_rachid/voitures_d_occasion/Volkswagen_Tiguan_56506997.htm
avito.ma,https://www.avito.ma/fr/allal_el_fassi/voitures_d_occasion/GWM_POER_2_0L_170_CH_À_SAISIR_57423308,GWM POER 2.0L 170 CH À SAISIR,255000,MAD,,Cheval,,,https://www.avito.ma/fr/allal_el_fassi/voitures_d_occasion/GWM_POER_2_0L_170_CH_À_SAISIR_57423308.htm
avito.ma,https://www.avito.ma/fr/guich_oudaya/voitures_d_occasion/Mercedes_Benz_CLK_220_57303207,Mercedes Benz CLK 220,155000,MAD,,Cheval,,,https://www.avito.ma/fr/guich_oudaya/voitures_d_occasion/Mercedes_Benz_CLK_220_57303207.htm
avito.ma,https://www.avito.ma/fr/seyad/voitures_d_occasion/Volkswagen_Sharan_édition_spéciale_CUP_56485826,Volkswagen Sharan édition spéciale CUP,240000,MAD,,Cheval,,,https://www.avito.ma/fr/seyad/voitures_d_occasion/Volkswagen_Sharan_édition_spéciale_CUP_56485826.htm
avito.ma,https://www.avito.ma/fr/autre_secteur/voitures_d_occasion/Pick_up_GWM_poer_57054507,Pick up GWM poer,229000,MAD,,Cheval,,,https://www.avito.ma/fr/autre_secteur/voitures_d_occasion/Pick_up_GWM_poer_57054507.htm
avito.ma,https://www.avito.ma/fr/al_maghrib_al_arabi/voitures_d_occasion/Dacia_Duster_57359896,Dacia Duster,187000,MAD,,Cheval,,,https://www.avito.ma/fr/al_maghrib_al_arabi/voitures_d_occasion/Dacia_Duster_57359896.htm
avito.ma,https://www.avito.ma/fr/californie/voitures_d_occasion/Range_Rover_Evoque_24_600_km_57508457,Range Rover Evoque 24 600 km,365000,MAD,,Cheval,,,https://www.avito.ma/fr/californie/voitures_d_occasion/Range_Rover_Evoque_24_600_km_57508457.htm
avito.ma,https://www.avito.ma/fr/belvédère/voitures_d_occasion/Volvo_S60_diesel_automatique_53005249,Volvo S60 diesel automatique,119000,MAD,,Cheval,,,https://www.avito.ma/fr/belvédère/voitures_d_occasion/Volvo_S60_diesel_automatique_53005249.htm
avito.ma,https://www.avito.ma/fr/hay_dakhla/voitures_d_occasion/Skoda_Octavia_2023_en_très_bon_état_56766405,Skoda Octavia 2023 en très bon état,250000,MAD,,Cheval,,,https://www.avito.ma/fr/hay_dakhla/voitures_d_occasion/Skoda_Octavia_2023_en_très_bon_état_56766405.htm
avito.ma,https://www.avito.ma/fr/hay_dakhla/voitures_d_occasion/Land_Rover_Discovery_Sport_2016_Diesel_54539719,Land Rover Discovery Sport 2016 Diesel,200000,MAD,,Cheval,,,https://www.avito.ma/fr/hay_dakhla/voitures_d_occasion/Land_Rover_Discovery_Sport_2016_Diesel_54539719.htm
avito.ma,https://www.avito.ma/fr/hay_dakhla/voitures_d_occasion/Land_rover_Freelander_2013_automatique_56748852,Land rover Freelander 2013 automatique,140000,MAD,,Cheval,,,https://www.avito.ma/fr/hay_dakhla/voitures_d_occasion/Land_rover_Freelander_2013_automatique_56748852.htm
avito.ma,https://www.avito.ma/fr/fquih_ben_saleh/voitures_d_occasion/Ford_Fiesta_57522408,Ford Fiesta,80000,MAD,,Cheval,,,https://www.avito.ma/fr/fquih_ben_saleh/voitures_d_occasion/Ford_Fiesta_57522408.htm
avito.ma,https://www.avito.ma/fr/autre_secteur/terrains_et_fermes/Ferme_titrée_de_2_hectares_près_de_Benslimane__équipée__maison_R2_57522423,"Ferme titrée de 2 hectares près de Benslimane, équipée, maison R2",1950000,MAD,,Cheval,,,https://www.avito.ma/fr/autre_secteur/terrains_et_fermes/Ferme_titrée_de_2_hectares_près_de_Benslimane__équipée__maison_R2_57522423.htm
avito.ma,https://www.avito.ma/fr/souk_sebt_ouled_nemma/voitures_d_occasion/volkswagen_caddy_57522354,volkswagen caddy,116000,MAD,,Cheval,,,https://www.avito.ma/fr/souk_sebt_ouled_nemma/voitures_d_occasion/volkswagen_caddy_57522354.htm
avito.ma,https://www.avito.ma/fr/khemisset/voitures_d_occasion/Golf_6_GTD_57520817,Golf 6 GTD,150000,MAD,,Cheval,,,https://www.avito.ma/fr/khemisset/voitures_d_occasion/Golf_6_GTD_57520817.htm
avito.ma,https://www.avito.ma/fr/hay_moulay_rachid/voitures_d_occasion/Volkswagen_Tiguan_56506997,Volkswagen Tiguan,299000,MAD,,Cheval,,,https://www.avito.ma/fr/hay_moulay_rachid/voitures_d_occasion/Volkswagen_Tiguan_56506997.htm
avito.ma,https://www.avito.ma/fr/allal_el_fassi/voitures_d_occasion/GWM_POER_2_0L_170_CH_À_SAISIR_57423308,GWM POER 2.0L 170 CH À SAISIR,255000,MAD,,Cheval,,,https://www.avito.ma/fr/allal_el_fassi/voitures_d_occasion/GWM_POER_2_0L_170_CH_À_SAISIR_57423308.htm
avito.ma,https://www.avito.ma/fr/hay_moulay_rachid_6/voitures_d_occasion/Peugeot_308_modèle_2011_lire_en_bas___57519314,Peugeot 308 modèle 2011 lire en bas👇,79000,MAD,,Cheval,,,https://www.avito.ma/fr/hay_moulay_rachid_6/voitures_d_occasion/Peugeot_308_modèle_2011_lire_en_bas___57519314.htm
avito.ma,https://www.avito.ma/fr/deroua/voitures_d_occasion/Fiat_Tipo_2020_57518506,Fiat Tipo 2020,115000,MAD,,Cheval,,,https://www.avito.ma/fr/deroua/voitures_d_occasion/Fiat_Tipo_2020_57518506.htm
avito.ma,https://www.avito.ma/fr/oulfa/voitures_d_occasion/Casablanca_Hay_Al_Alfa_57518038,Casablanca Hay Al Alfa,85000,MAD,,Cheval,,,https://www.avito.ma/fr/oulfa/voitures_d_occasion/Casablanca_Hay_Al_Alfa_57518038.htm
avito.ma,https://www.avito.ma/fr/taza/voitures_d_occasion/Renault_Fluence_57517810,Renault Fluence,123000,MAD,,Cheval,,,https://www.avito.ma/fr/taza/voitures_d_occasion/Renault_Fluence_57517810.htm
avito.ma,https://www.avito.ma/fr/al_wifaq/voitures_d_occasion/Hyundai_ix35_diesel_automatique_4x4_57517473,Hyundai ix35 diesel automatique 4x4,125000,MAD,,Cheval,,,https://www.avito.ma/fr/al_wifaq/voitures_d_occasion/Hyundai_ix35_diesel_automatique_4x4_57517473.htm
avito.ma,https://www.avito.ma/fr/centre/voitures_d_occasion/Honda_Civic_Diesel_6ch_6ème_57517321,Honda Civic Diesel 6ch 6ème,109000,MAD,,Cheval,,,https://www.avito.ma/fr/centre/voitures_d_occasion/Honda_Civic_Diesel_6ch_6ème_57517321.htm
avito.ma,https://www.avito.ma/fr/centre_ville/voitures_d_occasion/Peugeot_306_57521943,Peugeot 306,550000,MAD,,Cheval,,,https://www.avito.ma/fr/centre_ville/voitures_d_occasion/Peugeot_306_57521943.htm
avito.ma,https://www.avito.ma/fr/centre_ville/voitures_d_occasion/Peugeot_306_57521952,Peugeot 306,55000,MAD,,Cheval,,,https://www.avito.ma/fr/centre_ville/voitures_d_occasion/Peugeot_306_57521952.htm
avito.ma,https://www.avito.ma/fr/sbata/voitures_d_occasion/Peugeot_205_essence_57517138,Peugeot 205 essence,14000,MAD,,Cheval,,,https://www.avito.ma/fr/sbata/voitures_d_occasion/Peugeot_205_essence_57517138.htm
avito.ma,https://www.avito.ma/fr/deroua/jouets/Cheval_pour_enfants_cheval_enfant_57460242,Cheval pour enfants cheval enfant,150,MAD,,Cheval,,,https://www.avito.ma/fr/deroua/jouets/Cheval_pour_enfants_cheval_enfant_57460242.htm
avito.ma,https://www.avito.ma/fr/ain_sebaa/voitures_d_occasion/Mercedes_classe_B_180_boîte_7_57516404,Mercedes classe B 180 boîte 7,250000,MAD,,Cheval,,,https://www.avito.ma/fr/ain_sebaa/voitures_d_occasion/Mercedes_classe_B_180_boîte_7_57516404.htm
avito.ma,https://www.avito.ma/fr/belle_vue/voitures_d_occasion/Honda_CR_V_57516204,Honda CR-V,80000,MAD,,Cheval,,,https://www.avito.ma/fr/belle_vue/voitures_d_occasion/Honda_CR_V_57516204.htm
avito.ma,https://www.avito.ma/fr/abbadi/animaux_de_ferme/Selle_de_cheval_57459860,Selle de cheval,2500,MAD,,Cheval,,,https://www.avito.ma/fr/abbadi/animaux_de_ferme/Selle_de_cheval_57459860.htm
avito.ma,https://www.avito.ma/fr/sefrou/voitures_d_occasion/Dacia_dokker_57515731,Dacia dokker,113000,MAD,,Cheval,,,https://www.avito.ma/fr/sefrou/voitures_d_occasion/Dacia_dokker_57515731.htm
avito.ma,https://www.avito.ma/fr/deroua/jouets/Cheval_pour_enfants_cheval_enfant_57459399,Cheval pour enfants cheval enfant,150,MAD,,Cheval,,,https://www.avito.ma/fr/deroua/jouets/Cheval_pour_enfants_cheval_enfant_57459399.htm
avito.ma,https://www.avito.ma/fr/route_de_ceuta/bateaux/Bateau_affaire_à_saisir_57198520,Bateau affaire à saisir,1200000,MAD,,Cheval,,,https://www.avito.ma/fr/route_de_ceuta/bateaux/Bateau_affaire_à_saisir_57198520.htm
avito.ma,https://www.avito.ma/fr/sidi_slimane/voitures_d_occasion/Range_Rover_Evoque_SD4_57515604,Range Rover Evoque SD4,170000,MAD,,Cheval,,,https://www.avito.ma/fr/sidi_slimane/voitures_d_occasion/Range_Rover_Evoque_SD4_57515604.htm
avito.ma,https://www.avito.ma/fr/tan_tan/voitures_d_occasion/Dacia_Logan_57515453,Dacia Logan,63000,MAD,,Cheval,,,https://www.avito.ma/fr/tan_tan/voitures_d_occasion/Dacia_Logan_57515453.htm
avito.ma,https://www.avito.ma/fr/aïn_diab/voitures_d_occasion/Belle_Volvo_S90_diesel_8cv_1ere_mains_à_vendre_à_Casa_57514391,Belle Volvo S90 diesel 8cv 1ere mains à vendre à Casa,315000,MAD,,Cheval,,,https://www.avito.ma/fr/aïn_diab/voitures_d_occasion/Belle_Volvo_S90_diesel_8cv_1ere_mains_à_vendre_à_Casa_57514391.htm
avito.ma,https://www.avito.ma/fr/agdal/voitures_d_occasion/alfa_romeo_mito_57512985,alfa romeo mito,64000,MAD,,Cheval,,,https://www.avito.ma/fr/agdal/voitures_d_occasion/alfa_romeo_mito_57512985.htm
avito.ma,https://www.avito.ma/fr/riad_toulal/voitures_d_occasion/Peugeot_207_Diesel_Manuelle_2008_à_Meknès_57511505,Peugeot 207 Diesel Manuelle 2008 à Meknès,74000,MAD,,Cheval,,,https://www.avito.ma/fr/riad_toulal/voitures_d_occasion/Peugeot_207_Diesel_Manuelle_2008_à_Meknès_57511505.htm
avito.ma,https://www.avito.ma/fr/had_soualem/voitures_d_occasion/BMW_Série_5_Pack_m_Diesel_Automatique_2016_57511476,BMW Série 5 Pack m Diesel Automatique 2016,250000,MAD,,Cheval,,,https://www.avito.ma/fr/had_soualem/voitures_d_occasion/BMW_Série_5_Pack_m_Diesel_Automatique_2016_57511476.htm
avito.ma,https://www.avito.ma/fr/route_de_sefrou/voitures_d_occasion/Excellente_voiture_57511404,Excellente voiture,90000,MAD,,Cheval,,,https://www.avito.ma/fr/route_de_sefrou/voitures_d_occasion/Excellente_voiture_57511404.htm
avito.ma,https://www.avito.ma/fr/sidi_allal_el_bahraoui/terrains_et_fermes/MAGNIFIQUE_FERME_6_25_Hectares_45_MINUTES_DE_RABAT_57510660,MAGNIFIQUE FERME 6.25 Hectares 45 MINUTES DE RABAT,5500000,MAD,,Cheval,,,https://www.avito.ma/fr/sidi_allal_el_bahraoui/terrains_et_fermes/MAGNIFIQUE_FERME_6_25_Hectares_45_MINUTES_DE_RABAT_57510660.htm
avito.ma,https://www.avito.ma/fr/sbata/voitures_d_occasion/Hyundai_Elantra_57510526,Hyundai Elantra,18000,MAD,,Cheval,,,https://www.avito.ma/fr/sbata/voitures_d_occasion/Hyundai_Elantra_57510526.htm
avito.ma,https://www.avito.ma/fr/centre_ville/vêtements/jacket_ferrari_rouge_57510316,jacket ferrari rouge,1000,MAD,,Cheval,,,https://www.avito.ma/fr/centre_ville/vêtements/jacket_ferrari_rouge_57510316.htm
avito.ma,https://www.avito.ma/fr/abattoirs/voitures_d_occasion/Fiat_Uno_essence_modèle_1995_57509522,Fiat Uno essence modèle 1995,24000,MAD,,Cheval,,,https://www.avito.ma/fr/abattoirs/voitures_d_occasion/Fiat_Uno_essence_modèle_1995_57509522.htm
avito.ma,https://www.avito.ma/fr/allal_el_fassi/voitures_d_occasion/GWM_POER_2_0L_170_CH_À_SAISIR_57423308,GWM POER 2.0L 170 CH À SAISIR,255000,MAD,,Cheval,,,https://www.avito.ma/fr/allal_el_fassi/voitures_d_occasion/GWM_POER_2_0L_170_CH_À_SAISIR_57423308.htm
avito.ma,https://www.avito.ma/fr/maarif/jouets/Petit_Vero_cheval_sur_bois_57504703,Petit Vero cheval sur bois,250,MAD,,Cheval,,,https://www.avito.ma/fr/maarif/jouets/Petit_Vero_cheval_sur_bois_57504703.htm
avito.ma,https://www.avito.ma/fr/la_belle_vue/voitures_d_occasion/Peugeot_207_57504420,Peugeot 207,82000,MAD,,Cheval,,,https://www.avito.ma/fr/la_belle_vue/voitures_d_occasion/Peugeot_207_57504420.htm
avito.ma,https://www.avito.ma/fr/c.i.l/voitures_d_occasion/Audi_Q3_exclusif_pièce_unique_57503144,Audi Q3 exclusif pièce unique,335000,MAD,,Cheval,,,https://www.avito.ma/fr/c.i.l/voitures_d_occasion/Audi_Q3_exclusif_pièce_unique_57503144.htm
avito.ma,https://www.avito.ma/fr/sefrou/fourgon_et_minibus/Iveco_Daily_57501771,Iveco Daily,225000,MAD,,Cheval,,,https://www.avito.ma/fr/sefrou/fourgon_et_minibus/Iveco_Daily_57501771.htm
avito.ma,https://www.avito.ma/fr/autre_secteur/voitures_d_occasion/Peugeot_308_2017_57501516,Peugeot 308 2017,145000,MAD,,Cheval,,,https://www.avito.ma/fr/autre_secteur/voitures_d_occasion/Peugeot_308_2017_57501516.htm
avito.ma,https://www.avito.ma/fr/fes_jdid/voitures_d_occasion/Clio_1_essence_57501442,Clio 1 essence,29000,MAD,,Cheval,,,https://www.avito.ma/fr/fes_jdid/voitures_d_occasion/Clio_1_essence_57501442.htm
avito.ma,https://www.avito.ma/fr/m_hamid/voitures_d_occasion/Citroën_Xsara_57500814,Citroën Xsara,45000,MAD,,Cheval,,,https://www.avito.ma/fr/m_hamid/voitures_d_occasion/Citroën_Xsara_57500814.htm
avito.ma,https://www.avito.ma/fr/saidia/bateaux/Bateau_celebrity_200______57499932,Bateau celebrity 200 🇱🇷,220000,MAD,,Cheval,,,https://www.avito.ma/fr/saidia/bateaux/Bateau_celebrity_200______57499932.htm
avito.ma,https://www.avito.ma/fr/saidia/bateaux/Bateau_Sea_Ray______57499921,Bateau Sea Ray 🇧🇪,200000,MAD,,Cheval,,,https://www.avito.ma/fr/saidia/bateaux/Bateau_Sea_Ray______57499921.htm
avito.ma,https://www.avito.ma/fr/ain_harrouda/voitures_d_occasion/Suzuki_Maruti_Essence_Manuelle_2006_à_Ain_Harrouda_57498957,Suzuki Maruti Essence Manuelle 2006 à Ain Harrouda,20000,MAD,,Cheval,,,https://www.avito.ma/fr/ain_harrouda/voitures_d_occasion/Suzuki_Maruti_Essence_Manuelle_2006_à_Ain_Harrouda_57498957.htm
avito.ma,https://www.avito.ma/fr/quods/voitures_d_occasion/C_4_modèle_2010_essence_toutes_options_Benslimane_57498747,C 4 modèle 2010 essence toutes options Benslimane,50000,MAD,,Cheval,,,https://www.avito.ma/fr/quods/voitures_d_occasion/C_4_modèle_2010_essence_toutes_options_Benslimane_57498747.htm
avito.ma,https://www.avito.ma/fr/agdal/voitures_d_occasion/Opel_Grand_Land_57498672,Opel Grand Land,190000,MAD,,Cheval,,,https://www.avito.ma/fr/agdal/voitures_d_occasion/Opel_Grand_Land_57498672.htm
avito.ma,https://www.avito.ma/fr/berkane/voitures_d_occasion/Classe_A220_cdi_AMG_57411269,Classe A220 cdi AMG,185000,MAD,,Cheval,,,https://www.avito.ma/fr/berkane/voitures_d_occasion/Classe_A220_cdi_AMG_57411269.htm
avito.ma,https://www.avito.ma/fr/le_centre_ville/voitures_d_occasion/Ford_Focus_57498128,Ford Focus,61000,MAD,,Cheval,,,https://www.avito.ma/fr/le_centre_ville/voitures_d_occasion/Ford_Focus_57498128.htm
avito.ma,https://www.avito.ma/fr/had_soualem/voitures_d_occasion/Mitsubishi_Galant_diesel_57497843,Mitsubishi Galant diesel,20000,MAD,,Cheval,,,https://www.avito.ma/fr/had_soualem/voitures_d_occasion/Mitsubishi_Galant_diesel_57497843.htm
avito.ma,https://www.avito.ma/fr/polo/voitures_d_occasion/BMW_Série_4_420d_pack_m_57497288,BMW Série 4 420d pack m,600000,MAD,,Cheval,,,https://www.avito.ma/fr/polo/voitures_d_occasion/BMW_Série_4_420d_pack_m_57497288.htm
avito.ma,https://www.avito.ma/fr/sala_el_jadida/voitures_d_occasion/Hyundai_i30_Modèle_2012_à_vendre_57494278,Hyundai i30 Modèle 2012 à vendre,95000,MAD,,Cheval,,,https://www.avito.ma/fr/sala_el_jadida/voitures_d_occasion/Hyundai_i30_Modèle_2012_à_vendre_57494278.htm
avito.ma,https://www.avito.ma/fr/guelmim/voitures_d_occasion/Peugeot_309_Diesel_57494206,Peugeot 309 Diesel,26000,MAD,,Cheval,,,https://www.avito.ma/fr/guelmim/voitures_d_occasion/Peugeot_309_Diesel_57494206.htm
avito.ma,https://www.avito.ma/fr/autre_secteur/accessoires_pour_animaux/Selle_de_cheval_neuve_57494023,Selle de cheval neuve,3500,MAD,,Cheval,,,https://www.avito.ma/fr/autre_secteur/accessoires_pour_animaux/Selle_de_cheval_neuve_57494023.htm
avito.ma,https://www.avito.ma/fr/riyad/voitures_d_occasion/Volkswagen_Golf_7_Diesel_Manuelle_2015_à_Rabat_57493961,Volkswagen Golf 7 Diesel Manuelle 2015 à Rabat,160000,MAD,,Cheval,,,https://www.avito.ma/fr/riyad/voitures_d_occasion/Volkswagen_Golf_7_Diesel_Manuelle_2015_à_Rabat_57493961.htm
avito.ma,https://www.avito.ma/fr/autre_secteur/voitures_d_occasion/Touareg_V6_12_chevaux__taxe_6000_dh__tout_payé_57493704,"Touareg V6 12 chevaux, taxe 6000 dh, tout payé",75000,MAD,,Cheval,,,https://www.avito.ma/fr/autre_secteur/voitures_d_occasion/Touareg_V6_12_chevaux__taxe_6000_dh__tout_payé_57493704.htm
avito.ma,https://www.avito.ma/fr/seyad/voitures_d_occasion/Volkswagen_Sharan_édition_spéciale_CUP_56485826,Volkswagen Sharan édition spéciale CUP,240000,MAD,,Cheval,,,https://www.avito.ma/fr/seyad/voitures_d_occasion/Volkswagen_Sharan_édition_spéciale_CUP_56485826.htm
avito.ma,https://www.avito.ma/fr/sala_el_jadida/voitures_d_occasion/Hyundai_i30_Modèle_2012_à_vendre_57494278,Hyundai i30 Modèle 2012 à vendre,95000,MAD,,Cheval,,,https://www.avito.ma/fr/sala_el_jadida/voitures_d_occasion/Hyundai_i30_Modèle_2012_à_vendre_57494278.htm
avito.ma,https://www.avito.ma/fr/guelmim/voitures_d_occasion/Peugeot_309_Diesel_57494206,Peugeot 309 Diesel,26000,MAD,,Cheval,,,https://www.avito.ma/fr/guelmim/voitures_d_occasion/Peugeot_309_Diesel_57494206.htm
avito.ma,https://www.avito.ma/fr/riyad/voitures_d_occasion/Volkswagen_Golf_7_Diesel_Manuelle_2015_à_Rabat_57493961,Volkswagen Golf 7 Diesel Manuelle 2015 à Rabat,160000,MAD,,Cheval,,,https://www.avito.ma/fr/riyad/voitures_d_occasion/Volkswagen_Golf_7_Diesel_Manuelle_2015_à_Rabat_57493961.htm
avito.ma,https://www.avito.ma/fr/salé/voitures_d_occasion/Hyundai_ix35_automatique_toutes_options_57493512,Hyundai ix35 automatique toutes options,155000,MAD,,Cheval,,,https://www.avito.ma/fr/salé/voitures_d_occasion/Hyundai_ix35_automatique_toutes_options_57493512.htm
avito.ma,https://www.avito.ma/fr/aïn_chock/motos/Ducati_Diavel___Puissance_Brutale_57493393,Ducati Diavel – Puissance Brutale,105000,MAD,,Cheval,,,https://www.avito.ma/fr/aïn_chock/motos/Ducati_Diavel___Puissance_Brutale_57493393.htm
avito.ma,https://www.avito.ma/fr/najd/voitures_d_occasion/Nissan_Tiida_57492159,Nissan Tiida,65000,MAD,,Cheval,,,https://www.avito.ma/fr/najd/voitures_d_occasion/Nissan_Tiida_57492159.htm
avito.ma,https://www.avito.ma/fr/oasis/motos/2023_Vanderhall_Carmel_0_km_55256247,2023 Vanderhall Carmel 0 km,450000,MAD,,Cheval,,,https://www.avito.ma/fr/oasis/motos/2023_Vanderhall_Carmel_0_km_55256247.htm
avito.ma,https://www.avito.ma/fr/palmier/voitures_d_occasion/Renault_AUSTRAL_I_Ph1_1_2_Etech_full_hybrid_2025_57121567,Renault AUSTRAL I Ph1 1.2 Etech full hybrid 2025,340000,MAD,,Cheval,,,https://www.avito.ma/fr/palmier/voitures_d_occasion/Renault_AUSTRAL_I_Ph1_1_2_Etech_full_hybrid_2025_57121567.htm
avito.ma,https://www.avito.ma/fr/autre_secteur/voitures_d_occasion/Renault_Clio5_RSline_55632007,Renault Clio5 RSline,175000,MAD,,Cheval,,,https://www.avito.ma/fr/autre_secteur/voitures_d_occasion/Renault_Clio5_RSline_55632007.htm
avito.ma,https://www.avito.ma/fr/autre_secteur/voitures_d_occasion/Audi_A4_Automatique_56517026,Audi A4 Automatique,195000,MAD,,Cheval,,,https://www.avito.ma/fr/autre_secteur/voitures_d_occasion/Audi_A4_Automatique_56517026.htm
avito.ma,https://www.avito.ma/fr/hay_riad/voitures_d_occasion/Porsche_Macan_T_2023__restylée_et_importée_neuve_57491021,"Porsche Macan T 2023, restylée et importée neuve",900000,MAD,,Cheval,,,https://www.avito.ma/fr/hay_riad/voitures_d_occasion/Porsche_Macan_T_2023__restylée_et_importée_neuve_57491021.htm
avito.ma,https://www.avito.ma/fr/errahma/voitures_d_occasion/Audi_A6_Essence_Automatique_2002_à_Casablanca_57490909,Audi A6 Essence Automatique 2002 à Casablanca,100000,MAD,,Cheval,,,https://www.avito.ma/fr/errahma/voitures_d_occasion/Audi_A6_Essence_Automatique_2002_à_Casablanca_57490909.htm
avito.ma,https://www.avito.ma/fr/route_de_fès/terrains_et_fermes/Hectare_avec_villa_à_vendre_57487695,Hectare avec villa à vendre,3200000,MAD,,Cheval,,,https://www.avito.ma/fr/route_de_fès/terrains_et_fermes/Hectare_avec_villa_à_vendre_57487695.htm
avito.ma,https://www.avito.ma/fr/chefchaouen/voitures_d_occasion/Hyundai_Accent_Chefchaouen_57486363,Hyundai Accent Chefchaouen,96000,MAD,,Cheval,,,https://www.avito.ma/fr/chefchaouen/voitures_d_occasion/Hyundai_Accent_Chefchaouen_57486363.htm
avito.ma,https://www.avito.ma/fr/laâyoune/voitures_d_occasion/Honda_CRV_2008_essence_automatique_full_option_57485330,Honda CRV 2008 essence automatique full option,80000,MAD,,Cheval,,,https://www.avito.ma/fr/laâyoune/voitures_d_occasion/Honda_CRV_2008_essence_automatique_full_option_57485330.htm
avito.ma,https://www.avito.ma/fr/akioud/arts_et_collections/Tableau_décoratif_de_cheval_70_50_57474198,Tableau décoratif de cheval 70/50,3200,MAD,,Cheval,,,https://www.avito.ma/fr/akioud/arts_et_collections/Tableau_décoratif_de_cheval_70_50_57474198.htm
avito.ma,https://www.avito.ma/fr/tilila/voitures_d_occasion/Peugeot_206_Diesel_Dédouanée_2009_57483442,Peugeot 206 Diesel Dédouanée 2009,52000,MAD,,Cheval,,,https://www.avito.ma/fr/tilila/voitures_d_occasion/Peugeot_206_Diesel_Dédouanée_2009_57483442.htm
avito.ma,https://www.avito.ma/fr/autre_secteur/jardin/Pompe_3_chevaux_220V_57471825,Pompe 3 chevaux 220V,1500,MAD,,Cheval,,,https://www.avito.ma/fr/autre_secteur/jardin/Pompe_3_chevaux_220V_57471825.htm
avito.ma,https://www.avito.ma/fr/berrechid/jardin/Moteur_groupe_électrogène_Honda_Robin_57482300,Moteur groupe électrogène Honda Robin,6000,MAD,,Cheval,,,https://www.avito.ma/fr/berrechid/jardin/Moteur_groupe_électrogène_Honda_Robin_57482300.htm
avito.ma,https://www.avito.ma/fr/californie/voitures_d_occasion/Range_Rover_Evoque_24_600_km_57508457,Range Rover Evoque 24 600 km,365000,MAD,,Cheval,,,https://www.avito.ma/fr/californie/voitures_d_occasion/Range_Rover_Evoque_24_600_km_57508457.htm
avito.ma,https://www.avito.ma/fr/autre_secteur/voitures_d_occasion/Ford_Kuga_à_vendre_57480211,Ford Kuga à vendre,278000,MAD,,Cheval,,,https://www.avito.ma/fr/autre_secteur/voitures_d_occasion/Ford_Kuga_à_vendre_57480211.htm
avito.ma,https://www.avito.ma/fr/smaâla/voitures_d_occasion/Vente__Reprise_57479523,Vente/ Reprise,80000,MAD,,Cheval,,,https://www.avito.ma/fr/smaâla/voitures_d_occasion/Vente__Reprise_57479523.htm
avito.ma,https://www.avito.ma/fr/chtouka/voitures_d_occasion/Renault_R19_Diesel_Manuelle_2010_à_Chtouka_57479426,Renault R19 Diesel Manuelle 2010 à Chtouka,41000,MAD,,Cheval,,,https://www.avito.ma/fr/chtouka/voitures_d_occasion/Renault_R19_Diesel_Manuelle_2010_à_Chtouka_57479426.htm
avito.ma,https://www.avito.ma/fr/khemisset/voitures_d_occasion/CITROËN_C4_Pecasso_57478483,CITROËN C4 Pecasso,68000,MAD,,Cheval,,,https://www.avito.ma/fr/khemisset/voitures_d_occasion/CITROËN_C4_Pecasso_57478483.htm
avito.ma,https://www.avito.ma/fr/belvédère/voitures_d_occasion/Toyota_Corolla_2015_57477906,Toyota Corolla 2015,132000,MAD,,Cheval,,,https://www.avito.ma/fr/belvédère/voitures_d_occasion/Toyota_Corolla_2015_57477906.htm
avito.ma,https://www.avito.ma/fr/abattoirs/voitures_d_occasion/bmw_modèle_2016_57477601,bmw modèle 2016,1450000,MAD,,Cheval,,,https://www.avito.ma/fr/abattoirs/voitures_d_occasion/bmw_modèle_2016_57477601.htm
avito.ma,https://www.avito.ma/fr/oulfa/décoration/Casablanca_El_Haj_Fatih_57477444,Casablanca El Haj Fatih,3000,MAD,,Cheval,,,https://www.avito.ma/fr/oulfa/décoration/Casablanca_El_Haj_Fatih_57477444.htm
avito.ma,https://www.avito.ma/fr/bd_moulay_abdellah/voitures_d_occasion/Peugeot_3008_GT_2_0_L_150ch_EAT8_rapports_57446561,Peugeot 3008 GT 2.0 L 150ch EAT8 rapports,317000,MAD,,Cheval,,,https://www.avito.ma/fr/bd_moulay_abdellah/voitures_d_occasion/Peugeot_3008_GT_2_0_L_150ch_EAT8_rapports_57446561.htm
avito.ma,https://www.avito.ma/fr/ben_guerir/voitures_d_occasion/Accent_Hyundai_Mazout_2004_57476750,Accent Hyundai Mazout 2004,40000,MAD,,Cheval,,,https://www.avito.ma/fr/ben_guerir/voitures_d_occasion/Accent_Hyundai_Mazout_2004_57476750.htm
avito.ma,https://www.avito.ma/fr/aïn_chock/voitures_d_occasion/Peugeot_205_Diesel_Manuelle_1985_à_Casablanca_57476685,Peugeot 205 Diesel Manuelle 1985 à Casablanca,29000,MAD,,Cheval,,,https://www.avito.ma/fr/aïn_chock/voitures_d_occasion/Peugeot_205_Diesel_Manuelle_1985_à_Casablanca_57476685.htm
avito.ma,https://www.avito.ma/fr/hay_dakhla/voitures_d_occasion/Volkswagen_Touareg_2012_diesel_57255459,Volkswagen Touareg 2012 diesel,125000,MAD,,Cheval,,,https://www.avito.ma/fr/hay_dakhla/voitures_d_occasion/Volkswagen_Touareg_2012_diesel_57255459.htm
avito.ma,https://www.avito.ma/fr/akioud/arts_et_collections/Tableau_décoratif_de_cheval_70_50_57474198,Tableau décoratif de cheval 70/50,3200,MAD,,Cheval,,,https://www.avito.ma/fr/akioud/arts_et_collections/Tableau_décoratif_de_cheval_70_50_57474198.htm
avito.ma,https://www.avito.ma/fr/akioud/arts_et_collections/Tableau_décoratif_de_cheval_70_50_57474066,Tableau décoratif de cheval 70/50,3200,MAD,,Cheval,,,https://www.avito.ma/fr/akioud/arts_et_collections/Tableau_décoratif_de_cheval_70_50_57474066.htm
avito.ma,https://www.avito.ma/fr/ain_sebaa/voitures_d_occasion/Citroën_C5_md_2003_mazout_8ch_reprise_57473854,Citroën C5 md 2003 mazout 8ch reprise,37000,MAD,,Cheval,,,https://www.avito.ma/fr/ain_sebaa/voitures_d_occasion/Citroën_C5_md_2003_mazout_8ch_reprise_57473854.htm
avito.ma,https://www.avito.ma/fr/settat/voitures_d_occasion/Suzuki_Maruti_57473127,Suzuki Maruti,22000,MAD,,Cheval,,,https://www.avito.ma/fr/settat/voitures_d_occasion/Suzuki_Maruti_57473127.htm
avito.ma,https://www.avito.ma/fr/tan_tan/voitures_d_occasion/Scoda_Fabia_57472112,Scoda Fabia,40000,MAD,,Cheval,,,https://www.avito.ma/fr/tan_tan/voitures_d_occasion/Scoda_Fabia_57472112.htm
avito.ma,https://www.avito.ma/fr/autre_secteur/jardin/Pompe_3_chevaux_220V_57471825,Pompe 3 chevaux 220V,1500,MAD,,Cheval,,,https://www.avito.ma/fr/autre_secteur/jardin/Pompe_3_chevaux_220V_57471825.htm
avito.ma,https://www.avito.ma/fr/autre_secteur/voitures_d_occasion/Audi_Q5_black_édition_tout_option_57470821,Audi Q5 black édition tout option,490000,MAD,,Cheval,,,https://www.avito.ma/fr/autre_secteur/voitures_d_occasion/Audi_Q5_black_édition_tout_option_57470821.htm
avito.ma,https://www.avito.ma/fr/mers_sultan/cordes/Guitare_Cordoba_Electro_classique_57470417,Guitare Cordoba Electro-classique,1300,MAD,,Cheval,,,https://www.avito.ma/fr/mers_sultan/cordes/Guitare_Cordoba_Electro_classique_57470417.htm
avito.ma,https://www.avito.ma/fr/autre_secteur/arts_et_collections/Sacoche_de_selle_pour_cheval_57469866,Sacoche de selle pour cheval,1300,MAD,,Cheval,,,https://www.avito.ma/fr/autre_secteur/arts_et_collections/Sacoche_de_selle_pour_cheval_57469866.htm
avito.ma,https://www.avito.ma/fr/abattoirs/voitures_d_occasion/Volkswagen_Golf_7_Facelift_2_0_TDI_Stage_1_57468411,Volkswagen Golf 7 Facelift 2.0 TDI Stage 1,230000,MAD,,Cheval,,,https://www.avito.ma/fr/abattoirs/voitures_d_occasion/Volkswagen_Golf_7_Facelift_2_0_TDI_Stage_1_57468411.htm
avito.ma,https://www.avito.ma/fr/sidi_yahya_el_gharb/voitures_d_occasion/Dacia_Logan_diesel_6_chevaux_modèle_2011_57468020,Dacia Logan diesel 6 chevaux modèle 2011,47000,MAD,,Cheval,,,https://www.avito.ma/fr/sidi_yahya_el_gharb/voitures_d_occasion/Dacia_Logan_diesel_6_chevaux_modèle_2011_57468020.htm
avito.ma,https://www.avito.ma/fr/2_mars/voitures_d_occasion/Audi_Q5_sportback_40tdi_quattro_diesel_2023_57467973,Audi Q5 sportback 40tdi quattro diesel 2023,840000,MAD,,Cheval,,,https://www.avito.ma/fr/2_mars/voitures_d_occasion/Audi_Q5_sportback_40tdi_quattro_diesel_2023_57467973.htm
avito.ma,https://www.avito.ma/fr/amicales/voitures_d_occasion/Golf_7_5_très_bonne_état_57467955,"Golf 7,5 très bonne état",250000,MAD,,Cheval,,,https://www.avito.ma/fr/amicales/voitures_d_occasion/Golf_7_5_très_bonne_état_57467955.htm
avito.ma,https://www.avito.ma/fr/route_ain_chkaf/voitures_d_occasion/BMW_Série_3___E90_57466669,BMW Série 3 – E90,76000,MAD,,Cheval,,,https://www.avito.ma/fr/route_ain_chkaf/voitures_d_occasion/BMW_Série_3___E90_57466669.htm
avito.ma,https://www.avito.ma/fr/seyad/voitures_d_occasion/Volkswagen_Sharan_édition_spéciale_CUP_56485826,Volkswagen Sharan édition spéciale CUP,240000,MAD,,Cheval,,,https://www.avito.ma/fr/seyad/voitures_d_occasion/Volkswagen_Sharan_édition_spéciale_CUP_56485826.htm
avito.ma,https://www.avito.ma/fr/autre_secteur/voitures_d_occasion/Audi_Q5_black_édition_tout_option_57470821,Audi Q5 black édition tout option,490000,MAD,,Cheval,,,https://www.avito.ma/fr/autre_secteur/voitures_d_occasion/Audi_Q5_black_édition_tout_option_57470821.htm
avito.ma,https://www.avito.ma/fr/mers_sultan/cordes/Guitare_Cordoba_Electro_classique_57470417,Guitare Cordoba Electro-classique,1300,MAD,,Cheval,,,https://www.avito.ma/fr/mers_sultan/cordes/Guitare_Cordoba_Electro_classique_57470417.htm
avito.ma,https://www.avito.ma/fr/abattoirs/voitures_d_occasion/Volkswagen_Golf_7_Facelift_2_0_TDI_Stage_1_57468411,Volkswagen Golf 7 Facelift 2.0 TDI Stage 1,230000,MAD,,Cheval,,,https://www.avito.ma/fr/abattoirs/voitures_d_occasion/Volkswagen_Golf_7_Facelift_2_0_TDI_Stage_1_57468411.htm
avito.ma,https://www.avito.ma/fr/2_mars/voitures_d_occasion/Audi_Q5_sportback_40tdi_quattro_diesel_2023_57467973,Audi Q5 sportback 40tdi quattro diesel 2023,840000,MAD,,Cheval,,,https://www.avito.ma/fr/2_mars/voitures_d_occasion/Audi_Q5_sportback_40tdi_quattro_diesel_2023_57467973.htm
avito.ma,https://www.avito.ma/fr/amicales/voitures_d_occasion/Golf_7_5_très_bonne_état_57467955,"Golf 7,5 très bonne état",250000,MAD,,Cheval,,,https://www.avito.ma/fr/amicales/voitures_d_occasion/Golf_7_5_très_bonne_état_57467955.htm
avito.ma,https://www.avito.ma/fr/route_ain_chkaf/voitures_d_occasion/BMW_Série_3___E90_57466669,BMW Série 3 – E90,76000,MAD,,Cheval,,,https://www.avito.ma/fr/route_ain_chkaf/voitures_d_occasion/BMW_Série_3___E90_57466669.htm
avito.ma,https://www.avito.ma/fr/el_houda/voitures_d_occasion/Volkswagen_Golf_7_Facelift_2_0_TDI_Stage_1_57466619,Volkswagen Golf 7 Facelift 2.0 TDI Stage 1,230000,MAD,,Cheval,,,https://www.avito.ma/fr/el_houda/voitures_d_occasion/Volkswagen_Golf_7_Facelift_2_0_TDI_Stage_1_57466619.htm
avito.ma,https://www.avito.ma/fr/autre_secteur/voitures_d_occasion/Discovery_Automatique_57331276,Discovery Automatique,192000,MAD,,Cheval,,,https://www.avito.ma/fr/autre_secteur/voitures_d_occasion/Discovery_Automatique_57331276.htm
avito.ma,https://www.avito.ma/fr/autre_secteur/voitures_d_occasion/Volkswagen_T_Roc_Diesel_Automatique_2022_57267013,Volkswagen T-Roc Diesel Automatique 2022,258000,MAD,,Cheval,,,https://www.avito.ma/fr/autre_secteur/voitures_d_occasion/Volkswagen_T_Roc_Diesel_Automatique_2022_57267013.htm
avito.ma,https://www.avito.ma/fr/hay_salam/voitures_d_occasion/Volkswagen_Golf_8_GTE___Hybride_Rechargeable_2022_57464090,Volkswagen Golf 8 GTE – Hybride Rechargeable 2022,320000,MAD,,Cheval,,,https://www.avito.ma/fr/hay_salam/voitures_d_occasion/Volkswagen_Golf_8_GTE___Hybride_Rechargeable_2022_57464090.htm
avito.ma,https://www.avito.ma/fr/anza/voitures_d_occasion/PEUGEOT_5008_GT_57463905,PEUGEOT 5008 GT,300000,MAD,,Cheval,,,https://www.avito.ma/fr/anza/voitures_d_occasion/PEUGEOT_5008_GT_57463905.htm
avito.ma,https://www.avito.ma/fr/hay_dakhla/voitures_d_occasion/Ford_KUGA_TITANIUM_à_vendre_57463490,Ford KUGA TITANIUM à vendre,155000,MAD,,Cheval,,,https://www.avito.ma/fr/hay_dakhla/voitures_d_occasion/Ford_KUGA_TITANIUM_à_vendre_57463490.htm
avito.ma,https://www.avito.ma/fr/youssoufia/animaux_de_ferme/Cheval_d_équitation_57427490,Cheval d'équitation,45000,MAD,,Cheval,,,https://www.avito.ma/fr/youssoufia/animaux_de_ferme/Cheval_d_équitation_57427490.htm
avito.ma,https://www.avito.ma/fr/fouarate/voitures_d_occasion/Opel_à_vendre_57463213,Opel à vendre,45000,MAD,,Cheval,,,https://www.avito.ma/fr/fouarate/voitures_d_occasion/Opel_à_vendre_57463213.htm
avito.ma,https://www.avito.ma/fr/route_de_sefrou/camions/DONGFENG_CAPTAIN_W2026_57463126,DONGFENG CAPTAIN W2026,99000,MAD,,Cheval,,,https://www.avito.ma/fr/route_de_sefrou/camions/DONGFENG_CAPTAIN_W2026_57463126.htm
avito.ma,https://www.avito.ma/fr/hay_atlas/voitures_d_occasion/Mercedes_GLA_200_57462994,Mercedes GLA 200,230000,MAD,,Cheval,,,https://www.avito.ma/fr/hay_atlas/voitures_d_occasion/Mercedes_GLA_200_57462994.htm
avito.ma,https://www.avito.ma/fr/autre_secteur/voitures_d_occasion/Dihatsu_Sirion_À_vendre_مزالة_نقية_57462864,Dihatsu Sirion À vendre مزالة نقية,62000,MAD,,Cheval,,,https://www.avito.ma/fr/autre_secteur/voitures_d_occasion/Dihatsu_Sirion_À_vendre_مزالة_نقية_57462864.htm
avito.ma,https://www.avito.ma/fr/yacoub_el_mansour/voitures_d_occasion/Renault_Scenic_à_vendre_57462246,Renault Scenic à vendre,58000,MAD,,Cheval,,,https://www.avito.ma/fr/yacoub_el_mansour/voitures_d_occasion/Renault_Scenic_à_vendre_57462246.htm
avito.ma,https://www.avito.ma/fr/hay_mohammadi/voitures_d_occasion/Kia_Sorento_Diesel_Manuelle_2007_à_Casablanca_57461797,Kia Sorento Diesel Manuelle 2007 à Casablanca,58000,MAD,,Cheval,,,https://www.avito.ma/fr/hay_mohammadi/voitures_d_occasion/Kia_Sorento_Diesel_Manuelle_2007_à_Casablanca_57461797.htm
avito.ma,https://www.avito.ma/fr/sala_el_jadida/voitures_d_occasion/Voiture_propre__Venez_et_roulez__tout_est_payé_57461739,"Voiture propre. Venez et roulez, tout est payé",120000,MAD,,Cheval,,,https://www.avito.ma/fr/sala_el_jadida/voitures_d_occasion/Voiture_propre__Venez_et_roulez__tout_est_payé_57461739.htm
avito.ma,https://www.avito.ma/fr/al_boustane/voitures_d_occasion/Vente_voiture_Fiat_diesel_57461583,Vente voiture Fiat diesel,45000,MAD,,Cheval,,,https://www.avito.ma/fr/al_boustane/voitures_d_occasion/Vente_voiture_Fiat_diesel_57461583.htm
avito.ma,https://www.avito.ma/fr/centre_ville/voitures_d_occasion/Land_Rover_Range_rover_velar_d240s_2019_à_Tanger_57461124,Land Rover Range rover velar d240s 2019 à Tanger,350000,MAD,,Cheval,,,https://www.avito.ma/fr/centre_ville/voitures_d_occasion/Land_Rover_Range_rover_velar_d240s_2019_à_Tanger_57461124.htm
avito.ma,https://www.avito.ma/fr/californie/voitures_d_occasion/Land_Rover_Range_Rover_Evoque_2017_Automatique_57460663,Land Rover Range Rover Evoque 2017 Automatique,250000,MAD,,Cheval,,,https://www.avito.ma/fr/californie/voitures_d_occasion/Land_Rover_Range_Rover_Evoque_2017_Automatique_57460663.htm
avito.ma,https://www.avito.ma/fr/al_hoceima/voitures_d_occasion/Audi_RS3_Sportback_facelift_2025_importée_neuve_57460245,Audi RS3 Sportback facelift 2025 importée neuve,870000,MAD,,Cheval,,,https://www.avito.ma/fr/al_hoceima/voitures_d_occasion/Audi_RS3_Sportback_facelift_2025_importée_neuve_57460245.htm
avito.ma,https://www.avito.ma/fr/hay_salam/voitures_d_occasion/Ford_Kuga_diesel_57459993,Ford Kuga diesel,146000,MAD,,Cheval,,,https://www.avito.ma/fr/hay_salam/voitures_d_occasion/Ford_Kuga_diesel_57459993.htm
avito.ma,https://www.avito.ma/fr/el_qaria/voitures_d_occasion/Mercedes_Benz_220_Diesel_Manuelle_2000_à_Salé_57459666,Mercedes-Benz 220 Diesel Manuelle 2000 à Salé,75000,MAD,,Cheval,,,https://www.avito.ma/fr/el_qaria/voitures_d_occasion/Mercedes_Benz_220_Diesel_Manuelle_2000_à_Salé_57459666.htm
avito.ma,https://www.avito.ma/fr/autre_secteur/voitures_d_occasion/Renault_19_Chamad_57459647,Renault 19 Chamad,30000,MAD,,Cheval,,,https://www.avito.ma/fr/autre_secteur/voitures_d_occasion/Renault_19_Chamad_57459647.htm
avito.ma,https://www.avito.ma/fr/hay_moulay_rachid/fourgon_et_minibus/Ford_Tourneo_modèle_2009_57459180,Ford Tourneo modèle 2009,70000,MAD,,Cheval,,,https://www.avito.ma/fr/hay_moulay_rachid/fourgon_et_minibus/Ford_Tourneo_modèle_2009_57459180.htm
avito.ma,https://www.avito.ma/fr/centre_ville/voitures_d_occasion/Dacia_logan_essence_2022_en_exellente_état_57458702,Dacia logan essence 2022 en exellente état,109000,MAD,,Cheval,,,https://www.avito.ma/fr/centre_ville/voitures_d_occasion/Dacia_logan_essence_2022_en_exellente_état_57458702.htm
avito.ma,https://www.avito.ma/fr/ain_amiyer/voitures_d_occasion/voiture_à_vendre_57458505,voiture à vendre,12700,MAD,,Cheval,,,https://www.avito.ma/fr/ain_amiyer/voitures_d_occasion/voiture_à_vendre_57458505.htm
avito.ma,https://www.avito.ma/fr/el_qaria/voitures_d_occasion/Mercedes_Benz_220_Diesel_Manuelle_2000_à_Salé_57456025,Mercedes-Benz 220 Diesel Manuelle 2000 à Salé,75000,MAD,,Cheval,,,https://www.avito.ma/fr/el_qaria/voitures_d_occasion/Mercedes_Benz_220_Diesel_Manuelle_2000_à_Salé_57456025.htm
avito.ma,https://www.avito.ma/fr/hay_chmaou/voitures_d_occasion/hyndai_tucson_57455918,hyndai tucson,242000,MAD,,Cheval,,,https://www.avito.ma/fr/hay_chmaou/voitures_d_occasion/hyndai_tucson_57455918.htm
avito.ma,https://www.avito.ma/fr/haddad/voitures_d_occasion/Volkswagen_Sharan_57455625,Volkswagen Sharan,110000,MAD,,Cheval,,,https://www.avito.ma/fr/haddad/voitures_d_occasion/Volkswagen_Sharan_57455625.htm
avito.ma,https://www.avito.ma/fr/aïn_chock/voitures_d_occasion/Voiture_Peugeot_208_excellente__toutes_options_57453693,"Voiture Peugeot 208 excellente, toutes options",120000,MAD,,Cheval,,,https://www.avito.ma/fr/aïn_chock/voitures_d_occasion/Voiture_Peugeot_208_excellente__toutes_options_57453693.htm
avito.ma,https://www.avito.ma/fr/dar_dbibagh/voitures_d_occasion/Ford_Kuga_traind_plus_6_chevaux_à_vendre_57399813,Ford Kuga traind plus 6 chevaux à vendre,162000,MAD,,Cheval,,,https://www.avito.ma/fr/dar_dbibagh/voitures_d_occasion/Ford_Kuga_traind_plus_6_chevaux_à_vendre_57399813.htm
avito.ma,https://www.avito.ma/fr/sid_l_mokhtar/voitures_d_occasion/Peugeot_Partner_57453188,Peugeot Partner,52000,MAD,,Cheval,,,https://www.avito.ma/fr/sid_l_mokhtar/voitures_d_occasion/Peugeot_Partner_57453188.htm
avito.ma,https://www.avito.ma/fr/guéliz/voitures_d_occasion/BMW_X5_M_50_D_Exclusive_Line_57195414,BMW X5 M 50 D Exclusive Line,415000,MAD,,Cheval,,,https://www.avito.ma/fr/guéliz/voitures_d_occasion/BMW_X5_M_50_D_Exclusive_Line_57195414.htm
avito.ma,https://www.avito.ma/fr/anfa/voitures_d_occasion/BMW_X5_M50_D_Exclusive_2016_à_Casablanca_57195095,BMW X5 M50 D Exclusive 2016 à Casablanca,415000,MAD,,Cheval,,,https://www.avito.ma/fr/anfa/voitures_d_occasion/BMW_X5_M50_D_Exclusive_2016_à_Casablanca_57195095.htm
avito.ma,https://www.avito.ma/fr/sidi_bernoussi/voitures_d_occasion/R19_chamade_57450460,R19 chamade,31000,MAD,,Cheval,,,https://www.avito.ma/fr/sidi_bernoussi/voitures_d_occasion/R19_chamade_57450460.htm
avito.ma,https://www.avito.ma/fr/el_qaria/animaux_de_ferme/violent_avec_cheval_57396813,violent avec cheval,2800,MAD,,Cheval,,,https://www.avito.ma/fr/el_qaria/animaux_de_ferme/violent_avec_cheval_57396813.htm
avito.ma,https://www.avito.ma/fr/fquih_ben_saleh/voitures_d_occasion/Ford_focus_trend_57448789,Ford focus trend,144000,MAD,,Cheval,,,https://www.avito.ma/fr/fquih_ben_saleh/voitures_d_occasion/Ford_focus_trend_57448789.htm
avito.ma,https://www.avito.ma/fr/hay_riad/voitures_d_occasion/Audi_A5_Diesel_Automatique_2012_à_Rabat_57448253,Audi A5 Diesel Automatique 2012 à Rabat,158000,MAD,,Cheval,,,https://www.avito.ma/fr/hay_riad/voitures_d_occasion/Audi_A5_Diesel_Automatique_2012_à_Rabat_57448253.htm
avito.ma,https://www.avito.ma/fr/malabata/voitures_d_occasion/Volkswagen_Golf_8_R_ESSENCE_53755923,Volkswagen Golf 8 R ESSENCE,420000,MAD,,Cheval,,,https://www.avito.ma/fr/malabata/voitures_d_occasion/Volkswagen_Golf_8_R_ESSENCE_53755923.htm
avito.ma,https://www.avito.ma/fr/dakhla/voitures_d_occasion/Mercedes_classe_E220_CDI_en_bon_état_et_très_économique_57444783,Mercedes classe E220 CDI en bon état et très économique,95000,MAD,,Cheval,,,https://www.avito.ma/fr/dakhla/voitures_d_occasion/Mercedes_classe_E220_CDI_en_bon_état_et_très_économique_57444783.htm
avito.ma,https://www.avito.ma/fr/abouab_sala/autre_matériel_professionel/Groupe_électrogène_57444635,Groupe électrogène,8500,MAD,,Cheval,,,https://www.avito.ma/fr/abouab_sala/autre_matériel_professionel/Groupe_électrogène_57444635.htm
avito.ma,https://www.avito.ma/fr/yacoub_el_mansour/cordes/Violon_4_4_Taille_Entière_57444526,Violon 4/4 Taille Entière,2000,MAD,,Cheval,,,https://www.avito.ma/fr/yacoub_el_mansour/cordes/Violon_4_4_Taille_Entière_57444526.htm
avito.ma,https://www.avito.ma/fr/tilila/voitures_d_occasion/Caddy_2020_en_bon_état_57442290,Caddy 2020 en bon état,160000,MAD,,Cheval,,,https://www.avito.ma/fr/tilila/voitures_d_occasion/Caddy_2020_en_bon_état_57442290.htm
avito.ma,https://www.avito.ma/fr/aviation/voitures_d_occasion/REXTON_À_VENDRE_57441435,REXTON À VENDRE,65000,MAD,,Cheval,,,https://www.avito.ma/fr/aviation/voitures_d_occasion/REXTON_À_VENDRE_57441435.htm
avito.ma,https://www.avito.ma/fr/sidi_yahya_el_gharb/voitures_d_occasion/Dacia_Logan_diesel_6_chevaux_modèle_2011_57387910,Dacia Logan diesel 6 chevaux modèle 2011,50000,MAD,,Cheval,,,https://www.avito.ma/fr/sidi_yahya_el_gharb/voitures_d_occasion/Dacia_Logan_diesel_6_chevaux_modèle_2011_57387910.htm
avito.ma,https://www.avito.ma/fr/bettana/voitures_d_occasion/Stavic_2015_jdiiiiiiiiiiiiida_57440614,Stavic 2015 jdiiiiiiiiiiiiida,89000,MAD,,Cheval,,,https://www.avito.ma/fr/bettana/voitures_d_occasion/Stavic_2015_jdiiiiiiiiiiiiida_57440614.htm
avito.ma,https://www.avito.ma/fr/agadir_oufella/voitures_d_occasion/Audi_RSQ3_Sportback_importée_neuve_en_2023_57412814,Audi RSQ3 Sportback importée neuve en 2023,630000,MAD,,Cheval,,,https://www.avito.ma/fr/agadir_oufella/voitures_d_occasion/Audi_RSQ3_Sportback_importée_neuve_en_2023_57412814.htm
avito.ma,https://www.avito.ma/fr/ben_m_sick/voitures_d_occasion/Fiat_Fiorino_à_Vendre_57437441,Fiat Fiorino à Vendre,105000,MAD,,Cheval,,,https://www.avito.ma/fr/ben_m_sick/voitures_d_occasion/Fiat_Fiorino_à_Vendre_57437441.htm
avito.ma,https://www.avito.ma/fr/administratif/voitures_d_occasion/Mercedes_C220d_Pack_AMG_Plus_2023_Importe_Neuve_57339948,Mercedes C220d Pack AMG Plus 2023 Importe Neuve,665000,MAD,,Cheval,,,https://www.avito.ma/fr/administratif/voitures_d_occasion/Mercedes_C220d_Pack_AMG_Plus_2023_Importe_Neuve_57339948.htm
avito.ma,https://www.avito.ma/fr/route_ain_chkaf/voitures_d_occasion/Voiture_à_vendre_57434590,Voiture à vendre,60000,MAD,,Cheval,,,https://www.avito.ma/fr/route_ain_chkaf/voitures_d_occasion/Voiture_à_vendre_57434590.htm
avito.ma,https://www.avito.ma/fr/el_hajeb/voitures_d_occasion/Hyundai_i40_diesel_7_chevaux_57380245,Hyundai i40 diesel 7 chevaux,130000,MAD,,Cheval,,,https://www.avito.ma/fr/el_hajeb/voitures_d_occasion/Hyundai_i40_diesel_7_chevaux_57380245.htm
avito.ma,https://www.avito.ma/fr/centre_ville/voitures_d_occasion/Range_Rover_Evoque___Mod__2018___Très_bien_équipé_57383795,Range Rover Evoque – Mod. 2018 – Très bien équipé,250000,MAD,,Cheval,,,https://www.avito.ma/fr/centre_ville/voitures_d_occasion/Range_Rover_Evoque___Mod__2018___Très_bien_équipé_57383795.htm
avito.ma,https://www.avito.ma/fr/ain_taoujdate/voitures_d_occasion/Ford_Escort_Essence_Manuelle_1998_à_Ain_Taoujdate_57433109,Ford Escort Essence Manuelle 1998 à Ain Taoujdate,35000,MAD,,Cheval,,,https://www.avito.ma/fr/ain_taoujdate/voitures_d_occasion/Ford_Escort_Essence_Manuelle_1998_à_Ain_Taoujdate_57433109.htm
avito.ma,https://www.avito.ma/fr/guéliz/voitures_d_occasion/Jeep_Compass_Diesel_Manuelle_2021_à_Marrakech_57432880,Jeep Compass Diesel Manuelle 2021 à Marrakech,240000,MAD,,Cheval,,,https://www.avito.ma/fr/guéliz/voitures_d_occasion/Jeep_Compass_Diesel_Manuelle_2021_à_Marrakech_57432880.htm
avito.ma,https://www.avito.ma/fr/hay_moulay_rachid/voitures_d_occasion/Volkswagen_Tiguan_56506997,Volkswagen Tiguan,299000,MAD,,Cheval,,,https://www.avito.ma/fr/hay_moulay_rachid/voitures_d_occasion/Volkswagen_Tiguan_56506997.htm
avito.ma,https://www.avito.ma/fr/draoua/voitures_d_occasion/Lexus_RX300_57431136,Lexus RX300,53000,MAD,,Cheval,,,https://www.avito.ma/fr/draoua/voitures_d_occasion/Lexus_RX300_57431136.htm
avito.ma,https://www.avito.ma/fr/laâyoune/voitures_d_occasion/Volkswagen_Touareg_2013_vignette_2026_payée_57430635,Volkswagen Touareg 2013 vignette 2026 payée,120000,MAD,,Cheval,,,https://www.avito.ma/fr/laâyoune/voitures_d_occasion/Volkswagen_Touareg_2013_vignette_2026_payée_57430635.htm
avito.ma,https://www.avito.ma/fr/aouama_gharbia/matériel_agricole/_Hammer_mill__Molino_Martillos__broyeur_concassur__57429824,(Hammer mill)(Molino Martillos)(broyeur concassur),20000,MAD,,Cheval,,,https://www.avito.ma/fr/aouama_gharbia/matériel_agricole/_Hammer_mill__Molino_Martillos__broyeur_concassur__57429824.htm
avito.ma,https://www.avito.ma/fr/taza/voitures_d_occasion/Mercedes_Benz_220_Diesel_Automatique_2008_à_Taza_57428633,Mercedes-Benz 220 Diesel Automatique 2008 à Taza,135000,MAD,,Cheval,,,https://www.avito.ma/fr/taza/voitures_d_occasion/Mercedes_Benz_220_Diesel_Automatique_2008_à_Taza_57428633.htm
avito.ma,https://www.avito.ma/fr/hay_al_farah/voitures_d_occasion/Audi_A5_Fin_2017_204ch_57428505,Audi A5 Fin 2017 204ch,270000,MAD,,Cheval,,,https://www.avito.ma/fr/hay_al_farah/voitures_d_occasion/Audi_A5_Fin_2017_204ch_57428505.htm
avito.ma,https://www.avito.ma/fr/lyrac/voitures_d_occasion/Dokker_2014_57427912,Dokker 2014,92000,MAD,,Cheval,,,https://www.avito.ma/fr/lyrac/voitures_d_occasion/Dokker_2014_57427912.htm
avito.ma,https://www.avito.ma/fr/youssoufia/animaux_de_ferme/Cheval_d_équitation_57427490,Cheval d'équitation,45000,MAD,,Cheval,,,https://www.avito.ma/fr/youssoufia/animaux_de_ferme/Cheval_d_équitation_57427490.htm
avito.ma,https://www.avito.ma/fr/autre_secteur/voitures_d_occasion/Voiture_Peugeot_208_modèle_2018_57426491,Voiture Peugeot 208 modèle 2018,120000,MAD,,Cheval,,,https://www.avito.ma/fr/autre_secteur/voitures_d_occasion/Voiture_Peugeot_208_modèle_2018_57426491.htm
avito.ma,https://www.avito.ma/fr/hay_chmaou/voitures_d_occasion/chevrolet_camaro_57425794,chevrolet camaro,300000,MAD,,Cheval,,,https://www.avito.ma/fr/hay_chmaou/voitures_d_occasion/chevrolet_camaro_57425794.htm
avito.ma,https://www.avito.ma/fr/maarif/voitures_d_occasion/Jetta_Premium_2_0_TDI_150_BVA_57424929,Jetta Premium 2.0 TDI 150 BVA,210000,MAD,,Cheval,,,https://www.avito.ma/fr/maarif/voitures_d_occasion/Jetta_Premium_2_0_TDI_150_BVA_57424929.htm
avito.ma,https://www.avito.ma/fr/hay_rahma/voitures_d_occasion/Fiat_Uno_Essence_Manuelle_2002_à_Salé_57423819,Fiat Uno Essence Manuelle 2002 à Salé,27000,MAD,,Cheval,,,https://www.avito.ma/fr/hay_rahma/voitures_d_occasion/Fiat_Uno_Essence_Manuelle_2002_à_Salé_57423819.htm
avito.ma,https://www.avito.ma/fr/hay_moulay_rachid_6/voitures_d_occasion/Peugeot_308_modèle_2011_lire_en_bas___57423128,Peugeot 308 modèle 2011 lire en bas👇,80000,MAD,,Cheval,,,https://www.avito.ma/fr/hay_moulay_rachid_6/voitures_d_occasion/Peugeot_308_modèle_2011_lire_en_bas___57423128.htm
avito.ma,https://www.avito.ma/fr/hay_rahma/voitures_d_occasion/Fiat_Uno_Essence_Manuelle_2002_à_Salé_57422504,Fiat Uno Essence Manuelle 2002 à Salé,27000,MAD,,Cheval,,,https://www.avito.ma/fr/hay_rahma/voitures_d_occasion/Fiat_Uno_Essence_Manuelle_2002_à_Salé_57422504.htm
avito.ma,https://www.avito.ma/fr/centre_ville/voitures_d_occasion/BMW_Série_4_2024_420d_Gran_coupé_Pack_M_57420067,BMW Série 4 2024 420d Gran coupé Pack M,620000,MAD,,Cheval,,,https://www.avito.ma/fr/centre_ville/voitures_d_occasion/BMW_Série_4_2024_420d_Gran_coupé_Pack_M_57420067.htm
avito.ma,https://www.avito.ma/fr/salé/voitures_d_occasion/Voiture_située_dans_la_ville_de_Salé_57419916,Voiture située dans la ville de Salé,31000,MAD,,Cheval,,,https://www.avito.ma/fr/salé/voitures_d_occasion/Voiture_située_dans_la_ville_de_Salé_57419916.htm
avito.ma,https://www.avito.ma/fr/oued_fès/voitures_d_occasion/Vente_occasionnelle_57419258,Vente occasionnelle,52000,MAD,,Cheval,,,https://www.avito.ma/fr/oued_fès/voitures_d_occasion/Vente_occasionnelle_57419258.htm
avito.ma,https://www.avito.ma/fr/sidi_youssef_ben_ali/appartements/Résidence_Noha_2_Sidi_Youssef_Ben_Ali_57418875,Résidence Noha 2 Sidi Youssef Ben Ali,60000,MAD,,Cheval,,,https://www.avito.ma/fr/sidi_youssef_ben_ali/appartements/Résidence_Noha_2_Sidi_Youssef_Ben_Ali_57418875.htm
avito.ma,https://www.avito.ma/fr/al_hadiqa/voitures_d_occasion/DACIA_Sandero__STEPWAY___2021__57418367,DACIA Sandero (STEPWAY - 2021),84000,MAD,,Cheval,,,https://www.avito.ma/fr/al_hadiqa/voitures_d_occasion/DACIA_Sandero__STEPWAY___2021__57418367.htm
avito.ma,https://www.avito.ma/fr/al_hadiqa/voitures_d_occasion/Ford_KUGA__Full_Option___2014__57418347,Ford KUGA (Full Option - 2014),145000,MAD,,Cheval,,,https://www.avito.ma/fr/al_hadiqa/voitures_d_occasion/Ford_KUGA__Full_Option___2014__57418347.htm
avito.ma,https://www.avito.ma/fr/centre_ville/voitures_d_occasion/Porsche_Macan_GTS_2023_Full_Black_à_Marrakech_57416743,Porsche Macan GTS 2023 Full Black à Marrakech,950000,MAD,,Cheval,,,https://www.avito.ma/fr/centre_ville/voitures_d_occasion/Porsche_Macan_GTS_2023_Full_Black_à_Marrakech_57416743.htm
avito.ma,https://www.avito.ma/fr/sidi_hajjaj/engins_agricoles/Mini_tracteur_mini_tracteur_57416688,Mini tracteur mini tracteur,45000,MAD,,Cheval,,,https://www.avito.ma/fr/sidi_hajjaj/engins_agricoles/Mini_tracteur_mini_tracteur_57416688.htm
avito.ma,https://www.avito.ma/fr/centre_ville/voitures_d_occasion/Audi_Q5_Sportback_2021_40_tdi_S_line_Quattro_57416336,Audi Q5 Sportback 2021 40 tdi S-line Quattro,700000,MAD,,Cheval,,,https://www.avito.ma/fr/centre_ville/voitures_d_occasion/Audi_Q5_Sportback_2021_40_tdi_S_line_Quattro_57416336.htm
avito.ma,https://www.avito.ma/fr/al_maghrib_al_arabi/voitures_d_occasion/Mitsubishi_57416038,Mitsubishi,95000,MAD,,Cheval,,,https://www.avito.ma/fr/al_maghrib_al_arabi/voitures_d_occasion/Mitsubishi_57416038.htm
avito.ma,https://www.avito.ma/fr/hay_mohammadi/voitures_d_occasion/Maserati_Quattroporte_Possible_Reprise_57415969,Maserati Quattroporte Possible Reprise,250000,MAD,,Cheval,,,https://www.avito.ma/fr/hay_mohammadi/voitures_d_occasion/Maserati_Quattroporte_Possible_Reprise_57415969.htm
avito.ma,https://www.avito.ma/fr/ain_sebaa/voitures_d_occasion/Jeep_Avenger_Hybride_Possible_Reprise_57415934,Jeep Avenger Hybride Possible Reprise,250000,MAD,,Cheval,,,https://www.avito.ma/fr/ain_sebaa/voitures_d_occasion/Jeep_Avenger_Hybride_Possible_Reprise_57415934.htm
avito.ma,https://www.avito.ma/fr/drissia/voitures_d_occasion/Renault_Scenic_Diesel_Manuelle_2013_à_Tanger_57414935,Renault Scenic Diesel Manuelle 2013 à Tanger,145000,MAD,,Cheval,,,https://www.avito.ma/fr/drissia/voitures_d_occasion/Renault_Scenic_Diesel_Manuelle_2013_à_Tanger_57414935.htm
avito.ma,https://www.avito.ma/fr/salé/voitures_d_occasion/Renault_Mégane_4_GT_Line___2018_57414932,Renault Mégane 4 GT Line – 2018,176000,MAD,,Cheval,,,https://www.avito.ma/fr/salé/voitures_d_occasion/Renault_Mégane_4_GT_Line___2018_57414932.htm
avito.ma,https://www.avito.ma/fr/agdal/voitures_d_occasion/Mercedes_AMG_GT63s_E_Performance_2023_à_Rabat_57414475,Mercedes-AMG GT63s E Performance 2023 à Rabat,1950000,MAD,,Cheval,,,https://www.avito.ma/fr/agdal/voitures_d_occasion/Mercedes_AMG_GT63s_E_Performance_2023_à_Rabat_57414475.htm
avito.ma,https://www.avito.ma/fr/hay_chmaou/voitures_d_occasion/DFSk_glory_580_2023_Toutes_options_57413860,DFSk glory 580 2023 Toutes options,165000,MAD,,Cheval,,,https://www.avito.ma/fr/hay_chmaou/voitures_d_occasion/DFSk_glory_580_2023_Toutes_options_57413860.htm
avito.ma,https://www.avito.ma/fr/agadir_oufella/voitures_d_occasion/Audi_RSQ3_Sportback_importée_neuve_en_2023_57412917,Audi RSQ3 Sportback importée neuve en 2023,630000,MAD,,Cheval,,,https://www.avito.ma/fr/agadir_oufella/voitures_d_occasion/Audi_RSQ3_Sportback_importée_neuve_en_2023_57412917.htm
avito.ma,https://www.avito.ma/fr/al_wifaq/voitures_d_occasion/Audi_RSQ3_Sportback_importée_neuve_en_2023_57412915,Audi RSQ3 Sportback importée neuve en 2023,630000,MAD,,Cheval,,,https://www.avito.ma/fr/al_wifaq/voitures_d_occasion/Audi_RSQ3_Sportback_importée_neuve_en_2023_57412915.htm
avito.ma,https://www.avito.ma/fr/hay_riad/voitures_d_occasion/Jeep_Compass_Diesel_Première_Main_57412434,Jeep Compass Diesel Première Main,239999,MAD,,Cheval,,,https://www.avito.ma/fr/hay_riad/voitures_d_occasion/Jeep_Compass_Diesel_Première_Main_57412434.htm
avito.ma,https://www.avito.ma/fr/route_de_ouarzazate/terrains_et_fermes/Ferme_titrée_avec_villa_et_piscine_privé_à_vendre_57412153,Ferme titrée avec villa et piscine privé à vendre,4399998,MAD,,Cheval,,,https://www.avito.ma/fr/route_de_ouarzazate/terrains_et_fermes/Ferme_titrée_avec_villa_et_piscine_privé_à_vendre_57412153.htm
avito.ma,https://www.avito.ma/fr/californie/voitures_d_occasion/Range_Rover_Evoque_24_600_km_57508457,Range Rover Evoque 24 600 km,365000,MAD,,Cheval,,,https://www.avito.ma/fr/californie/voitures_d_occasion/Range_Rover_Evoque_24_600_km_57508457.htm
avito.ma,https://www.avito.ma/fr/sefrou/voitures_d_occasion/Dacia_Duster_Diesel_Manuelle_2012_à_Sefrou_57412132,Dacia Duster Diesel Manuelle 2012 à Sefrou,115000,MAD,,Cheval,,,https://www.avito.ma/fr/sefrou/voitures_d_occasion/Dacia_Duster_Diesel_Manuelle_2012_à_Sefrou_57412132.htm
avito.ma,https://www.avito.ma/fr/afaq/voitures_d_occasion/Jeep_diesel_Land_Rover_Freelander_1__3_portes__57411287,Jeep diesel Land Rover Freelander 1 (3 portes),85000,MAD,,Cheval,,,https://www.avito.ma/fr/afaq/voitures_d_occasion/Jeep_diesel_Land_Rover_Freelander_1__3_portes__57411287.htm
avito.ma,https://www.avito.ma/fr/sidi_abbad/voitures_d_occasion/Volkswagen_caddy_première_main_57410053,Volkswagen caddy première main,170000,MAD,,Cheval,,,https://www.avito.ma/fr/sidi_abbad/voitures_d_occasion/Volkswagen_caddy_première_main_57410053.htm
avito.ma,https://www.avito.ma/fr/ait_melloul/voitures_d_occasion/Mitsubishi_lancer_57409996,Mitsubishi lancer,28000,MAD,,Cheval,,,https://www.avito.ma/fr/ait_melloul/voitures_d_occasion/Mitsubishi_lancer_57409996.htm
avito.ma,https://www.avito.ma/fr/dar_dbibagh/voitures_d_occasion/Ford_Kuga_traind_plus_6_chevaux_à_vendre_57399813,Ford Kuga traind plus 6 chevaux à vendre,162000,MAD,,Cheval,,,https://www.avito.ma/fr/dar_dbibagh/voitures_d_occasion/Ford_Kuga_traind_plus_6_chevaux_à_vendre_57399813.htm
avito.ma,https://www.avito.ma/fr/ancienne_medina/voitures_d_occasion/Citroën_Berlingo_57403155,Citroën Berlingo,70000,MAD,,Cheval,,,https://www.avito.ma/fr/ancienne_medina/voitures_d_occasion/Citroën_Berlingo_57403155.htm
avito.ma,https://www.avito.ma/fr/hay_riad/voitures_d_occasion/Audi_A5_Facelift_177_ch_2012_à_Rabat_57408691,Audi A5 Facelift 177 ch 2012 à Rabat,170000,MAD,,Cheval,,,https://www.avito.ma/fr/hay_riad/voitures_d_occasion/Audi_A5_Facelift_177_ch_2012_à_Rabat_57408691.htm
avito.ma,https://www.avito.ma/fr/centre_ville/voitures_d_occasion/BMW_Série_420d_2024_Gran_Coupé_Pack_M_57407601,BMW Série 420d 2024 Gran Coupé Pack M,620000,MAD,,Cheval,,,https://www.avito.ma/fr/centre_ville/voitures_d_occasion/BMW_Série_420d_2024_Gran_Coupé_Pack_M_57407601.htm
avito.ma,https://www.avito.ma/fr/centre_ville/voitures_d_occasion/Range_Rover_Sport_D350_Autobiography_2023_à_Oujda_57407589,Range Rover Sport D350 Autobiography 2023 à Oujda,1300000,MAD,,Cheval,,,https://www.avito.ma/fr/centre_ville/voitures_d_occasion/Range_Rover_Sport_D350_Autobiography_2023_à_Oujda_57407589.htm
avito.ma,https://www.avito.ma/fr/centre_ville/voitures_d_occasion/Audi_RSQ8_Full_Carbon_05_2020_à_Tanger_57407579,Audi RSQ8 Full Carbon 05/2020 à Tanger,850000,MAD,,Cheval,,,https://www.avito.ma/fr/centre_ville/voitures_d_occasion/Audi_RSQ8_Full_Carbon_05_2020_à_Tanger_57407579.htm
avito.ma,https://www.avito.ma/fr/el_qaria/animaux_de_ferme/violent_avec_cheval_57396813,violent avec cheval,2800,MAD,,Cheval,,,https://www.avito.ma/fr/el_qaria/animaux_de_ferme/violent_avec_cheval_57396813.htm
avito.ma,https://www.avito.ma/fr/hay_mohammadi/voitures_d_occasion/Ford_kuga_07_2013_57381030,Ford kuga 07/2013,1200000,MAD,,Cheval,,,https://www.avito.ma/fr/hay_mohammadi/voitures_d_occasion/Ford_kuga_07_2013_57381030.htm
avito.ma,https://www.avito.ma/fr/centre_ville/voitures_d_occasion/Opel_Corsa_GS_Line___Diesel___Modèle_2022_57405644,Opel Corsa GS Line – Diesel – Modèle 2022,157000,MAD,,Cheval,,,https://www.avito.ma/fr/centre_ville/voitures_d_occasion/Opel_Corsa_GS_Line___Diesel___Modèle_2022_57405644.htm
avito.ma,https://www.avito.ma/fr/centre_ville/voitures_d_occasion/Porsche_Cayenne_2024_E_Hybrid_Coupé_à_Marrakech_57405588,Porsche Cayenne 2024 E-Hybrid Coupé à Marrakech,1300000,MAD,,Cheval,,,https://www.avito.ma/fr/centre_ville/voitures_d_occasion/Porsche_Cayenne_2024_E_Hybrid_Coupé_à_Marrakech_57405588.htm
avito.ma,https://www.avito.ma/fr/aïn_chock/voitures_d_occasion/Jeep_wrangler_57405163,Jeep wrangler,165000,MAD,,Cheval,,,https://www.avito.ma/fr/aïn_chock/voitures_d_occasion/Jeep_wrangler_57405163.htm
avito.ma,https://www.avito.ma/fr/sidi_kacem/voitures_d_occasion/Peugeot_Partner_57404679,Peugeot Partner,48000,MAD,,Cheval,,,https://www.avito.ma/fr/sidi_kacem/voitures_d_occasion/Peugeot_Partner_57404679.htm
avito.ma,https://www.avito.ma/fr/hay_moulay_rachid_6/voitures_d_occasion/Peugeot_308__modèle_2011_Prix_8_57404538,"Peugeot 308, modèle 2011 Prix 8",80000,MAD,,Cheval,,,https://www.avito.ma/fr/hay_moulay_rachid_6/voitures_d_occasion/Peugeot_308__modèle_2011_Prix_8_57404538.htm
avito.ma,https://www.avito.ma/fr/autre_secteur/voitures_d_occasion/Renault_Mégane_4_Soudan_57402557,Renault Mégane 4 Soudan,1600000,MAD,,Cheval,,,https://www.avito.ma/fr/autre_secteur/voitures_d_occasion/Renault_Mégane_4_Soudan_57402557.htm
avito.ma,https://www.avito.ma/fr/belvédère/arts_et_collections/Très_beau_Spectre_de_gondolier_antique_57401660,Très beau Spectre de gondolier antique,1750,MAD,,Cheval,,,https://www.avito.ma/fr/belvédère/arts_et_collections/Très_beau_Spectre_de_gondolier_antique_57401660.htm
avito.ma,https://www.avito.ma/fr/khouribga/voitures_d_occasion/Fiat_Marea_à_vendre_57401162,Fiat Marea à vendre,37000,MAD,,Cheval,,,https://www.avito.ma/fr/khouribga/voitures_d_occasion/Fiat_Marea_à_vendre_57401162.htm
avito.ma,https://www.avito.ma/fr/guelmim/voitures_d_occasion/Peugeot_205_57399884,Peugeot 205,23000,MAD,,Cheval,,,https://www.avito.ma/fr/guelmim/voitures_d_occasion/Peugeot_205_57399884.htm
avito.ma,https://www.avito.ma/fr/sidi_yahya_el_gharb/voitures_d_occasion/Dacia_Logan_diesel_6_chevaux_modèle_2011_57387910,Dacia Logan diesel 6 chevaux modèle 2011,50000,MAD,,Cheval,,,https://www.avito.ma/fr/sidi_yahya_el_gharb/voitures_d_occasion/Dacia_Logan_diesel_6_chevaux_modèle_2011_57387910.htm
avito.ma,https://www.avito.ma/fr/khouribga/voitures_d_occasion/Peugeot_205_Essence_57396866,Peugeot 205 Essence,17000,MAD,,Cheval,,,https://www.avito.ma/fr/khouribga/voitures_d_occasion/Peugeot_205_Essence_57396866.htm
avito.ma,https://www.avito.ma/fr/belvédère/voitures_d_occasion/Chevrolet_Captiva_Diesel_Automatique_2016_57396784,Chevrolet Captiva Diesel Automatique 2016,125000,MAD,,Cheval,,,https://www.avito.ma/fr/belvédère/voitures_d_occasion/Chevrolet_Captiva_Diesel_Automatique_2016_57396784.htm
avito.ma,https://www.avito.ma/fr/saada/voitures_d_occasion/Volkswagen_Caddy_Diesel_Manuelle_2014_à_El_Jadida_57395379,Volkswagen Caddy Diesel Manuelle 2014 à El Jadida,145000,MAD,,Cheval,,,https://www.avito.ma/fr/saada/voitures_d_occasion/Volkswagen_Caddy_Diesel_Manuelle_2014_à_El_Jadida_57395379.htm
avito.ma,https://www.avito.ma/fr/el_houda/voitures_d_occasion/Nissan_Qashqai_1ère_main_57395349,Nissan Qashqai 1ère main,158000,MAD,,Cheval,,,https://www.avito.ma/fr/el_houda/voitures_d_occasion/Nissan_Qashqai_1ère_main_57395349.htm
avito.ma,https://www.avito.ma/fr/autre_secteur/motos/Moto_Cross_300CC_Puissante_6_Vitesses_57266540,Moto Cross 300CC Puissante 6 Vitesses,47000,MAD,,Cheval,,,https://www.avito.ma/fr/autre_secteur/motos/Moto_Cross_300CC_Puissante_6_Vitesses_57266540.htm
avito.ma,https://www.avito.ma/fr/m_hamid/voitures_d_occasion/Clio_1_mazout_57391427,Clio 1 mazout,28000,MAD,,Cheval,,,https://www.avito.ma/fr/m_hamid/voitures_d_occasion/Clio_1_mazout_57391427.htm
avito.ma,https://www.avito.ma/fr/taza/voitures_d_occasion/Mercedes_Benz_220_Diesel_Automatique_2008_à_Taza_57388024,Mercedes-Benz 220 Diesel Automatique 2008 à Taza,145000,MAD,,Cheval,,,https://www.avito.ma/fr/taza/voitures_d_occasion/Mercedes_Benz_220_Diesel_Automatique_2008_à_Taza_57388024.htm
avito.ma,https://www.avito.ma/fr/sidi_yahya_el_gharb/voitures_d_occasion/Dacia_Logan_diesel_6_chevaux_modèle_2011_57387910,Dacia Logan diesel 6 chevaux modèle 2011,50000,MAD,,Cheval,,,https://www.avito.ma/fr/sidi_yahya_el_gharb/voitures_d_occasion/Dacia_Logan_diesel_6_chevaux_modèle_2011_57387910.htm
avito.ma,https://www.avito.ma/fr/youssoufia/voitures_d_occasion/Citroën_C3_Vitamine_57387489,Citroën C3 Vitamine,75000,MAD,,Cheval,,,https://www.avito.ma/fr/youssoufia/voitures_d_occasion/Citroën_C3_Vitamine_57387489.htm
avito.ma,https://www.avito.ma/fr/hay_ennasr/voitures_d_occasion/Mercedes_250D_Prix_négociable_57386788,Mercedes 250D Prix négociable,55000,MAD,,Cheval,,,https://www.avito.ma/fr/hay_ennasr/voitures_d_occasion/Mercedes_250D_Prix_négociable_57386788.htm
avito.ma,https://www.avito.ma/fr/sidi_bernoussi/camions/Tata_camionnette_2022_57386774,Tata camionnette 2022,100000,MAD,,Cheval,,,https://www.avito.ma/fr/sidi_bernoussi/camions/Tata_camionnette_2022_57386774.htm
avito.ma,https://www.avito.ma/fr/centre/voitures_d_occasion/Volkswagen_Tiguan_Diesel_Automatique_2022_à_Fès_57386291,Volkswagen Tiguan Diesel Automatique 2022 à Fès,395000,MAD,,Cheval,,,https://www.avito.ma/fr/centre/voitures_d_occasion/Volkswagen_Tiguan_Diesel_Automatique_2022_à_Fès_57386291.htm
avito.ma,https://www.avito.ma/fr/m_hamid/voitures_d_occasion/Peugeot_206_Plus_Essence_fin_2011_Voiture_propre_57385381,Peugeot 206 Plus Essence fin 2011 Voiture propre,68000,MAD,,Cheval,,,https://www.avito.ma/fr/m_hamid/voitures_d_occasion/Peugeot_206_Plus_Essence_fin_2011_Voiture_propre_57385381.htm
avito.ma,https://www.avito.ma/fr/centre_ville/voitures_d_occasion/Audi_A5_Diesel_Automatique_2011_à_Oujda_57384323,Audi A5 Diesel Automatique 2011 à Oujda,162000,MAD,,Cheval,,,https://www.avito.ma/fr/centre_ville/voitures_d_occasion/Audi_A5_Diesel_Automatique_2011_à_Oujda_57384323.htm
avito.ma,https://www.avito.ma/fr/ain_mezouar/voitures_d_occasion/Ford_Ecosport_Diesel_Manuelle_2022_à_Selouane_57381627,Ford Ecosport Diesel Manuelle 2022 à Selouane,180000,MAD,,Cheval,,,https://www.avito.ma/fr/ain_mezouar/voitures_d_occasion/Ford_Ecosport_Diesel_Manuelle_2022_à_Selouane_57381627.htm
avito.ma,https://www.avito.ma/fr/el_hajeb/voitures_d_occasion/Hyundai_i40_diesel_7_chevaux_57380245,Hyundai i40 diesel 7 chevaux,130000,MAD,,Cheval,,,https://www.avito.ma/fr/el_hajeb/voitures_d_occasion/Hyundai_i40_diesel_7_chevaux_57380245.htm
avito.ma,https://www.avito.ma/fr/les_portes_de_marrakech/voitures_d_occasion/Peugeot_208_Diesel_Manuelle_2016_à_Marrakech_57380167,Peugeot 208 Diesel Manuelle 2016 à Marrakech,98000,MAD,,Cheval,,,https://www.avito.ma/fr/les_portes_de_marrakech/voitures_d_occasion/Peugeot_208_Diesel_Manuelle_2016_à_Marrakech_57380167.htm
avito.ma,https://www.avito.ma/fr/bel_air___val_fleuri/voitures_d_occasion/Pour_les_passionnés_de_voitures_de_sport_BMW_57379463,Pour les passionnés de voitures de sport BMW,39000,MAD,,Cheval,,,https://www.avito.ma/fr/bel_air___val_fleuri/voitures_d_occasion/Pour_les_passionnés_de_voitures_de_sport_BMW_57379463.htm
avito.ma,https://www.avito.ma/fr/salé/animaux_de_ferme/Arabe_Barbe_57378384,Arabe Barbe,30000,MAD,,Cheval,,,https://www.avito.ma/fr/salé/animaux_de_ferme/Arabe_Barbe_57378384.htm
avito.ma,https://www.avito.ma/fr/laâyoune/voitures_d_occasion/Voiture_Dacia_Logan_Essence_modèle_2021_57378086,Voiture Dacia Logan Essence modèle 2021,88000,MAD,,Cheval,,,https://www.avito.ma/fr/laâyoune/voitures_d_occasion/Voiture_Dacia_Logan_Essence_modèle_2021_57378086.htm
avito.ma,https://www.avito.ma/fr/aïn_chock/voitures_d_occasion/Jeep_Cherokee_Longitude_très_bon_état_57377524,Jeep Cherokee Longitude très bon état,155000,MAD,,Cheval,,,https://www.avito.ma/fr/aïn_chock/voitures_d_occasion/Jeep_Cherokee_Longitude_très_bon_état_57377524.htm
avito.ma,https://www.avito.ma/fr/sidi_bernoussi/matériel_agricole/Motoculture_57377284,Motoculture,25000,MAD,,Cheval,,,https://www.avito.ma/fr/sidi_bernoussi/matériel_agricole/Motoculture_57377284.htm
avito.ma,https://www.avito.ma/fr/al_fida/voitures_d_occasion/Bonjour__j_ai_une_Renault_Scenic_encore_propre_57375051,"Bonjour, j'ai une Renault Scenic encore propre",62000,MAD,,Cheval,,,https://www.avito.ma/fr/al_fida/voitures_d_occasion/Bonjour__j_ai_une_Renault_Scenic_encore_propre_57375051.htm
avito.ma,https://www.avito.ma/fr/dar_el_lhamra/voitures_d_occasion/Renault_Megane_Diesel_Manuelle_2004_à_Salé_57374554,Renault Megane Diesel Manuelle 2004 à Salé,68000,MAD,,Cheval,,,https://www.avito.ma/fr/dar_el_lhamra/voitures_d_occasion/Renault_Megane_Diesel_Manuelle_2004_à_Salé_57374554.htm
avito.ma,https://www.avito.ma/fr/hay_salam/voitures_d_occasion/Peugeot_301_57373878,Peugeot 301,100000,MAD,,Cheval,,,https://www.avito.ma/fr/hay_salam/voitures_d_occasion/Peugeot_301_57373878.htm
avito.ma,https://www.avito.ma/fr/ahlane/voitures_d_occasion/Renault_Clio_Diesel_Manuelle_2022_à_Tanger_57372579,Renault Clio Diesel Manuelle 2022 à Tanger,185000,MAD,,Cheval,,,https://www.avito.ma/fr/ahlane/voitures_d_occasion/Renault_Clio_Diesel_Manuelle_2022_à_Tanger_57372579.htm
avito.ma,https://www.avito.ma/fr/targa/voitures_d_occasion/Mercedes_GLK_57371877,Mercedes GLK,180000,MAD,,Cheval,,,https://www.avito.ma/fr/targa/voitures_d_occasion/Mercedes_GLK_57371877.htm
avito.ma,https://www.avito.ma/fr/berrechid/chambre/Poney_pour_chambre_enfant_57371670,Poney pour chambre enfant,200,MAD,,Cheval,,,https://www.avito.ma/fr/berrechid/chambre/Poney_pour_chambre_enfant_57371670.htm
avito.ma,https://www.avito.ma/fr/2_mars/voitures_d_occasion/Volvo_s90_d4_sur_autoroute_57371281,Volvo s90 d4 sur autoroute,220000,MAD,,Cheval,,,https://www.avito.ma/fr/2_mars/voitures_d_occasion/Volvo_s90_d4_sur_autoroute_57371281.htm
avito.ma,https://www.avito.ma/fr/berrechid/voitures_d_occasion/Bonne_voiture_à_vendre_57366270,Bonne voiture à vendre,19000,MAD,,Cheval,,,https://www.avito.ma/fr/berrechid/voitures_d_occasion/Bonne_voiture_à_vendre_57366270.htm
avito.ma,https://www.avito.ma/fr/guéliz/voitures_d_occasion/Mercedes_Benz_AMG_GT_Essence_Automatique_2017_57328424,Mercedes-Benz AMG GT Essence Automatique 2017,549999,MAD,,Cheval,,,https://www.avito.ma/fr/guéliz/voitures_d_occasion/Mercedes_Benz_AMG_GT_Essence_Automatique_2017_57328424.htm
avito.ma,https://www.avito.ma/fr/tilila/voitures_d_occasion/Hyundai_Tucson_Diesel_Automatique_2016_à_Agadir_57364174,Hyundai Tucson Diesel Automatique 2016 à Agadir,195000,MAD,,Cheval,,,https://www.avito.ma/fr/tilila/voitures_d_occasion/Hyundai_Tucson_Diesel_Automatique_2016_à_Agadir_57364174.htm
avito.ma,https://www.avito.ma/fr/californie/voitures_d_occasion/Range_Rover_Evoque_24_600_km_57508457,Range Rover Evoque 24 600 km,365000,MAD,,Cheval,,,https://www.avito.ma/fr/californie/voitures_d_occasion/Range_Rover_Evoque_24_600_km_57508457.htm
avito.ma,https://www.avito.ma/fr/hay_riad/voitures_d_occasion/DFSK_Glory_IX5_Essence_Automatique_2022_à_Rabat_57364101,DFSK Glory IX5 Essence Automatique 2022 à Rabat,165000,MAD,,Cheval,,,https://www.avito.ma/fr/hay_riad/voitures_d_occasion/DFSK_Glory_IX5_Essence_Automatique_2022_à_Rabat_57364101.htm
avito.ma,https://www.avito.ma/fr/hay_riad/voitures_d_occasion/DFSK_Glory_IX5_Essence_Automatique_2022_à_Rabat_57364100,DFSK Glory IX5 Essence Automatique 2022 à Rabat,165000,MAD,,Cheval,,,https://www.avito.ma/fr/hay_riad/voitures_d_occasion/DFSK_Glory_IX5_Essence_Automatique_2022_à_Rabat_57364100.htm
avito.ma,https://www.avito.ma/fr/maghreb_arabi/voitures_d_occasion/Mitsubishi_Lancer_Essence_Manuelle_2009_à_Temara_57363025,Mitsubishi Lancer Essence Manuelle 2009 à Temara,58000,MAD,,Cheval,,,https://www.avito.ma/fr/maghreb_arabi/voitures_d_occasion/Mitsubishi_Lancer_Essence_Manuelle_2009_à_Temara_57363025.htm
avito.ma,https://www.avito.ma/fr/hay_riad/jouets/Table_d_activité_bilingue_VTech_57362144,Table d'activité bilingue VTech,300,MAD,,Cheval,,,https://www.avito.ma/fr/hay_riad/jouets/Table_d_activité_bilingue_VTech_57362144.htm
avito.ma,https://www.avito.ma/fr/hay_riad/jouets/Cheval_VTech_57362137,Cheval VTech,300,MAD,,Cheval,,,https://www.avito.ma/fr/hay_riad/jouets/Cheval_VTech_57362137.htm
avito.ma,https://www.avito.ma/fr/centre_ville/voitures_d_occasion/Ford_comme_neuve_zero_peinture_reprise_ok_57361883,Ford comme neuve zero peinture reprise ok,125000,MAD,,Cheval,,,https://www.avito.ma/fr/centre_ville/voitures_d_occasion/Ford_comme_neuve_zero_peinture_reprise_ok_57361883.htm
avito.ma,https://www.avito.ma/fr/el_alia/voitures_d_occasion/Voiture_propre__HD_57361468,Voiture propre. HD,45000,MAD,,Cheval,,,https://www.avito.ma/fr/el_alia/voitures_d_occasion/Voiture_propre__HD_57361468.htm
avito.ma,https://www.avito.ma/fr/berrechid/voitures_d_occasion/Volkswagen_Golf_4_Diesel_Manuelle_2001_à_Berrechid_57361145,Volkswagen Golf 4 Diesel Manuelle 2001 à Berrechid,80000,MAD,,Cheval,,,https://www.avito.ma/fr/berrechid/voitures_d_occasion/Volkswagen_Golf_4_Diesel_Manuelle_2001_à_Berrechid_57361145.htm
avito.ma,https://www.avito.ma/fr/autre_secteur/voitures_d_occasion/Mégane_3_gtline_2016_57361043,Mégane 3 gtline 2016,135000,MAD,,Cheval,,,https://www.avito.ma/fr/autre_secteur/voitures_d_occasion/Mégane_3_gtline_2016_57361043.htm
avito.ma,https://www.avito.ma/fr/riad_isli/remorques_et_caravanes/Van_à_chevaux_57360329,Van à chevaux,15000,MAD,,Cheval,,,https://www.avito.ma/fr/riad_isli/remorques_et_caravanes/Van_à_chevaux_57360329.htm
avito.ma,https://www.avito.ma/fr/sidi_moumen/voitures_d_occasion/Peugeot_308_version_active_57360313,Peugeot 308 version active,135000,MAD,,Cheval,,,https://www.avito.ma/fr/sidi_moumen/voitures_d_occasion/Peugeot_308_version_active_57360313.htm
avito.ma,https://www.avito.ma/fr/tamesna/voitures_d_occasion/Golf_Polo_diesel_à_vendre_en_bon_état_57359634,Golf Polo diesel à vendre en bon état,36000,MAD,,Cheval,,,https://www.avito.ma/fr/tamesna/voitures_d_occasion/Golf_Polo_diesel_à_vendre_en_bon_état_57359634.htm
avito.ma,https://www.avito.ma/fr/branes_2/voitures_d_occasion/X6_M_COMPÉTITION_LARTE_DESIGN_57248982,X6 M COMPÉTITION LARTE DESIGN,1350000,MAD,,Cheval,,,https://www.avito.ma/fr/branes_2/voitures_d_occasion/X6_M_COMPÉTITION_LARTE_DESIGN_57248982.htm
avito.ma,https://www.avito.ma/fr/taza/voitures_d_occasion/Volkswagen_Jetta_Diesel_Manuelle_ville_TAZA_57357486,Volkswagen Jetta Diesel Manuelle ville TAZA,40000,MAD,,Cheval,,,https://www.avito.ma/fr/taza/voitures_d_occasion/Volkswagen_Jetta_Diesel_Manuelle_ville_TAZA_57357486.htm
avito.ma,https://www.avito.ma/fr/tafraout/voitures_d_occasion/Cady_modèle_2009_d_2012_57355798,Cady modèle 2009 d 2012,112000,MAD,,Cheval,,,https://www.avito.ma/fr/tafraout/voitures_d_occasion/Cady_modèle_2009_d_2012_57355798.htm
avito.ma,https://www.avito.ma/fr/abbadi/voitures_d_occasion/Citroën_essence_C_Elysée_57355757,Citroën essence C-Elysée,70000,MAD,,Cheval,,,https://www.avito.ma/fr/abbadi/voitures_d_occasion/Citroën_essence_C_Elysée_57355757.htm
avito.ma,https://www.avito.ma/fr/autre_secteur/autre_matériel_professionel/REGINI_MLI7A_57350033,REGINI MLI7A,35000,MAD,,Cheval,,,https://www.avito.ma/fr/autre_secteur/autre_matériel_professionel/REGINI_MLI7A_57350033.htm
avito.ma,https://www.avito.ma/fr/route_d_el_jadida/animaux_de_ferme/Cheval_barbe_arabe_à_vendre_57354776,Cheval barbe arabe à vendre,60000,MAD,,Cheval,,,https://www.avito.ma/fr/route_d_el_jadida/animaux_de_ferme/Cheval_barbe_arabe_à_vendre_57354776.htm
avito.ma,https://www.avito.ma/fr/tan_tan/voitures_d_occasion/Kia_Picanto_57350374,Kia Picanto,63000,MAD,,Cheval,,,https://www.avito.ma/fr/tan_tan/voitures_d_occasion/Kia_Picanto_57350374.htm
avito.ma,https://www.avito.ma/fr/annakhil/voitures_d_occasion/RSQ3_mod_23_ded_25_57236279,RSQ3 mod 23 ded 25,690000,MAD,,Cheval,,,https://www.avito.ma/fr/annakhil/voitures_d_occasion/RSQ3_mod_23_ded_25_57236279.htm
avito.ma,https://www.avito.ma/fr/dakhla/bateaux/moteur_hors_bord_57349303,moteur hors-bord,3000,MAD,,Cheval,,,https://www.avito.ma/fr/dakhla/bateaux/moteur_hors_bord_57349303.htm
avito.ma,https://www.avito.ma/fr/la_hacienda/voitures_d_occasion/Mercedes_Benz_Classe_A180_Diesel_Automatique_2014_57348524,Mercedes-Benz Classe A180 Diesel Automatique 2014,165000,MAD,,Cheval,,,https://www.avito.ma/fr/la_hacienda/voitures_d_occasion/Mercedes_Benz_Classe_A180_Diesel_Automatique_2014_57348524.htm
avito.ma,https://www.avito.ma/fr/sidi_bernoussi/voitures_d_occasion/Renault_Megane_Sedan_Authentic_2022_57278761,Renault Megane Sedan Authentic 2022,190000,MAD,,Cheval,,,https://www.avito.ma/fr/sidi_bernoussi/voitures_d_occasion/Renault_Megane_Sedan_Authentic_2022_57278761.htm
avito.ma,https://www.avito.ma/fr/agdal/produits_de_beauté/PERRUQUE_CASQUETTE_QUEUE_DE_CHEVAL_HAUTE_57346100,PERRUQUE CASQUETTE QUEUE DE CHEVAL HAUTE,150,MAD,,Cheval,,,https://www.avito.ma/fr/agdal/produits_de_beauté/PERRUQUE_CASQUETTE_QUEUE_DE_CHEVAL_HAUTE_57346100.htm
avito.ma,https://www.avito.ma/fr/autre_secteur/animaux_domestique/Environs_de_Ben_Slimane_57345933,Environs de Ben Slimane,35000,MAD,,Cheval,,,https://www.avito.ma/fr/autre_secteur/animaux_domestique/Environs_de_Ben_Slimane_57345933.htm
avito.ma,https://www.avito.ma/fr/guelmim/voitures_d_occasion/Dacia_Sandero_Diesel_Manuelle_2020_à_Guelmim_57344398,Dacia Sandero Diesel Manuelle 2020 à Guelmim,135000,MAD,,Cheval,,,https://www.avito.ma/fr/guelmim/voitures_d_occasion/Dacia_Sandero_Diesel_Manuelle_2020_à_Guelmim_57344398.htm
avito.ma,https://www.avito.ma/fr/autre_secteur/jardin/Pompe_3_chevaux_220V_57343754,Pompe 3 chevaux 220V,1450,MAD,,Cheval,,,https://www.avito.ma/fr/autre_secteur/jardin/Pompe_3_chevaux_220V_57343754.htm
avito.ma,https://www.avito.ma/fr/autre_secteur/voitures_d_occasion/Golf_Polo_2007_57343570,Golf Polo 2007,76000,MAD,,Cheval,,,https://www.avito.ma/fr/autre_secteur/voitures_d_occasion/Golf_Polo_2007_57343570.htm
avito.ma,https://www.avito.ma/fr/chichaoua/terrains_et_fermes/Ferme_à_vendre_6_hectares_avec_puits_de_1_mètre_de_large_et_cour_57343102,Ferme à vendre 6 hectares avec puits de 1 mètre de large et cour,650000,MAD,,Cheval,,,https://www.avito.ma/fr/chichaoua/terrains_et_fermes/Ferme_à_vendre_6_hectares_avec_puits_de_1_mètre_de_large_et_cour_57343102.htm
avito.ma,https://www.avito.ma/fr/larache/voitures_d_occasion/Renault_Arkana_1_6_e_tech_145_chevaux_57342253,"Renault Arkana 1,6 e tech 145 chevaux",195000,MAD,,Cheval,,,https://www.avito.ma/fr/larache/voitures_d_occasion/Renault_Arkana_1_6_e_tech_145_chevaux_57342253.htm
avito.ma,https://www.avito.ma/fr/essalam/voitures_d_occasion/Hay_Salam_Dakhla_57342073,Hay Salam Dakhla,97000,MAD,,Cheval,,,https://www.avito.ma/fr/essalam/voitures_d_occasion/Hay_Salam_Dakhla_57342073.htm
avito.ma,https://www.avito.ma/fr/tinghir/voitures_d_occasion/Voiture_à_vendre_57341797,Voiture à vendre,65000,MAD,,Cheval,,,https://www.avito.ma/fr/tinghir/voitures_d_occasion/Voiture_à_vendre_57341797.htm
avito.ma,https://www.avito.ma/fr/seyad/voitures_d_occasion/Volkswagen_Sharan_édition_spéciale_CUP_56485826,Volkswagen Sharan édition spéciale CUP,240000,MAD,,Cheval,,,https://www.avito.ma/fr/seyad/voitures_d_occasion/Volkswagen_Sharan_édition_spéciale_CUP_56485826.htm
avito.ma,https://www.avito.ma/fr/sidi_bernoussi/voitures_d_occasion/Renault_Megane_Sedan_Authentic_2022_57278761,Renault Megane Sedan Authentic 2022,190000,MAD,,Cheval,,,https://www.avito.ma/fr/sidi_bernoussi/voitures_d_occasion/Renault_Megane_Sedan_Authentic_2022_57278761.htm
avito.ma,https://www.avito.ma/fr/autre_secteur/animaux_de_ferme/Selles_de_chevaux_57292600,Selles de chevaux,2500,MAD,,Cheval,,,https://www.avito.ma/fr/autre_secteur/animaux_de_ferme/Selles_de_chevaux_57292600.htm
avito.ma,https://www.avito.ma/fr/autre_secteur/animaux_domestique/Environs_de_Ben_Slimane_57345933,Environs de Ben Slimane,35000,MAD,,Cheval,,,https://www.avito.ma/fr/autre_secteur/animaux_domestique/Environs_de_Ben_Slimane_57345933.htm
avito.ma,https://www.avito.ma/fr/guelmim/voitures_d_occasion/Dacia_Sandero_Diesel_Manuelle_2020_à_Guelmim_57344398,Dacia Sandero Diesel Manuelle 2020 à Guelmim,135000,MAD,,Cheval,,,https://www.avito.ma/fr/guelmim/voitures_d_occasion/Dacia_Sandero_Diesel_Manuelle_2020_à_Guelmim_57344398.htm
avito.ma,https://www.avito.ma/fr/autre_secteur/voitures_d_occasion/Golf_Polo_2007_57343570,Golf Polo 2007,76000,MAD,,Cheval,,,https://www.avito.ma/fr/autre_secteur/voitures_d_occasion/Golf_Polo_2007_57343570.htm
avito.ma,https://www.avito.ma/fr/chichaoua/terrains_et_fermes/Ferme_à_vendre_6_hectares_avec_puits_de_1_mètre_de_large_et_cour_57343102,Ferme à vendre 6 hectares avec puits de 1 mètre de large et cour,650000,MAD,,Cheval,,,https://www.avito.ma/fr/chichaoua/terrains_et_fermes/Ferme_à_vendre_6_hectares_avec_puits_de_1_mètre_de_large_et_cour_57343102.htm
avito.ma,https://www.avito.ma/fr/essalam/voitures_d_occasion/Hay_Salam_Dakhla_57342073,Hay Salam Dakhla,97000,MAD,,Cheval,,,https://www.avito.ma/fr/essalam/voitures_d_occasion/Hay_Salam_Dakhla_57342073.htm
avito.ma,https://www.avito.ma/fr/tinghir/voitures_d_occasion/Voiture_à_vendre_57341797,Voiture à vendre,65000,MAD,,Cheval,,,https://www.avito.ma/fr/tinghir/voitures_d_occasion/Voiture_à_vendre_57341797.htm
avito.ma,https://www.avito.ma/fr/bourgogne/voitures_d_occasion/volkswagen_jetta_57341355,volkswagen jetta,175000,MAD,,Cheval,,,https://www.avito.ma/fr/bourgogne/voitures_d_occasion/volkswagen_jetta_57341355.htm
avito.ma,https://www.avito.ma/fr/oasis/jouets/Cheval_à_bascule_57285612,Cheval à bascule,600,MAD,,Cheval,,,https://www.avito.ma/fr/oasis/jouets/Cheval_à_bascule_57285612.htm
avito.ma,https://www.avito.ma/fr/midelt/voitures_d_occasion/SEAT_Ateca_2022___Diesel_Automatique___Douane_2025_57315336,SEAT Ateca 2022 – Diesel Automatique – Douane 2025,295000,MAD,,Cheval,,,https://www.avito.ma/fr/midelt/voitures_d_occasion/SEAT_Ateca_2022___Diesel_Automatique___Douane_2025_57315336.htm
avito.ma,https://www.avito.ma/fr/tamesna/voitures_d_occasion/Fiat_Punto_Essence_Manuelle_2012_à_Tamesna_57339647,Fiat Punto Essence Manuelle 2012 à Tamesna,45000,MAD,,Cheval,,,https://www.avito.ma/fr/tamesna/voitures_d_occasion/Fiat_Punto_Essence_Manuelle_2012_à_Tamesna_57339647.htm
avito.ma,https://www.avito.ma/fr/sidi_moumen/voitures_d_occasion/Fiat_Siena_57339279,Fiat Siena,28000,MAD,,Cheval,,,https://www.avito.ma/fr/sidi_moumen/voitures_d_occasion/Fiat_Siena_57339279.htm
avito.ma,https://www.avito.ma/fr/autre_secteur/voitures_d_occasion/Dihatsu_Sirion_مزالة_نقية_57337257,Dihatsu Sirion مزالة نقية,62000,MAD,,Cheval,,,https://www.avito.ma/fr/autre_secteur/voitures_d_occasion/Dihatsu_Sirion_مزالة_نقية_57337257.htm
avito.ma,https://www.avito.ma/fr/sidi_bernoussi/voitures_d_occasion/Citroen_c5_automatique_57335371,Citroen c5 automatique,78000,MAD,,Cheval,,,https://www.avito.ma/fr/sidi_bernoussi/voitures_d_occasion/Citroen_c5_automatique_57335371.htm
avito.ma,https://www.avito.ma/fr/aakkari/voitures_d_occasion/Peugeot_107_akkari_Rabat_57334759,Peugeot 107 akkari Rabat,75000,MAD,,Cheval,,,https://www.avito.ma/fr/aakkari/voitures_d_occasion/Peugeot_107_akkari_Rabat_57334759.htm
avito.ma,https://www.avito.ma/fr/route_de_ouarzazate/voitures_d_occasion/Kia_Cerato_57333632,Kia Cerato,50000,MAD,,Cheval,,,https://www.avito.ma/fr/route_de_ouarzazate/voitures_d_occasion/Kia_Cerato_57333632.htm
avito.ma,https://www.avito.ma/fr/ain_sebaa/voitures_d_occasion/Golf_7_à_vendre_57332832,Golf 7 à vendre,188000,MAD,,Cheval,,,https://www.avito.ma/fr/ain_sebaa/voitures_d_occasion/Golf_7_à_vendre_57332832.htm
avito.ma,https://www.avito.ma/fr/bettana/voitures_d_occasion/Peugeot_Bernier_en_bon_état__diesel__7_chevaux__modèle_de_la_machine__tout_est_neuf_57276199,"Peugeot Bernier en bon état, diesel, 7 chevaux, modèle de la machine, tout est neuf",52000,MAD,,Cheval,,,https://www.avito.ma/fr/bettana/voitures_d_occasion/Peugeot_Bernier_en_bon_état__diesel__7_chevaux__modèle_de_la_machine__tout_est_neuf_57276199.htm
avito.ma,https://www.avito.ma/fr/bournazil/voitures_d_occasion/Volkswagen_golf_7_Rline_2014_d_2019_57330878,Volkswagen golf 7 Rline 2014 d 2019,200000,MAD,,Cheval,,,https://www.avito.ma/fr/bournazil/voitures_d_occasion/Volkswagen_golf_7_Rline_2014_d_2019_57330878.htm
avito.ma,https://www.avito.ma/fr/centre_ville/voitures_d_occasion/Skoda_propre_modèle_2015__6_chevaux_57275000,"Skoda propre modèle 2015, 6 chevaux",155000,MAD,,Cheval,,,https://www.avito.ma/fr/centre_ville/voitures_d_occasion/Skoda_propre_modèle_2015__6_chevaux_57275000.htm
avito.ma,https://www.avito.ma/fr/sidi_ghanem/voitures_d_occasion/BMW_650i_Cabriolet___V8_4_8L_367ch_57330136,BMW 650i Cabriolet - V8 4.8L 367ch,247500,MAD,,Cheval,,,https://www.avito.ma/fr/sidi_ghanem/voitures_d_occasion/BMW_650i_Cabriolet___V8_4_8L_367ch_57330136.htm
avito.ma,https://www.avito.ma/fr/el_bassatine/voitures_d_occasion/Ford_Focus_Diesel_7_chevaux_57273093,Ford Focus Diesel 7 chevaux,50000,MAD,,Cheval,,,https://www.avito.ma/fr/el_bassatine/voitures_d_occasion/Ford_Focus_Diesel_7_chevaux_57273093.htm
avito.ma,https://www.avito.ma/fr/ain_harrouda/voitures_d_occasion/DACIA_LOGAN_2020_57327125,DACIA LOGAN 2020,88000,MAD,,Cheval,,,https://www.avito.ma/fr/ain_harrouda/voitures_d_occasion/DACIA_LOGAN_2020_57327125.htm
avito.ma,https://www.avito.ma/fr/maarif/voitures_d_occasion/Ford_Mustang_EcoBoost_Premium_2_3L_2018_57325834,Ford Mustang EcoBoost Premium 2.3L 2018,285000,MAD,,Cheval,,,https://www.avito.ma/fr/maarif/voitures_d_occasion/Ford_Mustang_EcoBoost_Premium_2_3L_2018_57325834.htm
avito.ma,https://www.avito.ma/fr/sebt_gzoula/voitures_d_occasion/Opel_Astra_Break_6_chevaux_57269241,Opel Astra Break 6 chevaux,58000,MAD,,Cheval,,,https://www.avito.ma/fr/sebt_gzoula/voitures_d_occasion/Opel_Astra_Break_6_chevaux_57269241.htm
avito.ma,https://www.avito.ma/fr/agdal/voitures_d_occasion/Tiguan_Allspace_2019_2019_dd2022_57323794,Tiguan Allspace 2019 2019 dd2022,315000,MAD,,Cheval,,,https://www.avito.ma/fr/agdal/voitures_d_occasion/Tiguan_Allspace_2019_2019_dd2022_57323794.htm
avito.ma,https://www.avito.ma/fr/lissasfa/voitures_d_occasion/Audi_Q3_57323369,Audi Q3,450000,MAD,,Cheval,,,https://www.avito.ma/fr/lissasfa/voitures_d_occasion/Audi_Q3_57323369.htm
avito.ma,https://www.avito.ma/fr/autre_secteur/motos/Moto_Cross_300CC_Puissante_6_Vitesses_57266540,Moto Cross 300CC Puissante 6 Vitesses,47000,MAD,,Cheval,,,https://www.avito.ma/fr/autre_secteur/motos/Moto_Cross_300CC_Puissante_6_Vitesses_57266540.htm
avito.ma,https://www.avito.ma/fr/allal_el_fassi/voitures_d_occasion/GWM_POER_2_0L_170_CH_À_SAISIR_57423308,GWM POER 2.0L 170 CH À SAISIR,255000,MAD,,Cheval,,,https://www.avito.ma/fr/allal_el_fassi/voitures_d_occasion/GWM_POER_2_0L_170_CH_À_SAISIR_57423308.htm
avito.ma,https://www.avito.ma/fr/afaq/voitures_d_occasion/Seat_Leon_Mazout_Modèle_2011_57317889,Seat Leon Mazout Modèle 2011,60000,MAD,,Cheval,,,https://www.avito.ma/fr/afaq/voitures_d_occasion/Seat_Leon_Mazout_Modèle_2011_57317889.htm
avito.ma,https://www.avito.ma/fr/route_de_tamansourt/voitures_d_occasion/Hyundai_57321314,Hyundai,72000,MAD,,Cheval,,,https://www.avito.ma/fr/route_de_tamansourt/voitures_d_occasion/Hyundai_57321314.htm
avito.ma,https://www.avito.ma/fr/bettana/voitures_d_occasion/Ford_mondeo__2002_dwn_2011_57317500,Ford mondeo. 2002 dwn 2011,63000,MAD,,Cheval,,,https://www.avito.ma/fr/bettana/voitures_d_occasion/Ford_mondeo__2002_dwn_2011_57317500.htm
avito.ma,https://www.avito.ma/fr/centre_ville/voitures_d_occasion/Audi_A3_berline___Sline___57317155,Audi A3 berline ( Sline ),260000,MAD,,Cheval,,,https://www.avito.ma/fr/centre_ville/voitures_d_occasion/Audi_A3_berline___Sline___57317155.htm
avito.ma,https://www.avito.ma/fr/tan_tan/voitures_d_occasion/Fiat_Palio_57316450,Fiat Palio,30000,MAD,,Cheval,,,https://www.avito.ma/fr/tan_tan/voitures_d_occasion/Fiat_Palio_57316450.htm
avito.ma,https://www.avito.ma/fr/californie/voitures_d_occasion/BMW_SERIE_420d_coupé__sport_line_plus_57315119,BMW SERIE 420d coupé- sport line plus,240000,MAD,,Cheval,,,https://www.avito.ma/fr/californie/voitures_d_occasion/BMW_SERIE_420d_coupé__sport_line_plus_57315119.htm
avito.ma,https://www.avito.ma/fr/autre_secteur/voitures_d_occasion/Alfa_Roméo_voiture_sportif_57314534,Alfa Roméo voiture sportif,80000,MAD,,Cheval,,,https://www.avito.ma/fr/autre_secteur/voitures_d_occasion/Alfa_Roméo_voiture_sportif_57314534.htm
avito.ma,https://www.avito.ma/fr/guéliz/voitures_d_occasion/Porsche_Macan_Diesel_Automatique_2022_à_Marrakech_57313624,Porsche Macan Diesel Automatique 2022 à Marrakech,690000,MAD,,Cheval,,,https://www.avito.ma/fr/guéliz/voitures_d_occasion/Porsche_Macan_Diesel_Automatique_2022_à_Marrakech_57313624.htm
avito.ma,https://www.avito.ma/fr/sbata/voitures_d_occasion/Golf_Getta_57313312,Golf Getta,18000,MAD,,Cheval,,,https://www.avito.ma/fr/sbata/voitures_d_occasion/Golf_Getta_57313312.htm
avito.ma,https://www.avito.ma/fr/taroudant/voitures_d_occasion/Skoda_Octavia_57313199,Skoda Octavia,135000,MAD,,Cheval,,,https://www.avito.ma/fr/taroudant/voitures_d_occasion/Skoda_Octavia_57313199.htm
avito.ma,https://www.avito.ma/fr/bettana/voitures_d_occasion/Peugeot_Bernier_en_bon_état__diesel__7_chevaux__modèle_de_la_machine__tout_est_neuf_57276199,"Peugeot Bernier en bon état, diesel, 7 chevaux, modèle de la machine, tout est neuf",52000,MAD,,Cheval,,,https://www.avito.ma/fr/bettana/voitures_d_occasion/Peugeot_Bernier_en_bon_état__diesel__7_chevaux__modèle_de_la_machine__tout_est_neuf_57276199.htm
avito.ma,https://www.avito.ma/fr/centre_ville/voitures_d_occasion/Skoda_propre_modèle_2015__6_chevaux_57275000,"Skoda propre modèle 2015, 6 chevaux",155000,MAD,,Cheval,,,https://www.avito.ma/fr/centre_ville/voitures_d_occasion/Skoda_propre_modèle_2015__6_chevaux_57275000.htm
avito.ma,https://www.avito.ma/fr/sbata/voitures_d_occasion/Polo_2004_57310831,Polo 2004,58000,MAD,,Cheval,,,https://www.avito.ma/fr/sbata/voitures_d_occasion/Polo_2004_57310831.htm
avito.ma,https://www.avito.ma/fr/ain_taoujdate/voitures_d_occasion/ssangyong_korando_57310758,ssangyong korando,68000,MAD,,Cheval,,,https://www.avito.ma/fr/ain_taoujdate/voitures_d_occasion/ssangyong_korando_57310758.htm
avito.ma,https://www.avito.ma/fr/el_bassatine/voitures_d_occasion/Ford_Focus_Diesel_7_chevaux_57273093,Ford Focus Diesel 7 chevaux,50000,MAD,,Cheval,,,https://www.avito.ma/fr/el_bassatine/voitures_d_occasion/Ford_Focus_Diesel_7_chevaux_57273093.htm
avito.ma,https://www.avito.ma/fr/assif/voitures_d_occasion/BMW_X1_EXCELLENTE_ETAT_57308957,BMW X1 EXCELLENTE ETAT,190000,MAD,,Cheval,,,https://www.avito.ma/fr/assif/voitures_d_occasion/BMW_X1_EXCELLENTE_ETAT_57308957.htm
avito.ma,https://www.avito.ma/fr/taza/voitures_d_occasion/Peugeot_3008_hdi_130_57256119,Peugeot 3008 hdi 130,289000,MAD,,Cheval,,,https://www.avito.ma/fr/taza/voitures_d_occasion/Peugeot_3008_hdi_130_57256119.htm
avito.ma,https://www.avito.ma/fr/al_fida/voitures_d_occasion/volvo_xc60_D4_57307971,volvo xc60 D4,100000,MAD,,Cheval,,,https://www.avito.ma/fr/al_fida/voitures_d_occasion/volvo_xc60_D4_57307971.htm
avito.ma,https://www.avito.ma/fr/sebt_gzoula/voitures_d_occasion/Opel_Astra_Break_6_chevaux_57269241,Opel Astra Break 6 chevaux,58000,MAD,,Cheval,,,https://www.avito.ma/fr/sebt_gzoula/voitures_d_occasion/Opel_Astra_Break_6_chevaux_57269241.htm
avito.ma,https://www.avito.ma/fr/al_hoceima/voitures_d_occasion/Tiguan_modèle_2008_dédouanée_2017_57307066,Tiguan modèle 2008 dédouanée 2017,145000,MAD,,Cheval,,,https://www.avito.ma/fr/al_hoceima/voitures_d_occasion/Tiguan_modèle_2008_dédouanée_2017_57307066.htm
avito.ma,https://www.avito.ma/fr/aïn_diab/voitures_d_occasion/Renault_Kangoo_Diesel_Manuelle_2020_à_Casablanca_57305625,Renault Kangoo Diesel Manuelle 2020 à Casablanca,169999,MAD,,Cheval,,,https://www.avito.ma/fr/aïn_diab/voitures_d_occasion/Renault_Kangoo_Diesel_Manuelle_2020_à_Casablanca_57305625.htm
avito.ma,https://www.avito.ma/fr/autre_secteur/jardin/Pompe_3_chevaux_220V_57266048,Pompe 3 chevaux 220V,1450,MAD,,Cheval,,,https://www.avito.ma/fr/autre_secteur/jardin/Pompe_3_chevaux_220V_57266048.htm
avito.ma,https://www.avito.ma/fr/bouskoura_centre/voitures_d_occasion/Audi_Q8_Diesel_Automatique_2020_à_Bouskoura_57291813,Audi Q8 Diesel Automatique 2020 à Bouskoura,610000,MAD,,Cheval,,,https://www.avito.ma/fr/bouskoura_centre/voitures_d_occasion/Audi_Q8_Diesel_Automatique_2020_à_Bouskoura_57291813.htm
avito.ma,https://www.avito.ma/fr/hay_dakhla/voitures_d_occasion/Volkswagen_touareg_2021_diesel_56787896,Volkswagen touareg 2021 diesel,370000,MAD,,Cheval,,,https://www.avito.ma/fr/hay_dakhla/voitures_d_occasion/Volkswagen_touareg_2021_diesel_56787896.htm
avito.ma,https://www.avito.ma/fr/massira/voitures_d_occasion/Excellente_voiture_diesel_7_chevaux_modèle_2009_57262606,Excellente voiture diesel 7 chevaux modèle 2009,90000,MAD,,Cheval,,,https://www.avito.ma/fr/massira/voitures_d_occasion/Excellente_voiture_diesel_7_chevaux_modèle_2009_57262606.htm
avito.ma,https://www.avito.ma/fr/hassan/voitures_d_occasion/Alfa_Romeo_Giulietta_2012_57300198,Alfa Romeo Giulietta 2012,115000,MAD,,Cheval,,,https://www.avito.ma/fr/hassan/voitures_d_occasion/Alfa_Romeo_Giulietta_2012_57300198.htm
avito.ma,https://www.avito.ma/fr/route_de_marrakech/equipement_sportif/2_Selles_a_cheval_57261474,2 Selles a cheval,5000,MAD,,Cheval,,,https://www.avito.ma/fr/route_de_marrakech/equipement_sportif/2_Selles_a_cheval_57261474.htm
avito.ma,https://www.avito.ma/fr/tamesna/voitures_d_occasion/Dacia_Duster_Diesel_Automatique_2018_à_Tamesna_57298587,Dacia Duster Diesel Automatique 2018 à Tamesna,150000,MAD,,Cheval,,,https://www.avito.ma/fr/tamesna/voitures_d_occasion/Dacia_Duster_Diesel_Automatique_2018_à_Tamesna_57298587.htm
avito.ma,https://www.avito.ma/fr/el_bradaa/voitures_d_occasion/Ford_57297114,Ford,140000,MAD,,Cheval,,,https://www.avito.ma/fr/el_bradaa/voitures_d_occasion/Ford_57297114.htm
avito.ma,https://www.avito.ma/fr/centre_ville/voitures_d_occasion/Volkswagen_Jetta_1_6_57296589,"Volkswagen Jetta 1,6",150000,MAD,,Cheval,,,https://www.avito.ma/fr/centre_ville/voitures_d_occasion/Volkswagen_Jetta_1_6_57296589.htm
avito.ma,https://www.avito.ma/fr/hay_al_matar/voitures_d_occasion/Volkswagen_Jetta_1_6_57296582,"Volkswagen Jetta 1,6",150000,MAD,,Cheval,,,https://www.avito.ma/fr/hay_al_matar/voitures_d_occasion/Volkswagen_Jetta_1_6_57296582.htm
avito.ma,https://www.avito.ma/fr/autre_secteur/motos/Moto_Cross_300CC_Puissante_6_Vitesses_57266540,Moto Cross 300CC Puissante 6 Vitesses,47000,MAD,,Cheval,,,https://www.avito.ma/fr/autre_secteur/motos/Moto_Cross_300CC_Puissante_6_Vitesses_57266540.htm
avito.ma,https://www.avito.ma/fr/seyad/voitures_d_occasion/Volkswagen_Sharan_édition_spéciale_CUP_56485826,Volkswagen Sharan édition spéciale CUP,240000,MAD,,Cheval,,,https://www.avito.ma/fr/seyad/voitures_d_occasion/Volkswagen_Sharan_édition_spéciale_CUP_56485826.htm
avito.ma,https://www.avito.ma/fr/hay_moulay_rachid/voitures_d_occasion/Volkswagen_Tiguan_56506997,Volkswagen Tiguan,299000,MAD,,Cheval,,,https://www.avito.ma/fr/hay_moulay_rachid/voitures_d_occasion/Volkswagen_Tiguan_56506997.htm
avito.ma,https://www.avito.ma/fr/ben_serguaou/accessoires_pour_animaux/Licol_éthologique_pour_cheval_57257852,Licol éthologique pour cheval,200,MAD,,Cheval,,,https://www.avito.ma/fr/ben_serguaou/accessoires_pour_animaux/Licol_éthologique_pour_cheval_57257852.htm
avito.ma,https://www.avito.ma/fr/aaouinat_hajjaj/voitures_d_occasion/dokker_2014_57294660,dokker 2014,97000,MAD,,Cheval,,,https://www.avito.ma/fr/aaouinat_hajjaj/voitures_d_occasion/dokker_2014_57294660.htm
avito.ma,https://www.avito.ma/fr/centre_ville/voitures_d_occasion/Renault_Captur_Essence_Automatique_2024_à_Tétouan_57294082,Renault Captur Essence Automatique 2024 à Tétouan,220000,MAD,,Cheval,,,https://www.avito.ma/fr/centre_ville/voitures_d_occasion/Renault_Captur_Essence_Automatique_2024_à_Tétouan_57294082.htm
avito.ma,https://www.avito.ma/fr/centre/voitures_d_occasion/Land_Rover_Range_Rover_Velar_D240_S_11_2019_57294098,Land Rover Range Rover Velar D240 S 11 2019,450000,MAD,,Cheval,,,https://www.avito.ma/fr/centre/voitures_d_occasion/Land_Rover_Range_Rover_Velar_D240_S_11_2019_57294098.htm
avito.ma,https://www.avito.ma/fr/ain_sebaa/voitures_d_occasion/Golf_7_2018_automatique_57293623,Golf 7 2018 automatique,192000,MAD,,Cheval,,,https://www.avito.ma/fr/ain_sebaa/voitures_d_occasion/Golf_7_2018_automatique_57293623.htm
avito.ma,https://www.avito.ma/fr/ourida_1_et_2/voitures_d_occasion/Hyundai_ix35_57292647,Hyundai ix35,158000,MAD,,Cheval,,,https://www.avito.ma/fr/ourida_1_et_2/voitures_d_occasion/Hyundai_ix35_57292647.htm
avito.ma,https://www.avito.ma/fr/assam/voitures_d_occasion/508_peugeot_57292630,508 peugeot,117000,MAD,,Cheval,,,https://www.avito.ma/fr/assam/voitures_d_occasion/508_peugeot_57292630.htm
avito.ma,https://www.avito.ma/fr/ait_melloul/voitures_d_occasion/Peugeot_206_diesel_manuelle_2013_à_Ait_Melloul_57292576,Peugeot 206 diesel manuelle 2013 à Ait Melloul,80000,MAD,,Cheval,,,https://www.avito.ma/fr/ait_melloul/voitures_d_occasion/Peugeot_206_diesel_manuelle_2013_à_Ait_Melloul_57292576.htm
avito.ma,https://www.avito.ma/fr/al_qods/pièces_et_accessoires_pour_véhicules/Moteur_électrique_3Hp_57292272,Moteur électrique 3Hp,1500,MAD,,Cheval,,,https://www.avito.ma/fr/al_qods/pièces_et_accessoires_pour_véhicules/Moteur_électrique_3Hp_57292272.htm
avito.ma,https://www.avito.ma/fr/ain_aouda/voitures_d_occasion/Renault_11_diesel_économique_à_vendre_à_Ain_Aouda_57290754,Renault 11 diesel économique à vendre à Ain Aouda,14000,MAD,,Cheval,,,https://www.avito.ma/fr/ain_aouda/voitures_d_occasion/Renault_11_diesel_économique_à_vendre_à_Ain_Aouda_57290754.htm
avito.ma,https://www.avito.ma/fr/autre_secteur/voitures_d_occasion/Peugeot_206_57289078,Peugeot 206,50000,MAD,,Cheval,,,https://www.avito.ma/fr/autre_secteur/voitures_d_occasion/Peugeot_206_57289078.htm
avito.ma,https://www.avito.ma/fr/maarif/voitures_d_occasion/Ford_Kuga_Trend_Plus_motorisation_2_litres_57288528,Ford Kuga Trend Plus motorisation 2 litres,140000,MAD,,Cheval,,,https://www.avito.ma/fr/maarif/voitures_d_occasion/Ford_Kuga_Trend_Plus_motorisation_2_litres_57288528.htm
avito.ma,https://www.avito.ma/fr/béni_mellal/voitures_d_occasion/Béni_Mellal_Ouled_Hamdane_57287850,Béni Mellal Ouled Hamdane,25000000,MAD,,Cheval,,,https://www.avito.ma/fr/béni_mellal/voitures_d_occasion/Béni_Mellal_Ouled_Hamdane_57287850.htm
avito.ma,https://www.avito.ma/fr/autre_secteur/voitures_d_occasion/Dihatsu_Sirion_A_vendre_مزالة_نقية_57287839,Dihatsu Sirion A vendre مزالة نقية,60000,MAD,,Cheval,,,https://www.avito.ma/fr/autre_secteur/voitures_d_occasion/Dihatsu_Sirion_A_vendre_مزالة_نقية_57287839.htm
avito.ma,https://www.avito.ma/fr/hay_moulay_rachid_6/voitures_d_occasion/Peugeot_308_Mazout_2011_lire_en_bas___57287654,Peugeot 308 Mazout 2011 lire en bas👇,85000,MAD,,Cheval,,,https://www.avito.ma/fr/hay_moulay_rachid_6/voitures_d_occasion/Peugeot_308_Mazout_2011_lire_en_bas___57287654.htm
avito.ma,https://www.avito.ma/fr/béni_mellal/voitures_d_occasion/RenaultR21_57286308,RenaultR21,25000000,MAD,,Cheval,,,https://www.avito.ma/fr/béni_mellal/voitures_d_occasion/RenaultR21_57286308.htm
avito.ma,https://www.avito.ma/fr/targa/voitures_d_occasion/Renault_Clio_5_RS_Line_Hybride_57286268,Renault Clio 5 RS Line Hybride,200000,MAD,,Cheval,,,https://www.avito.ma/fr/targa/voitures_d_occasion/Renault_Clio_5_RS_Line_Hybride_57286268.htm
avito.ma,https://www.avito.ma/fr/cité_adrar/voitures_d_occasion/Super_5_diesel_57285918,Super 5 diesel,21000,MAD,,Cheval,,,https://www.avito.ma/fr/cité_adrar/voitures_d_occasion/Super_5_diesel_57285918.htm
avito.ma,https://www.avito.ma/fr/autre_secteur/remorques_et_caravanes/Van_pour_chevaux_57247342,Van pour chevaux,20000,MAD,,Cheval,,,https://www.avito.ma/fr/autre_secteur/remorques_et_caravanes/Van_pour_chevaux_57247342.htm
avito.ma,https://www.avito.ma/fr/agadir_melloul/voitures_d_occasion/BMW_Série_1_Diesel_Manuelle_2009_à_Agadir_Melloul_57284694,BMW Série 1 Diesel Manuelle 2009 à Agadir Melloul,105000,MAD,,Cheval,,,https://www.avito.ma/fr/agadir_melloul/voitures_d_occasion/BMW_Série_1_Diesel_Manuelle_2009_à_Agadir_Melloul_57284694.htm
avito.ma,https://www.avito.ma/fr/berrechid/voitures_d_occasion/Fiat_UNO___1999_57284234,Fiat UNO • 1999,23000,MAD,,Cheval,,,https://www.avito.ma/fr/berrechid/voitures_d_occasion/Fiat_UNO___1999_57284234.htm
avito.ma,https://www.avito.ma/fr/errachidia/voitures_d_occasion/Ssangyong_Korando_Diesel_Manuelle_2012_57283919,Ssangyong Korando Diesel Manuelle 2012,85000,MAD,,Cheval,,,https://www.avito.ma/fr/errachidia/voitures_d_occasion/Ssangyong_Korando_Diesel_Manuelle_2012_57283919.htm
avito.ma,https://www.avito.ma/fr/sidi_yahya_zaer/voitures_d_occasion/Toyota_Starlet_2000_7cv_57276926,Toyota Starlet 2000 7cv,28000,MAD,,Cheval,,,https://www.avito.ma/fr/sidi_yahya_zaer/voitures_d_occasion/Toyota_Starlet_2000_7cv_57276926.htm
avito.ma,https://www.avito.ma/fr/hay_mohammadi/voitures_d_occasion/Peugeot_206_essence_57274532,Peugeot 206 essence,58000,MAD,,Cheval,,,https://www.avito.ma/fr/hay_mohammadi/voitures_d_occasion/Peugeot_206_essence_57274532.htm
avito.ma,https://www.avito.ma/fr/centre_ville/voitures_d_occasion/Honda_accord_boss_57273412,Honda accord boss,63000,MAD,,Cheval,,,https://www.avito.ma/fr/centre_ville/voitures_d_occasion/Honda_accord_boss_57273412.htm
avito.ma,https://www.avito.ma/fr/autre_secteur/voitures_d_occasion/Citroën_C4_Diesel_Manuelle_2008_à_Benslimane_57272351,Citroën C4 Diesel Manuelle 2008 à Benslimane,68000,MAD,,Cheval,,,https://www.avito.ma/fr/autre_secteur/voitures_d_occasion/Citroën_C4_Diesel_Manuelle_2008_à_Benslimane_57272351.htm
avito.ma,https://www.avito.ma/fr/autre_secteur/motos/Moto_Cross_300CC_Puissante_6_Vitesses_57266540,Moto Cross 300CC Puissante 6 Vitesses,47000,MAD,,Cheval,,,https://www.avito.ma/fr/autre_secteur/motos/Moto_Cross_300CC_Puissante_6_Vitesses_57266540.htm
avito.ma,https://www.avito.ma/fr/ziatene/voitures_d_occasion/Ford_Kuga_Diesel_Manuelle_2016_à_Tanger_57271673,Ford Kuga Diesel Manuelle 2016 à Tanger,162000,MAD,,Cheval,,,https://www.avito.ma/fr/ziatene/voitures_d_occasion/Ford_Kuga_Diesel_Manuelle_2016_à_Tanger_57271673.htm
avito.ma,https://www.avito.ma/fr/sefrou/voitures_d_occasion/Peugeot_208_tech_esition_57271210,Peugeot 208 tech esition,133000,MAD,,Cheval,,,https://www.avito.ma/fr/sefrou/voitures_d_occasion/Peugeot_208_tech_esition_57271210.htm
avito.ma,https://www.avito.ma/fr/massira_3/gaming/Ghost_of_Yotei____Collector_s_Edition___PS5_57271059,Ghost of Yotei™ – Collector’s Edition – PS5,3797,MAD,,Cheval,,,https://www.avito.ma/fr/massira_3/gaming/Ghost_of_Yotei____Collector_s_Edition___PS5_57271059.htm
avito.ma,https://www.avito.ma/fr/oulad_salah/terrains_et_fermes/Ferme_avec_villa__écurie_pour_chevaux_et_vache_à_250_millions_57229778,"Ferme avec villa, écurie pour chevaux et vache à 250 millions",2500000,MAD,,Cheval,,,https://www.avito.ma/fr/oulad_salah/terrains_et_fermes/Ferme_avec_villa__écurie_pour_chevaux_et_vache_à_250_millions_57229778.htm
avito.ma,https://www.avito.ma/fr/autre_secteur/terrains_et_fermes/Petite_ferme_à_vendre_57267564,Petite ferme à vendre,1300000,MAD,,Cheval,,,https://www.avito.ma/fr/autre_secteur/terrains_et_fermes/Petite_ferme_à_vendre_57267564.htm
avito.ma,https://www.avito.ma/fr/saies/voitures_d_occasion/BMW_Série_3_Diesel_Automatique_2016_à_Fès_57266845,BMW Série 3 Diesel Automatique 2016 à Fès,230000,MAD,,Cheval,,,https://www.avito.ma/fr/saies/voitures_d_occasion/BMW_Série_3_Diesel_Automatique_2016_à_Fès_57266845.htm
avito.ma,https://www.avito.ma/fr/hay_rahma/voitures_d_occasion/Seat_Ibiza_diesel_2014_57265990,Seat Ibiza diesel 2014,93000,MAD,,Cheval,,,https://www.avito.ma/fr/hay_rahma/voitures_d_occasion/Seat_Ibiza_diesel_2014_57265990.htm
avito.ma,https://www.avito.ma/fr/essaouira/voitures_d_occasion/Mercredis_E220_57265943,Mercredis E220,85000,MAD,,Cheval,,,https://www.avito.ma/fr/essaouira/voitures_d_occasion/Mercredis_E220_57265943.htm
avito.ma,https://www.avito.ma/fr/el_alia/voitures_d_occasion/Fiat_Uno_1996_6cv_essence_57265925,Fiat Uno 1996 6cv essence,24000,MAD,,Cheval,,,https://www.avito.ma/fr/el_alia/voitures_d_occasion/Fiat_Uno_1996_6cv_essence_57265925.htm
avito.ma,https://www.avito.ma/fr/hay_al_matar/voitures_d_occasion/Citroënc_elysée2018_57265268,Citroënc-elysée2018,110000,MAD,,Cheval,,,https://www.avito.ma/fr/hay_al_matar/voitures_d_occasion/Citroënc_elysée2018_57265268.htm
avito.ma,https://www.avito.ma/fr/oulad_frej/voitures_d_occasion/Peugeot_504_essence_à_vendre_11_chevaux_57226307,Peugeot 504 essence à vendre 11 chevaux,95000,MAD,,Cheval,,,https://www.avito.ma/fr/oulad_frej/voitures_d_occasion/Peugeot_504_essence_à_vendre_11_chevaux_57226307.htm
avito.ma,https://www.avito.ma/fr/bd_derfoufi/voitures_d_occasion/Peugeot_205_57261906,Peugeot 205,20500,MAD,,Cheval,,,https://www.avito.ma/fr/bd_derfoufi/voitures_d_occasion/Peugeot_205_57261906.htm
avito.ma,https://www.avito.ma/fr/el_haddada/voitures_d_occasion/Alfa_Romeo_Giulietta_Diesel_Automatique_2020_57258241,Alfa Romeo Giulietta Diesel Automatique 2020,195000,MAD,,Cheval,,,https://www.avito.ma/fr/el_haddada/voitures_d_occasion/Alfa_Romeo_Giulietta_Diesel_Automatique_2020_57258241.htm
avito.ma,https://www.avito.ma/fr/oulfa/voitures_d_occasion/Honda_City_Essence_Manuelle_2003_à_Casablanca_57257253,Honda City Essence Manuelle 2003 à Casablanca,40000,MAD,,Cheval,,,https://www.avito.ma/fr/oulfa/voitures_d_occasion/Honda_City_Essence_Manuelle_2003_à_Casablanca_57257253.htm
avito.ma,https://www.avito.ma/fr/mellila/terrains_et_fermes/Terrain_titre_foncier_à_vendre_à_Benslimane_57257095,Terrain titre foncier à vendre à Benslimane,600000,MAD,,Cheval,,,https://www.avito.ma/fr/mellila/terrains_et_fermes/Terrain_titre_foncier_à_vendre_à_Benslimane_57257095.htm
avito.ma,https://www.avito.ma/fr/targa/chaussures/Bottines_d_équitation_taille_36_37_57256842,Bottines d'équitation taille 36/37,150,MAD,,Cheval,,,https://www.avito.ma/fr/targa/chaussures/Bottines_d_équitation_taille_36_37_57256842.htm
avito.ma,https://www.avito.ma/fr/sidi_kacem/jardin/Équipements_de_puits_57255299,Équipements de puits,4000,MAD,,Cheval,,,https://www.avito.ma/fr/sidi_kacem/jardin/Équipements_de_puits_57255299.htm
avito.ma,https://www.avito.ma/fr/oualidia/voitures_d_occasion/Suzuki_Maloti_57255203,Suzuki Maloti,23000,MAD,,Cheval,,,https://www.avito.ma/fr/oualidia/voitures_d_occasion/Suzuki_Maloti_57255203.htm
avito.ma,https://www.avito.ma/fr/midelt/voitures_d_occasion/Skoda_roomster_57253564,Skoda roomster,70000,MAD,,Cheval,,,https://www.avito.ma/fr/midelt/voitures_d_occasion/Skoda_roomster_57253564.htm
avito.ma,https://www.avito.ma/fr/el_haddada/voitures_d_occasion/ALFA_ROMEO_2020_première_main_57250977,ALFA ROMEO 2020 première main,195000,MAD,,Cheval,,,https://www.avito.ma/fr/el_haddada/voitures_d_occasion/ALFA_ROMEO_2020_première_main_57250977.htm
avito.ma,https://www.avito.ma/fr/m_hamid/voitures_d_occasion/Suzuki_Grand_Vitara_Diesel_Manuelle_2010_57272700,Suzuki Grand Vitara Diesel Manuelle 2010,90000,MAD,,Cheval,,,https://www.avito.ma/fr/m_hamid/voitures_d_occasion/Suzuki_Grand_Vitara_Diesel_Manuelle_2010_57272700.htm
avito.ma,https://www.avito.ma/fr/allal_el_fassi/voitures_d_occasion/Hyundai_Tucson_Diesel_Automatique_2020_à_Marrakech_57187255,Hyundai Tucson Diesel Automatique 2020 à Marrakech,259000,MAD,,Cheval,,,https://www.avito.ma/fr/allal_el_fassi/voitures_d_occasion/Hyundai_Tucson_Diesel_Automatique_2020_à_Marrakech_57187255.htm
avito.ma,https://www.avito.ma/fr/hay_riad/voitures_d_occasion/Hyundai_Santa_Fe_Diesel_Manuelle_2004_à_Rabat_57247234,Hyundai Santa Fe Diesel Manuelle 2004 à Rabat,60000,MAD,,Cheval,,,https://www.avito.ma/fr/hay_riad/voitures_d_occasion/Hyundai_Santa_Fe_Diesel_Manuelle_2004_à_Rabat_57247234.htm
avito.ma,https://www.avito.ma/fr/autre_secteur/engins_agricoles/Tracteur_Yanmar_57246716,Tracteur Yanmar,25000,MAD,,Cheval,,,https://www.avito.ma/fr/autre_secteur/engins_agricoles/Tracteur_Yanmar_57246716.htm
avito.ma,https://www.avito.ma/fr/tan_tan/voitures_d_occasion/Peugeot_406_57246542,Peugeot 406,33000,MAD,,Cheval,,,https://www.avito.ma/fr/tan_tan/voitures_d_occasion/Peugeot_406_57246542.htm
avito.ma,https://www.avito.ma/fr/autre_secteur/motos/Moto_Cross_300CC_Puissante_6_Vitesses_57266540,Moto Cross 300CC Puissante 6 Vitesses,47000,MAD,,Cheval,,,https://www.avito.ma/fr/autre_secteur/motos/Moto_Cross_300CC_Puissante_6_Vitesses_57266540.htm
avito.ma,https://www.avito.ma/fr/el_qaria/animaux_de_ferme/Pouliche_Arab_Barb_57216982,Pouliche Arab-Barb,9000,MAD,,Cheval,,,https://www.avito.ma/fr/el_qaria/animaux_de_ferme/Pouliche_Arab_Barb_57216982.htm
avito.ma,https://www.avito.ma/fr/sidi_bernoussi/camions/CAMION_FORLAIN_3_5_T_57243504,CAMION FORLAIN 3.5 T,245000,MAD,,Cheval,,,https://www.avito.ma/fr/sidi_bernoussi/camions/CAMION_FORLAIN_3_5_T_57243504.htm
avito.ma,https://www.avito.ma/fr/hay_massira/voitures_d_occasion/Nissan_Qashqai_Diesel_Manuelle_2010_à_Marrakech_57243267,Nissan Qashqai Diesel Manuelle 2010 à Marrakech,118000,MAD,,Cheval,,,https://www.avito.ma/fr/hay_massira/voitures_d_occasion/Nissan_Qashqai_Diesel_Manuelle_2010_à_Marrakech_57243267.htm
avito.ma,https://www.avito.ma/fr/amal/voitures_d_occasion/Mercedes_57242411,Mercedes,142000,MAD,,Cheval,,,https://www.avito.ma/fr/amal/voitures_d_occasion/Mercedes_57242411.htm
avito.ma,https://www.avito.ma/fr/m_hamid/voitures_d_occasion/Volkswagen_Caddy_Diesel_Manuelle_2013_à_Marrakech_57242149,Volkswagen Caddy Diesel Manuelle 2013 à Marrakech,140000,MAD,,Cheval,,,https://www.avito.ma/fr/m_hamid/voitures_d_occasion/Volkswagen_Caddy_Diesel_Manuelle_2013_à_Marrakech_57242149.htm
avito.ma,https://www.avito.ma/fr/centre_ville/voitures_d_occasion/Land_Rover_Range_Rover_Velar_D240_S_Première_main_57241886,Land Rover Range Rover Velar D240 S Première main,450000,MAD,,Cheval,,,https://www.avito.ma/fr/centre_ville/voitures_d_occasion/Land_Rover_Range_Rover_Velar_D240_S_Première_main_57241886.htm
avito.ma,https://www.avito.ma/fr/hay_boudir/cordes/Violon_4_4_en_bois_massif_56916603,Violon 4/4 en bois massif,950,MAD,,Cheval,,,https://www.avito.ma/fr/hay_boudir/cordes/Violon_4_4_en_bois_massif_56916603.htm
avito.ma,https://www.avito.ma/fr/ain_amiyer/voitures_d_occasion/Audi_Q3_Diesel_Automatique_2020_à_Fès_57241235,Audi Q3 Diesel Automatique 2020 à Fès,336000,MAD,,Cheval,,,https://www.avito.ma/fr/ain_amiyer/voitures_d_occasion/Audi_Q3_Diesel_Automatique_2020_à_Fès_57241235.htm
avito.ma,https://www.avito.ma/fr/maarif/voitures_d_occasion/Mercedes_AMG_C63s_2016_Ded_2017_Casablanca_57240962,Mercedes-AMG C63s 2016 Ded 2017 Casablanca,490000,MAD,,Cheval,,,https://www.avito.ma/fr/maarif/voitures_d_occasion/Mercedes_AMG_C63s_2016_Ded_2017_Casablanca_57240962.htm
avito.ma,https://www.avito.ma/fr/agdal/voitures_d_occasion/Citroën_C5_57240721,Citroën C5,106000,MAD,,Cheval,,,https://www.avito.ma/fr/agdal/voitures_d_occasion/Citroën_C5_57240721.htm
avito.ma,https://www.avito.ma/fr/hay_saada/voitures_d_occasion/Audi_Allroad_Quattro_Automatique_2019_2L_TDi_57124061,Audi Allroad Quattro Automatique 2019 2L TDi,309000,MAD,,Cheval,,,https://www.avito.ma/fr/hay_saada/voitures_d_occasion/Audi_Allroad_Quattro_Automatique_2019_2L_TDi_57124061.htm
avito.ma,https://www.avito.ma/fr/aïn_diab/jouets/Vend_jeux_de_société_mille_bornes_et_4_chevaux_57200573,Vend jeux de société mille bornes et 4 chevaux,150,MAD,,Cheval,,,https://www.avito.ma/fr/aïn_diab/jouets/Vend_jeux_de_société_mille_bornes_et_4_chevaux_57200573.htm
avito.ma,https://www.avito.ma/fr/harhoura/décoration/Décoration_à_vendre_bon_état_57233036,Décoration à vendre bon état,300,MAD,,Cheval,,,https://www.avito.ma/fr/harhoura/décoration/Décoration_à_vendre_bon_état_57233036.htm
avito.ma,https://www.avito.ma/fr/laâyoune/voitures_d_occasion/hyndai_ix35_57231675,hyndai ix35,120000,MAD,,Cheval,,,https://www.avito.ma/fr/laâyoune/voitures_d_occasion/hyndai_ix35_57231675.htm
avito.ma,https://www.avito.ma/fr/al_madina_aljadida/voitures_d_occasion/Peugeot_405_57231637,Peugeot 405,32000,MAD,,Cheval,,,https://www.avito.ma/fr/al_madina_aljadida/voitures_d_occasion/Peugeot_405_57231637.htm
avito.ma,https://www.avito.ma/fr/autre_secteur/voitures_d_occasion/Volkswagen_Golf_7_Hybride_essence_Automatique_2020_57231415,Volkswagen Golf 7 Hybride essence Automatique 2020,275000,MAD,,Cheval,,,https://www.avito.ma/fr/autre_secteur/voitures_d_occasion/Volkswagen_Golf_7_Hybride_essence_Automatique_2020_57231415.htm
avito.ma,https://www.avito.ma/fr/al_mouahidine/voitures_d_occasion/Volkswagen_Tiguan_57230498,Volkswagen Tiguan,165000,MAD,,Cheval,,,https://www.avito.ma/fr/al_mouahidine/voitures_d_occasion/Volkswagen_Tiguan_57230498.htm
avito.ma,https://www.avito.ma/fr/asilah/voitures_d_occasion/Volkswagen_Polo_6R_Diesel_Manuelle_2011_à_Asilah_57230362,Volkswagen Polo 6R Diesel Manuelle 2011 à Asilah,105000,MAD,,Cheval,,,https://www.avito.ma/fr/asilah/voitures_d_occasion/Volkswagen_Polo_6R_Diesel_Manuelle_2011_à_Asilah_57230362.htm
avito.ma,https://www.avito.ma/fr/tilila/voitures_d_occasion/Tiguan_03_2022_57218677,Tiguan 03/2022,265000,MAD,,Cheval,,,https://www.avito.ma/fr/tilila/voitures_d_occasion/Tiguan_03_2022_57218677.htm
avito.ma,https://www.avito.ma/fr/californie/voitures_d_occasion/Range_Rover_Evoque_24_600_km_57508457,Range Rover Evoque 24 600 km,365000,MAD,,Cheval,,,https://www.avito.ma/fr/californie/voitures_d_occasion/Range_Rover_Evoque_24_600_km_57508457.htm
avito.ma,https://www.avito.ma/fr/allal_el_fassi/voitures_d_occasion/GWM_POER_2_0L_170_CH_À_SAISIR_57423308,GWM POER 2.0L 170 CH À SAISIR,255000,MAD,,Cheval,,,https://www.avito.ma/fr/allal_el_fassi/voitures_d_occasion/GWM_POER_2_0L_170_CH_À_SAISIR_57423308.htm
avito.ma,https://www.avito.ma/fr/autre_secteur/motos/Moto_Cross_300CC_Puissante_6_Vitesses_57266540,Moto Cross 300CC Puissante 6 Vitesses,47000,MAD,,Cheval,,,https://www.avito.ma/fr/autre_secteur/motos/Moto_Cross_300CC_Puissante_6_Vitesses_57266540.htm
avito.ma,https://www.avito.ma/fr/laâyoune/voitures_d_occasion/hyndai_ix35_57231675,hyndai ix35,120000,MAD,,Cheval,,,https://www.avito.ma/fr/laâyoune/voitures_d_occasion/hyndai_ix35_57231675.htm
avito.ma,https://www.avito.ma/fr/al_madina_aljadida/voitures_d_occasion/Peugeot_405_57231637,Peugeot 405,32000,MAD,,Cheval,,,https://www.avito.ma/fr/al_madina_aljadida/voitures_d_occasion/Peugeot_405_57231637.htm
avito.ma,https://www.avito.ma/fr/hay_riad/voitures_d_occasion/VOLKSWAGEN_ID4_CROZZ_PRO_204_CHEVAUX_57174589,VOLKSWAGEN ID4 CROZZ PRO 204 CHEVAUX,390000,MAD,,Cheval,,,https://www.avito.ma/fr/hay_riad/voitures_d_occasion/VOLKSWAGEN_ID4_CROZZ_PRO_204_CHEVAUX_57174589.htm
avito.ma,https://www.avito.ma/fr/autre_secteur/voitures_d_occasion/Volkswagen_Golf_7_Hybride_essence_Automatique_2020_57231415,Volkswagen Golf 7 Hybride essence Automatique 2020,275000,MAD,,Cheval,,,https://www.avito.ma/fr/autre_secteur/voitures_d_occasion/Volkswagen_Golf_7_Hybride_essence_Automatique_2020_57231415.htm
avito.ma,https://www.avito.ma/fr/al_mouahidine/voitures_d_occasion/Volkswagen_Tiguan_57230498,Volkswagen Tiguan,165000,MAD,,Cheval,,,https://www.avito.ma/fr/al_mouahidine/voitures_d_occasion/Volkswagen_Tiguan_57230498.htm
avito.ma,https://www.avito.ma/fr/asilah/voitures_d_occasion/Volkswagen_Polo_6R_Diesel_Manuelle_2011_à_Asilah_57230362,Volkswagen Polo 6R Diesel Manuelle 2011 à Asilah,105000,MAD,,Cheval,,,https://www.avito.ma/fr/asilah/voitures_d_occasion/Volkswagen_Polo_6R_Diesel_Manuelle_2011_à_Asilah_57230362.htm
avito.ma,https://www.avito.ma/fr/tilila/voitures_d_occasion/Tiguan_03_2022_57218677,Tiguan 03/2022,265000,MAD,,Cheval,,,https://www.avito.ma/fr/tilila/voitures_d_occasion/Tiguan_03_2022_57218677.htm
avito.ma,https://www.avito.ma/fr/mdiq/voitures_d_occasion/Golf_polo_57229842,Golf polo,35000,MAD,,Cheval,,,https://www.avito.ma/fr/mdiq/voitures_d_occasion/Golf_polo_57229842.htm
avito.ma,https://www.avito.ma/fr/ait_imour/produits_de_terroir/Vente_huile_d_olives_Bio_57229781,Vente huile d'olives Bio,110,MAD,,Cheval,,,https://www.avito.ma/fr/ait_imour/produits_de_terroir/Vente_huile_d_olives_Bio_57229781.htm
avito.ma,https://www.avito.ma/fr/zitoune/voitures_d_occasion/Renault_Laguna_2010_Diana_2020_57229527,Renault Laguna 2010 Diana 2020,48000,MAD,,Cheval,,,https://www.avito.ma/fr/zitoune/voitures_d_occasion/Renault_Laguna_2010_Diana_2020_57229527.htm
avito.ma,https://www.avito.ma/fr/hamria/voitures_d_occasion/Jaguar_XE_Diesel_Automatique_2019_à_Meknès_57228296,Jaguar XE Diesel Automatique 2019 à Meknès,235000,MAD,,Cheval,,,https://www.avito.ma/fr/hamria/voitures_d_occasion/Jaguar_XE_Diesel_Automatique_2019_à_Meknès_57228296.htm
avito.ma,https://www.avito.ma/fr/hay_el_qods/voitures_d_occasion/Clio_5_Equilibre_57227442,Clio 5 Equilibre,180000,MAD,,Cheval,,,https://www.avito.ma/fr/hay_el_qods/voitures_d_occasion/Clio_5_Equilibre_57227442.htm
avito.ma,https://www.avito.ma/fr/gauthier/voitures_d_occasion/Renault_Kangoo_Diesel_Manuelle_2012_à_Casablanca_57224891,Renault Kangoo Diesel Manuelle 2012 à Casablanca,80000,MAD,,Cheval,,,https://www.avito.ma/fr/gauthier/voitures_d_occasion/Renault_Kangoo_Diesel_Manuelle_2012_à_Casablanca_57224891.htm
avito.ma,https://www.avito.ma/fr/ahlane/voitures_d_occasion/Toyota_Starlet_57223845,Toyota Starlet,28000,MAD,,Cheval,,,https://www.avito.ma/fr/ahlane/voitures_d_occasion/Toyota_Starlet_57223845.htm
avito.ma,https://www.avito.ma/fr/sala_el_jadida/voitures_d_occasion/Ford_Focus_Diesel_Manuelle_2017_à_Salé_57223630,Ford Focus Diesel Manuelle 2017 à Salé,165000,MAD,,Cheval,,,https://www.avito.ma/fr/sala_el_jadida/voitures_d_occasion/Ford_Focus_Diesel_Manuelle_2017_à_Salé_57223630.htm
avito.ma,https://www.avito.ma/fr/autre_secteur/voitures_d_occasion/Dihatsu_Sirion_مزالة_جديدة_57222843,Dihatsu Sirion مزالة جديدة,60000,MAD,,Cheval,,,https://www.avito.ma/fr/autre_secteur/voitures_d_occasion/Dihatsu_Sirion_مزالة_جديدة_57222843.htm
avito.ma,https://www.avito.ma/fr/ain_attig/voitures_d_occasion/Toyota_Corolla_modèle_2001_57220256,Toyota Corolla modèle 2001,40000,MAD,,Cheval,,,https://www.avito.ma/fr/ain_attig/voitures_d_occasion/Toyota_Corolla_modèle_2001_57220256.htm
avito.ma,https://www.avito.ma/fr/port/bateaux/BATEAU_REGAL_1900_57183227,BATEAU REGAL 1900,255000,MAD,,Cheval,,,https://www.avito.ma/fr/port/bateaux/BATEAU_REGAL_1900_57183227.htm
avito.ma,https://www.avito.ma/fr/hamria/voitures_d_occasion/Citroën_C5_automatique_57213786,Citroën C5 automatique,62000,MAD,,Cheval,,,https://www.avito.ma/fr/hamria/voitures_d_occasion/Citroën_C5_automatique_57213786.htm
avito.ma,https://www.avito.ma/fr/ahlane/voitures_d_occasion/Land_Rover_Range_Rover_Sport_Diesel_Automatique_57212663,Land Rover Range Rover Sport Diesel Automatique,135000,MAD,,Cheval,,,https://www.avito.ma/fr/ahlane/voitures_d_occasion/Land_Rover_Range_Rover_Sport_Diesel_Automatique_57212663.htm
avito.ma,https://www.avito.ma/fr/centre/voitures_d_occasion/Volkswagen_Golf_vento_57211598,Volkswagen Golf vento,42000,MAD,,Cheval,,,https://www.avito.ma/fr/centre/voitures_d_occasion/Volkswagen_Golf_vento_57211598.htm
avito.ma,https://www.avito.ma/fr/californie/voitures_d_occasion/Mini_Countryman_John_Cooper_Works_57210968,Mini Countryman John Cooper Works,445000,MAD,,Cheval,,,https://www.avito.ma/fr/californie/voitures_d_occasion/Mini_Countryman_John_Cooper_Works_57210968.htm
avito.ma,https://www.avito.ma/fr/agadir_oufella/voitures_d_occasion/Fiat_Grande_Punto_Essence_Manuelle_2010_à_Agadir_57209493,Fiat Grande Punto Essence Manuelle 2010 à Agadir,56000,MAD,,Cheval,,,https://www.avito.ma/fr/agadir_oufella/voitures_d_occasion/Fiat_Grande_Punto_Essence_Manuelle_2010_à_Agadir_57209493.htm
avito.ma,https://www.avito.ma/fr/autre_secteur/bateaux/Barque_de_pêche_57209012,Barque de pêche,53000,MAD,,Cheval,,,https://www.avito.ma/fr/autre_secteur/bateaux/Barque_de_pêche_57209012.htm
avito.ma,https://www.avito.ma/fr/m_hamid/voitures_d_occasion/Peugeot_208_57208497,Peugeot 208,150000,MAD,,Cheval,,,https://www.avito.ma/fr/m_hamid/voitures_d_occasion/Peugeot_208_57208497.htm
avito.ma,https://www.avito.ma/fr/el_hajeb/voitures_d_occasion/mitchi_Colt_57207190,mitchi Colt,50000,MAD,,Cheval,,,https://www.avito.ma/fr/el_hajeb/voitures_d_occasion/mitchi_Colt_57207190.htm
avito.ma,https://www.avito.ma/fr/m_hamid/voitures_d_occasion/Voiture_Ford_Kog_57205810,Voiture Ford Kog,140000,MAD,,Cheval,,,https://www.avito.ma/fr/m_hamid/voitures_d_occasion/Voiture_Ford_Kog_57205810.htm
avito.ma,https://www.avito.ma/fr/tit_mellil/engins_agricoles/Machine_Reggini_57205778,Machine Reggini,28000,MAD,,Cheval,,,https://www.avito.ma/fr/tit_mellil/engins_agricoles/Machine_Reggini_57205778.htm
avito.ma,https://www.avito.ma/fr/tit_mellil/engins_agricoles/Machine_Reggini_57205668,Machine Reggini,28000,MAD,,Cheval,,,https://www.avito.ma/fr/tit_mellil/engins_agricoles/Machine_Reggini_57205668.htm
avito.ma,https://www.avito.ma/fr/aguelmous/terrains_et_fermes/Ferme_Oliviers_et_luzerne_Villa_et_Piscine_57205372,Ferme Oliviers et luzerne Villa et Piscine,2500000,MAD,,Cheval,,,https://www.avito.ma/fr/aguelmous/terrains_et_fermes/Ferme_Oliviers_et_luzerne_Villa_et_Piscine_57205372.htm
avito.ma,https://www.avito.ma/fr/abbadi_braika/voitures_d_occasion/Audi_A6_diesel_manuelle_2005_à_Temara_57203025,Audi A6 diesel manuelle 2005 à Temara,60000,MAD,,Cheval,,,https://www.avito.ma/fr/abbadi_braika/voitures_d_occasion/Audi_A6_diesel_manuelle_2005_à_Temara_57203025.htm
avito.ma,https://www.avito.ma/fr/taroudant/maisons/À_vendre_propriété_exceptionnelle_57202793,À vendre propriété exceptionnelle,6000000,MAD,,Cheval,,,https://www.avito.ma/fr/taroudant/maisons/À_vendre_propriété_exceptionnelle_57202793.htm
avito.ma,https://www.avito.ma/fr/sala_el_jadida/voitures_d_occasion/hyundai_santa_fe_57201766,hyundai santa fe,83000,MAD,,Cheval,,,https://www.avito.ma/fr/sala_el_jadida/voitures_d_occasion/hyundai_santa_fe_57201766.htm
avito.ma,https://www.avito.ma/fr/autre_secteur/voitures_d_occasion/Fiat_Uno_Diesel_Manuelle_1996_à_Skhirat_57201695,Fiat Uno Diesel Manuelle 1996 à Skhirat,17000,MAD,,Cheval,,,https://www.avito.ma/fr/autre_secteur/voitures_d_occasion/Fiat_Uno_Diesel_Manuelle_1996_à_Skhirat_57201695.htm
avito.ma,https://www.avito.ma/fr/autre_secteur/voitures_d_occasion/Fiat_Uno_Diesel_Manuelle_1996_à_Skhirat_57201665,Fiat Uno Diesel Manuelle 1996 à Skhirat,17000,MAD,,Cheval,,,https://www.avito.ma/fr/autre_secteur/voitures_d_occasion/Fiat_Uno_Diesel_Manuelle_1996_à_Skhirat_57201665.htm
avito.ma,https://www.avito.ma/fr/aïn_diab/jouets/Vend_jeux_de_société_mille_bornes_et_4_chevaux_57200573,Vend jeux de société mille bornes et 4 chevaux,150,MAD,,Cheval,,,https://www.avito.ma/fr/aïn_diab/jouets/Vend_jeux_de_société_mille_bornes_et_4_chevaux_57200573.htm
avito.ma,https://www.avito.ma/fr/abdelmoumen/voitures_d_occasion/BMW_Série_1_Diesel_Manuelle_2013_à_Casablanca_57199545,BMW Série 1 Diesel Manuelle 2013 à Casablanca,130000,MAD,,Cheval,,,https://www.avito.ma/fr/abdelmoumen/voitures_d_occasion/BMW_Série_1_Diesel_Manuelle_2013_à_Casablanca_57199545.htm
avito.ma,https://www.avito.ma/fr/taza/voitures_d_occasion/PEUGEOT_3008_DIESEL_57195483,PEUGEOT 3008 DIESEL,250000,MAD,,Cheval,,,https://www.avito.ma/fr/taza/voitures_d_occasion/PEUGEOT_3008_DIESEL_57195483.htm
avito.ma,https://www.avito.ma/fr/sidi_allal_el_bahraoui/voitures_d_occasion/Excellente_opportunité_Golf_2_diesel_modèle_1986_à_vendre_57192121,Excellente opportunité Golf 2 diesel modèle 1986 à vendre,36000,MAD,,Cheval,,,https://www.avito.ma/fr/sidi_allal_el_bahraoui/voitures_d_occasion/Excellente_opportunité_Golf_2_diesel_modèle_1986_à_vendre_57192121.htm
avito.ma,https://www.avito.ma/fr/berrechid/voitures_d_occasion/Nissan_Qashqai_8_chevaux__excellent_état_57190692,"Nissan Qashqai 8 chevaux, excellent état",100000,MAD,,Cheval,,,https://www.avito.ma/fr/berrechid/voitures_d_occasion/Nissan_Qashqai_8_chevaux__excellent_état_57190692.htm
avito.ma,https://www.avito.ma/fr/m_hamid/voitures_d_occasion/Voiture_Ford_Kog_57205810,Voiture Ford Kog,140000,MAD,,Cheval,,,https://www.avito.ma/fr/m_hamid/voitures_d_occasion/Voiture_Ford_Kog_57205810.htm
avito.ma,https://www.avito.ma/fr/tit_mellil/engins_agricoles/Machine_Reggini_57205778,Machine Reggini,28000,MAD,,Cheval,,,https://www.avito.ma/fr/tit_mellil/engins_agricoles/Machine_Reggini_57205778.htm
avito.ma,https://www.avito.ma/fr/tit_mellil/engins_agricoles/Machine_Reggini_57205668,Machine Reggini,28000,MAD,,Cheval,,,https://www.avito.ma/fr/tit_mellil/engins_agricoles/Machine_Reggini_57205668.htm
avito.ma,https://www.avito.ma/fr/aguelmous/terrains_et_fermes/Ferme_Oliviers_et_luzerne_Villa_et_Piscine_57205372,Ferme Oliviers et luzerne Villa et Piscine,2500000,MAD,,Cheval,,,https://www.avito.ma/fr/aguelmous/terrains_et_fermes/Ferme_Oliviers_et_luzerne_Villa_et_Piscine_57205372.htm
avito.ma,https://www.avito.ma/fr/abbadi_braika/voitures_d_occasion/Audi_A6_diesel_manuelle_2005_à_Temara_57203025,Audi A6 diesel manuelle 2005 à Temara,60000,MAD,,Cheval,,,https://www.avito.ma/fr/abbadi_braika/voitures_d_occasion/Audi_A6_diesel_manuelle_2005_à_Temara_57203025.htm
avito.ma,https://www.avito.ma/fr/taroudant/maisons/À_vendre_propriété_exceptionnelle_57202793,À vendre propriété exceptionnelle,6000000,MAD,,Cheval,,,https://www.avito.ma/fr/taroudant/maisons/À_vendre_propriété_exceptionnelle_57202793.htm
avito.ma,https://www.avito.ma/fr/sala_el_jadida/voitures_d_occasion/hyundai_santa_fe_57201766,hyundai santa fe,83000,MAD,,Cheval,,,https://www.avito.ma/fr/sala_el_jadida/voitures_d_occasion/hyundai_santa_fe_57201766.htm
avito.ma,https://www.avito.ma/fr/autre_secteur/voitures_d_occasion/Fiat_Uno_Diesel_Manuelle_1996_à_Skhirat_57201695,Fiat Uno Diesel Manuelle 1996 à Skhirat,17000,MAD,,Cheval,,,https://www.avito.ma/fr/autre_secteur/voitures_d_occasion/Fiat_Uno_Diesel_Manuelle_1996_à_Skhirat_57201695.htm
avito.ma,https://www.avito.ma/fr/autre_secteur/voitures_d_occasion/Fiat_Uno_Diesel_Manuelle_1996_à_Skhirat_57201665,Fiat Uno Diesel Manuelle 1996 à Skhirat,17000,MAD,,Cheval,,,https://www.avito.ma/fr/autre_secteur/voitures_d_occasion/Fiat_Uno_Diesel_Manuelle_1996_à_Skhirat_57201665.htm
avito.ma,https://www.avito.ma/fr/abdelmoumen/voitures_d_occasion/BMW_Série_1_Diesel_Manuelle_2013_à_Casablanca_57199545,BMW Série 1 Diesel Manuelle 2013 à Casablanca,130000,MAD,,Cheval,,,https://www.avito.ma/fr/abdelmoumen/voitures_d_occasion/BMW_Série_1_Diesel_Manuelle_2013_à_Casablanca_57199545.htm
avito.ma,https://www.avito.ma/fr/taza/voitures_d_occasion/PEUGEOT_3008_DIESEL_57195483,PEUGEOT 3008 DIESEL,250000,MAD,,Cheval,,,https://www.avito.ma/fr/taza/voitures_d_occasion/PEUGEOT_3008_DIESEL_57195483.htm
avito.ma,https://www.avito.ma/fr/sidi_allal_el_bahraoui/voitures_d_occasion/Excellente_opportunité_Golf_2_diesel_modèle_1986_à_vendre_57192121,Excellente opportunité Golf 2 diesel modèle 1986 à vendre,36000,MAD,,Cheval,,,https://www.avito.ma/fr/sidi_allal_el_bahraoui/voitures_d_occasion/Excellente_opportunité_Golf_2_diesel_modèle_1986_à_vendre_57192121.htm
avito.ma,https://www.avito.ma/fr/sidi_bernoussi/voitures_d_occasion/BMW_serie_1_57188377,BMW serie 1,85000,MAD,,Cheval,,,https://www.avito.ma/fr/sidi_bernoussi/voitures_d_occasion/BMW_serie_1_57188377.htm
avito.ma,https://www.avito.ma/fr/sidi_bernoussi/voitures_d_occasion/BMW_serie_1_57188318,BMW serie 1,85000,MAD,,Cheval,,,https://www.avito.ma/fr/sidi_bernoussi/voitures_d_occasion/BMW_serie_1_57188318.htm
avito.ma,https://www.avito.ma/fr/al_fida/décoration/Tableau_décoratif_57188061,Tableau décoratif,350,MAD,,Cheval,,,https://www.avito.ma/fr/al_fida/décoration/Tableau_décoratif_57188061.htm
avito.ma,https://www.avito.ma/fr/had_soualem/voitures_d_occasion/kango_dci_2011_1ère_main___jamais_accidenté_57187276,kango dci 2011 1ère main ✋ jamais accidenté,98000,MAD,,Cheval,,,https://www.avito.ma/fr/had_soualem/voitures_d_occasion/kango_dci_2011_1ère_main___jamais_accidenté_57187276.htm
avito.ma,https://www.avito.ma/fr/ouarzazate/voitures_d_occasion/Peugeot_307_très_faible_consmotion_s_et_top___57186772,Peugeot 307 très faible consmotion s et top🍺,76000,MAD,,Cheval,,,https://www.avito.ma/fr/ouarzazate/voitures_d_occasion/Peugeot_307_très_faible_consmotion_s_et_top___57186772.htm
avito.ma,https://www.avito.ma/fr/said_hajji/voitures_d_occasion/Peugeot_307_Diesel_Manuelle_2006_à_Salé_57184927,Peugeot 307 Diesel Manuelle 2006 à Salé,74000,MAD,,Cheval,,,https://www.avito.ma/fr/said_hajji/voitures_d_occasion/Peugeot_307_Diesel_Manuelle_2006_à_Salé_57184927.htm
avito.ma,https://www.avito.ma/fr/guéliz/voitures_d_occasion/Nissan_Qashqai_Diesel_Manuelle_08_2012_à_Marrakech_57184584,Nissan Qashqai Diesel Manuelle 08/2012 à Marrakech,125000,MAD,,Cheval,,,https://www.avito.ma/fr/guéliz/voitures_d_occasion/Nissan_Qashqai_Diesel_Manuelle_08_2012_à_Marrakech_57184584.htm
avito.ma,https://www.avito.ma/fr/al_fida/voitures_d_occasion/Passat_CC_à_vendre_57184185,Passat CC à vendre,152000,MAD,,Cheval,,,https://www.avito.ma/fr/al_fida/voitures_d_occasion/Passat_CC_à_vendre_57184185.htm
avito.ma,https://www.avito.ma/fr/settat/voitures_d_occasion/Peugeot_2008_Diesel_Manuelle_2020_à_Settat_57184126,Peugeot 2008 Diesel Manuelle 2020 à Settat,230000,MAD,,Cheval,,,https://www.avito.ma/fr/settat/voitures_d_occasion/Peugeot_2008_Diesel_Manuelle_2020_à_Settat_57184126.htm
avito.ma,https://www.avito.ma/fr/aïn_chock/voitures_d_occasion/Kia_Karinz_diesel_7_chevaux_modèle_2016_57126445,Kia Karinz diesel 7 chevaux modèle 2016,72000,MAD,,Cheval,,,https://www.avito.ma/fr/aïn_chock/voitures_d_occasion/Kia_Karinz_diesel_7_chevaux_modèle_2016_57126445.htm
avito.ma,https://www.avito.ma/fr/ksar_es_seghir/voitures_d_occasion/Peugeot306_57183682,Peugeot306,23000,MAD,,Cheval,,,https://www.avito.ma/fr/ksar_es_seghir/voitures_d_occasion/Peugeot306_57183682.htm
avito.ma,https://www.avito.ma/fr/inzegan/voitures_d_occasion/C3_essence_57181706,C3 essence,50000,MAD,,Cheval,,,https://www.avito.ma/fr/inzegan/voitures_d_occasion/C3_essence_57181706.htm
avito.ma,https://www.avito.ma/fr/anfa/voitures_d_occasion/Range_Rover_Evoque_faible_kilométrage_57181677,Range Rover Evoque faible kilométrage,297000,MAD,,Cheval,,,https://www.avito.ma/fr/anfa/voitures_d_occasion/Range_Rover_Evoque_faible_kilométrage_57181677.htm
avito.ma,https://www.avito.ma/fr/tghat/voitures_d_occasion/SEAT_Arona__Full_Option___2022__57181245,SEAT Arona (Full Option - 2022),187000,MAD,,Cheval,,,https://www.avito.ma/fr/tghat/voitures_d_occasion/SEAT_Arona__Full_Option___2022__57181245.htm
avito.ma,https://www.avito.ma/fr/hay_moulay_rachid/voitures_d_occasion/Volkswagen_Tiguan_56506997,Volkswagen Tiguan,299000,MAD,,Cheval,,,https://www.avito.ma/fr/hay_moulay_rachid/voitures_d_occasion/Volkswagen_Tiguan_56506997.htm
avito.ma,https://www.avito.ma/fr/allal_el_fassi/voitures_d_occasion/GWM_POER_2_0L_170_CH_À_SAISIR_57423308,GWM POER 2.0L 170 CH À SAISIR,255000,MAD,,Cheval,,,https://www.avito.ma/fr/allal_el_fassi/voitures_d_occasion/GWM_POER_2_0L_170_CH_À_SAISIR_57423308.htm
avito.ma,https://www.avito.ma/fr/saies/voitures_d_occasion/BMW_Série_3_Diesel_Automatique_2016_à_Fès_57180750,BMW Série 3 Diesel Automatique 2016 à Fès,230000,MAD,,Cheval,,,https://www.avito.ma/fr/saies/voitures_d_occasion/BMW_Série_3_Diesel_Automatique_2016_à_Fès_57180750.htm
avito.ma,https://www.avito.ma/fr/hamria/motos/Honda_Jazz___Little_American_57179068,Honda Jazz - Little American,13000,MAD,,Cheval,,,https://www.avito.ma/fr/hamria/motos/Honda_Jazz___Little_American_57179068.htm
avito.ma,https://www.avito.ma/fr/tghat/voitures_d_occasion/Citroën_C3__عامرة___2020__57178799,Citroën C3 (عامرة - 2020),127000,MAD,,Cheval,,,https://www.avito.ma/fr/tghat/voitures_d_occasion/Citroën_C3__عامرة___2020__57178799.htm
avito.ma,https://www.avito.ma/fr/hay_moulay_rachid/voitures_d_occasion/Citroen_C3_Essence_Manuelle_2004_à_Casablanca_56335374,Citroen C3 Essence Manuelle 2004 à Casablanca,50000,MAD,,Cheval,,,https://www.avito.ma/fr/hay_moulay_rachid/voitures_d_occasion/Citroen_C3_Essence_Manuelle_2004_à_Casablanca_56335374.htm
avito.ma,https://www.avito.ma/fr/khemisset/terrains_et_fermes/ferme_5ha_à_Khemisset_ضيعة_للبيع_57107689,ferme 5ha à Khemisset ضيعة للبيع,2000000,MAD,,Cheval,,,https://www.avito.ma/fr/khemisset/terrains_et_fermes/ferme_5ha_à_Khemisset_ضيعة_للبيع_57107689.htm
avito.ma,https://www.avito.ma/fr/marjane_2/voitures_d_occasion/Peugeot_407_57176547,Peugeot 407,54000,MAD,,Cheval,,,https://www.avito.ma/fr/marjane_2/voitures_d_occasion/Peugeot_407_57176547.htm
avito.ma,https://www.avito.ma/fr/hay_al_wafaa/voitures_d_occasion/RenaultClio_57175737,RenaultClio,54000,MAD,,Cheval,,,https://www.avito.ma/fr/hay_al_wafaa/voitures_d_occasion/RenaultClio_57175737.htm
avito.ma,https://www.avito.ma/fr/ain_kadous/voitures_d_occasion/Clio_4_Automatique__Intense___2019__57174071,Clio 4 Automatique (Intense - 2019),129000,MAD,,Cheval,,,https://www.avito.ma/fr/ain_kadous/voitures_d_occasion/Clio_4_Automatique__Intense___2019__57174071.htm
avito.ma,https://www.avito.ma/fr/ain_aouda/voitures_d_occasion/Chevrolet_optra_2006_essence_excellent_état_57171885,Chevrolet optra 2006 essence excellent état,36000,MAD,,Cheval,,,https://www.avito.ma/fr/ain_aouda/voitures_d_occasion/Chevrolet_optra_2006_essence_excellent_état_57171885.htm
avito.ma,https://www.avito.ma/fr/oued_fès/voitures_d_occasion/FIAT_Tipo__Automatique___2023__57171835,FIAT Tipo (Automatique - 2023),144000,MAD,,Cheval,,,https://www.avito.ma/fr/oued_fès/voitures_d_occasion/FIAT_Tipo__Automatique___2023__57171835.htm
avito.ma,https://www.avito.ma/fr/agdal/voitures_d_occasion/Land_Rover_Defender_Hybride_Automatique_2024_57167455,Land Rover Defender Hybride Automatique 2024,970000,MAD,,Cheval,,,https://www.avito.ma/fr/agdal/voitures_d_occasion/Land_Rover_Defender_Hybride_Automatique_2024_57167455.htm
avito.ma,https://www.avito.ma/fr/autre_secteur/voitures_d_occasion/Fiat_Doblo_Commerce_en_bon_état_57167401,Fiat Doblo Commerce en bon état,88000,MAD,,Cheval,,,https://www.avito.ma/fr/autre_secteur/voitures_d_occasion/Fiat_Doblo_Commerce_en_bon_état_57167401.htm
avito.ma,https://www.avito.ma/fr/settat/voitures_d_occasion/Ford_Kuga_2l_Tdci_manuelle_très_très_bon_état_57166271,Ford Kuga 2l Tdci manuelle très très bon état,155000,MAD,,Cheval,,,https://www.avito.ma/fr/settat/voitures_d_occasion/Ford_Kuga_2l_Tdci_manuelle_très_très_bon_état_57166271.htm
avito.ma,https://www.avito.ma/fr/aïn_chock/voitures_d_occasion/Kia_Karinz_diesel_7_chevaux_modèle_2016_57126445,Kia Karinz diesel 7 chevaux modèle 2016,72000,MAD,,Cheval,,,https://www.avito.ma/fr/aïn_chock/voitures_d_occasion/Kia_Karinz_diesel_7_chevaux_modèle_2016_57126445.htm
avito.ma,https://www.avito.ma/fr/frougui/voitures_d_occasion/Volkswagen_Tiguan_Allspace_57163293,Volkswagen Tiguan Allspace,400000,MAD,,Cheval,,,https://www.avito.ma/fr/frougui/voitures_d_occasion/Volkswagen_Tiguan_Allspace_57163293.htm
avito.ma,https://www.avito.ma/fr/allal_el_fassi/voitures_d_occasion/Golf_7_2018_57162660,Golf 7 2018,167000,MAD,,Cheval,,,https://www.avito.ma/fr/allal_el_fassi/voitures_d_occasion/Golf_7_2018_57162660.htm
avito.ma,https://www.avito.ma/fr/agdal/voitures_d_occasion/Ford_Mustang_EcoBoost_Stage_2_2017_à_Rabat_57161465,Ford Mustang EcoBoost Stage 2 2017 à Rabat,280000,MAD,,Cheval,,,https://www.avito.ma/fr/agdal/voitures_d_occasion/Ford_Mustang_EcoBoost_Stage_2_2017_à_Rabat_57161465.htm
avito.ma,https://www.avito.ma/fr/autre_secteur/voitures_d_occasion/Renault_Clio_2_57161319,Renault Clio 2,49000,MAD,,Cheval,,,https://www.avito.ma/fr/autre_secteur/voitures_d_occasion/Renault_Clio_2_57161319.htm
avito.ma,https://www.avito.ma/fr/agdal/voitures_d_occasion/Audi_RS3_Sportback_importée_neuve_en_2018_à_Rabat_57161282,Audi RS3 Sportback importée neuve en 2018 à Rabat,360000,MAD,,Cheval,,,https://www.avito.ma/fr/agdal/voitures_d_occasion/Audi_RS3_Sportback_importée_neuve_en_2018_à_Rabat_57161282.htm
avito.ma,https://www.avito.ma/fr/centre_ville/voitures_d_occasion/Chevrolet_Captiva_57161174,Chevrolet Captiva,95000,MAD,,Cheval,,,https://www.avito.ma/fr/centre_ville/voitures_d_occasion/Chevrolet_Captiva_57161174.htm
avito.ma,https://www.avito.ma/fr/centre_ville/jouets/Jouets_de_cheval_57121884,Jouets de cheval,480,MAD,,Cheval,,,https://www.avito.ma/fr/centre_ville/jouets/Jouets_de_cheval_57121884.htm
avito.ma,https://www.avito.ma/fr/azzouzia/voitures_d_occasion/Sang_young_korando_57159829,Sang young korando,85000,MAD,,Cheval,,,https://www.avito.ma/fr/azzouzia/voitures_d_occasion/Sang_young_korando_57159829.htm
avito.ma,https://www.avito.ma/fr/agdal/voitures_d_occasion/DACIA_SANDERO_57159598,DACIA SANDERO,84000,MAD,,Cheval,,,https://www.avito.ma/fr/agdal/voitures_d_occasion/DACIA_SANDERO_57159598.htm
avito.ma,https://www.avito.ma/fr/maarif/voitures_d_occasion/Volkswagen_Tiguan_Diesel_Manuelle_2015_57159277,Volkswagen Tiguan Diesel Manuelle 2015,165000,MAD,,Cheval,,,https://www.avito.ma/fr/maarif/voitures_d_occasion/Volkswagen_Tiguan_Diesel_Manuelle_2015_57159277.htm
avito.ma,https://www.avito.ma/fr/taourirt/fourgon_et_minibus/Kia_Pregio_Diesel_Manuelle_1996_à_Taourirt_56310469,Kia Pregio Diesel Manuelle 1996 à Taourirt,60000,MAD,,Cheval,,,https://www.avito.ma/fr/taourirt/fourgon_et_minibus/Kia_Pregio_Diesel_Manuelle_1996_à_Taourirt_56310469.htm
avito.ma,https://www.avito.ma/fr/autre_secteur/voitures_d_occasion/Kia_Pregio_Diesel_Manuelle_1996_à_Oujda_56325396,Kia Pregio Diesel Manuelle 1996 à Oujda,60000,MAD,,Cheval,,,https://www.avito.ma/fr/autre_secteur/voitures_d_occasion/Kia_Pregio_Diesel_Manuelle_1996_à_Oujda_56325396.htm
avito.ma,https://www.avito.ma/fr/autre_secteur/voitures_d_occasion/Seat_57158843,Seat,27000,MAD,,Cheval,,,https://www.avito.ma/fr/autre_secteur/voitures_d_occasion/Seat_57158843.htm
avito.ma,https://www.avito.ma/fr/oulfa/voitures_d_occasion/Honda_accord_57158139,Honda accord,129000,MAD,,Cheval,,,https://www.avito.ma/fr/oulfa/voitures_d_occasion/Honda_accord_57158139.htm
avito.ma,https://www.avito.ma/fr/sidi_moumen/voitures_d_occasion/Peugeot_508_57157683,Peugeot 508,110000,MAD,,Cheval,,,https://www.avito.ma/fr/sidi_moumen/voitures_d_occasion/Peugeot_508_57157683.htm
avito.ma,https://www.avito.ma/fr/bele_vue/voitures_d_occasion/Maserati_Ghibli_Diesel_Automatique_2016_à_Meknès_57156786,Maserati Ghibli Diesel Automatique 2016 à Meknès,250000,MAD,,Cheval,,,https://www.avito.ma/fr/bele_vue/voitures_d_occasion/Maserati_Ghibli_Diesel_Automatique_2016_à_Meknès_57156786.htm
avito.ma,https://www.avito.ma/fr/saada/voitures_d_occasion/Chrysler_300_Essence_Automatique_2004_à_El_Jadida_57156292,Chrysler 300 Essence Automatique 2004 à El Jadida,52000,MAD,,Cheval,,,https://www.avito.ma/fr/saada/voitures_d_occasion/Chrysler_300_Essence_Automatique_2004_à_El_Jadida_57156292.htm
avito.ma,https://www.avito.ma/fr/autre_secteur/voitures_d_occasion/Toyota_Corolla_Diesel_Manuelle_2013_à_Ifrane_57155819,Toyota Corolla Diesel Manuelle 2013 à Ifrane,130000,MAD,,Cheval,,,https://www.avito.ma/fr/autre_secteur/voitures_d_occasion/Toyota_Corolla_Diesel_Manuelle_2013_à_Ifrane_57155819.htm
avito.ma,https://www.avito.ma/fr/ait_melloul/camions/Tata_motors_super_ace_57155106,Tata motors super ace,134900,MAD,,Cheval,,,https://www.avito.ma/fr/ait_melloul/camions/Tata_motors_super_ace_57155106.htm
avito.ma,https://www.avito.ma/fr/californie/voitures_d_occasion/Rang_Rover_Velar_en_bon_état_57154577,Rang Rover Velar en bon état,335000,MAD,,Cheval,,,https://www.avito.ma/fr/californie/voitures_d_occasion/Rang_Rover_Velar_en_bon_état_57154577.htm
avito.ma,https://www.avito.ma/fr/autre_secteur/autre_matériel_professionel/Compresseur_silencieux_100L_Monophasé_3_HP_GTS_Pro_57154030,Compresseur silencieux 100L Monophasé 3 HP GTS Pro,5400,MAD,,Cheval,,,https://www.avito.ma/fr/autre_secteur/autre_matériel_professionel/Compresseur_silencieux_100L_Monophasé_3_HP_GTS_Pro_57154030.htm
avito.ma,https://www.avito.ma/fr/mediouna/camions/Pick_up_Nissan_57153179,Pick-up Nissan,11000,MAD,,Cheval,,,https://www.avito.ma/fr/mediouna/camions/Pick_up_Nissan_57153179.htm
avito.ma,https://www.avito.ma/fr/c.i.l/voitures_d_occasion/Range_Sport_Dynamic_première_main_56144945,Range Sport Dynamic première main,285000,MAD,,Cheval,,,https://www.avito.ma/fr/c.i.l/voitures_d_occasion/Range_Sport_Dynamic_première_main_56144945.htm
avito.ma,https://www.avito.ma/fr/aïn_chock/voitures_d_occasion/voiture_à_vendre_Dacia_Logan_57152884,voiture à vendre Dacia Logan,85000,MAD,,Cheval,,,https://www.avito.ma/fr/aïn_chock/voitures_d_occasion/voiture_à_vendre_Dacia_Logan_57152884.htm
avito.ma,https://www.avito.ma/fr/boujniba/voitures_d_occasion/Peugeot_206_essence_57152865,Peugeot 206 essence,45000,MAD,,Cheval,,,https://www.avito.ma/fr/boujniba/voitures_d_occasion/Peugeot_206_essence_57152865.htm
avito.ma,https://www.avito.ma/fr/extension_dakhla/voitures_d_occasion/Volkswagen_Tiguan_Diesel_Automatique_2020_à_Agadir_57152176,Volkswagen Tiguan Diesel Automatique 2020 à Agadir,315000,MAD,,Cheval,,,https://www.avito.ma/fr/extension_dakhla/voitures_d_occasion/Volkswagen_Tiguan_Diesel_Automatique_2020_à_Agadir_57152176.htm
avito.ma,https://www.avito.ma/fr/wislane/voitures_d_occasion/Clio_V_1_0_TCE_de_france_57151346,Clio V 1.0 TCE de france,160000,MAD,,Cheval,,,https://www.avito.ma/fr/wislane/voitures_d_occasion/Clio_V_1_0_TCE_de_france_57151346.htm
avito.ma,https://www.avito.ma/fr/said_hajji/voitures_d_occasion/Volkswagen_Passat_CC_2025__170_ch__Noir_57151166,"Volkswagen Passat CC 2025, 170 ch, Noir",155000,MAD,,Cheval,,,https://www.avito.ma/fr/said_hajji/voitures_d_occasion/Volkswagen_Passat_CC_2025__170_ch__Noir_57151166.htm
avito.ma,https://www.avito.ma/fr/ain_sebaa/voitures_d_occasion/Peugeot_407_57150804,Peugeot 407,65000,MAD,,Cheval,,,https://www.avito.ma/fr/ain_sebaa/voitures_d_occasion/Peugeot_407_57150804.htm
avito.ma,https://www.avito.ma/fr/laâyoune/voitures_d_occasion/Modèle_96_dédouanée_2009_57150516,Modèle 96 dédouanée 2009,40000,MAD,,Cheval,,,https://www.avito.ma/fr/laâyoune/voitures_d_occasion/Modèle_96_dédouanée_2009_57150516.htm
avito.ma,https://www.avito.ma/fr/hamza/matériel_agricole/Tronçonneuse_Alpina_ACS_538__14__38_5cc_Barre_35cm_1_6kW_57145729,Tronçonneuse Alpina ACS 538 (14) 38.5cc Barre 35cm 1.6kW,1500,MAD,,Cheval,,,https://www.avito.ma/fr/hamza/matériel_agricole/Tronçonneuse_Alpina_ACS_538__14__38_5cc_Barre_35cm_1_6kW_57145729.htm
avito.ma,https://www.avito.ma/fr/abi_horaira/arts_et_collections/SELLE_CHEVAL_EN_CUIR_ET_GRAVURE_MAGNIFIQUE_57105469,SELLE CHEVAL EN CUIR ET GRAVURE MAGNIFIQUE,4500,MAD,,Cheval,,,https://www.avito.ma/fr/abi_horaira/arts_et_collections/SELLE_CHEVAL_EN_CUIR_ET_GRAVURE_MAGNIFIQUE_57105469.htm
avito.ma,https://www.avito.ma/fr/sidi_allal_el_bahraoui/terrains_et_fermes/TERRAIN_ZONE_VILLA_57145037,TERRAIN ZONE VILLA,639000,MAD,,Cheval,,,https://www.avito.ma/fr/sidi_allal_el_bahraoui/terrains_et_fermes/TERRAIN_ZONE_VILLA_57145037.htm
avito.ma,https://www.avito.ma/fr/amal/voitures_d_occasion/Accord_57143436,Accord,68000,MAD,,Cheval,,,https://www.avito.ma/fr/amal/voitures_d_occasion/Accord_57143436.htm
avito.ma,https://www.avito.ma/fr/khénifra/animaux_domestique/Cheval_à_vendre_57106701,Cheval à vendre,15000,MAD,,Cheval,,,https://www.avito.ma/fr/khénifra/animaux_domestique/Cheval_à_vendre_57106701.htm
avito.ma,https://www.avito.ma/fr/khouribga/voitures_d_occasion/Volkswagen_Polo_Diesel_Manuelle_2013_à_Khouribga_57140027,Volkswagen Polo Diesel Manuelle 2013 à Khouribga,97000,MAD,,Cheval,,,https://www.avito.ma/fr/khouribga/voitures_d_occasion/Volkswagen_Polo_Diesel_Manuelle_2013_à_Khouribga_57140027.htm
avito.ma,https://www.avito.ma/fr/mdiq/voitures_d_occasion/Seat_León_2015_57143022,Seat León 2015,70000,MAD,,Cheval,,,https://www.avito.ma/fr/mdiq/voitures_d_occasion/Seat_León_2015_57143022.htm
avito.ma,https://www.avito.ma/fr/el_qaria/voitures_d_occasion/migan_calcique_essence_modèle_97_reprise_momkin_57139097,migan calcique essence modèle 97 reprise momkin,45000,MAD,,Cheval,,,https://www.avito.ma/fr/el_qaria/voitures_d_occasion/migan_calcique_essence_modèle_97_reprise_momkin_57139097.htm
avito.ma,https://www.avito.ma/fr/autre_secteur/pièces_et_accessoires_pour_véhicules/Nissan_Murano_Z50_joint_de_culasse_HS_57139072,Nissan Murano Z50 joint de culasse HS,25000,MAD,,Cheval,,,https://www.avito.ma/fr/autre_secteur/pièces_et_accessoires_pour_véhicules/Nissan_Murano_Z50_joint_de_culasse_HS_57139072.htm
avito.ma,https://www.avito.ma/fr/hay_charaf/voitures_d_occasion/Volkswagen_Polo_Essence_57138153,Volkswagen Polo Essence,76000,MAD,,Cheval,,,https://www.avito.ma/fr/hay_charaf/voitures_d_occasion/Volkswagen_Polo_Essence_57138153.htm
avito.ma,https://www.avito.ma/fr/dar_bouazza/voitures_d_occasion/Mahindra_modèle_2022_57135642,Mahindra modèle 2022,79000,MAD,,Cheval,,,https://www.avito.ma/fr/dar_bouazza/voitures_d_occasion/Mahindra_modèle_2022_57135642.htm
avito.ma,https://www.avito.ma/fr/dar_bouazza/voitures_d_occasion/Mahindra_modèle_2022_57135642,Mahindra modèle 2022,79000,MAD,,Cheval,,,https://www.avito.ma/fr/dar_bouazza/voitures_d_occasion/Mahindra_modèle_2022_57135642.htm
avito.ma,https://www.avito.ma/fr/béni_mellal/voitures_d_occasion/Ford_Focus_57135355,Ford Focus,120000,MAD,,Cheval,,,https://www.avito.ma/fr/béni_mellal/voitures_d_occasion/Ford_Focus_57135355.htm
avito.ma,https://www.avito.ma/fr/m_hamid/accessoires_pour_animaux/Plaques_de_cheveux_57133169,Plaques de cheveux,400,MAD,,Cheval,,,https://www.avito.ma/fr/m_hamid/accessoires_pour_animaux/Plaques_de_cheveux_57133169.htm
avito.ma,https://www.avito.ma/fr/el_youssoufia/voitures_d_occasion/Mitsubishi_Lancer_57132467,Mitsubishi Lancer,73000,MAD,,Cheval,,,https://www.avito.ma/fr/el_youssoufia/voitures_d_occasion/Mitsubishi_Lancer_57132467.htm
avito.ma,https://www.avito.ma/fr/hay_kassam/voitures_d_occasion/Skoda_à_vendre_57131450,Skoda à vendre,165000,MAD,,Cheval,,,https://www.avito.ma/fr/hay_kassam/voitures_d_occasion/Skoda_à_vendre_57131450.htm
avito.ma,https://www.avito.ma/fr/autre_secteur/voitures_d_occasion/Daihatsu_Sirion_57131248,Daihatsu Sirion,62000,MAD,,Cheval,,,https://www.avito.ma/fr/autre_secteur/voitures_d_occasion/Daihatsu_Sirion_57131248.htm
avito.ma,https://www.avito.ma/fr/autre_secteur/voitures_d_occasion/Peugeot_309_essence_6_dalkhil_57131106,Peugeot 309 essence 6 dalkhil,27000,MAD,,Cheval,,,https://www.avito.ma/fr/autre_secteur/voitures_d_occasion/Peugeot_309_essence_6_dalkhil_57131106.htm
avito.ma,https://www.avito.ma/fr/sidi_bernoussi/voitures_d_occasion/Geep_Renegade_longitude_57130882,Geep Renegade longitude,189000,MAD,,Cheval,,,https://www.avito.ma/fr/sidi_bernoussi/voitures_d_occasion/Geep_Renegade_longitude_57130882.htm
avito.ma,https://www.avito.ma/fr/route_d_ourika/jouets/Lot_de_17_pieces_57125473,Lot de 17 pieces,1200,MAD,,Cheval,,,https://www.avito.ma/fr/route_d_ourika/jouets/Lot_de_17_pieces_57125473.htm
avito.ma,https://www.avito.ma/fr/daoudiate/voitures_d_occasion/___Nissan_Qashqai_2018___Excellent_état____57124756,🚘 Nissan Qashqai 2018 – Excellent état 🔥,197000,MAD,,Cheval,,,https://www.avito.ma/fr/daoudiate/voitures_d_occasion/___Nissan_Qashqai_2018___Excellent_état____57124756.htm
avito.ma,https://www.avito.ma/fr/beauséjour/voitures_d_occasion/BMW_Série_1_120D_Automatique_2006_à_Casablanca_57124757,BMW Série 1 120D Automatique 2006 à Casablanca,90000,MAD,,Cheval,,,https://www.avito.ma/fr/beauséjour/voitures_d_occasion/BMW_Série_1_120D_Automatique_2006_à_Casablanca_57124757.htm
avito.ma,https://www.avito.ma/fr/oulfa/voitures_d_occasion/Fiat_Punto_Diesel_Manuelle_2016_à_Casablanca_57124267,Fiat Punto Diesel Manuelle 2016 à Casablanca,95000,MAD,,Cheval,,,https://www.avito.ma/fr/oulfa/voitures_d_occasion/Fiat_Punto_Diesel_Manuelle_2016_à_Casablanca_57124267.htm
avito.ma,https://www.avito.ma/fr/casablanca_finance_city/voitures_d_occasion/Renault_r_19_à_vendre_à_un_prix_raisonnable_57124012,Renault r 19 à vendre à un prix raisonnable,29000,MAD,,Cheval,,,https://www.avito.ma/fr/casablanca_finance_city/voitures_d_occasion/Renault_r_19_à_vendre_à_un_prix_raisonnable_57124012.htm
avito.ma,https://www.avito.ma/fr/bournazil/voitures_d_occasion/DACIA_SANDERO_Diesel_57121634,DACIA SANDERO Diesel,92000,MAD,,Cheval,,,https://www.avito.ma/fr/bournazil/voitures_d_occasion/DACIA_SANDERO_Diesel_57121634.htm
avito.ma,https://www.avito.ma/fr/said_hajji/voitures_d_occasion/Alfa_Roméo_2_4_Jtd_modèle_2005_57119961,Alfa Roméo 2.4 Jtd modèle 2005,27000,MAD,,Cheval,,,https://www.avito.ma/fr/said_hajji/voitures_d_occasion/Alfa_Roméo_2_4_Jtd_modèle_2005_57119961.htm
avito.ma,https://www.avito.ma/fr/centre_ville/voitures_d_occasion/Vente_d_une_voiture_d_occasion_57117654,Vente d'une voiture d'occasion,50000,MAD,,Cheval,,,https://www.avito.ma/fr/centre_ville/voitures_d_occasion/Vente_d_une_voiture_d_occasion_57117654.htm
avito.ma,https://www.avito.ma/fr/centre_ville/voitures_d_occasion/Audi_A5_Diesel_2016_dw_2025_57113781,Audi A5 Diesel 2016 dw 2025,190000,MAD,,Cheval,,,https://www.avito.ma/fr/centre_ville/voitures_d_occasion/Audi_A5_Diesel_2016_dw_2025_57113781.htm
avito.ma,https://www.avito.ma/fr/ait_baha/fourgon_et_minibus/Voiture_Trafic_57113450,Voiture Trafic,42000,MAD,,Cheval,,,https://www.avito.ma/fr/ait_baha/fourgon_et_minibus/Voiture_Trafic_57113450.htm
avito.ma,https://www.avito.ma/fr/hay_el_fath/voitures_d_occasion/Citroën_Xsara_Picasso_57113319,Citroën Xsara Picasso,60000,MAD,,Cheval,,,https://www.avito.ma/fr/hay_el_fath/voitures_d_occasion/Citroën_Xsara_Picasso_57113319.htm
avito.ma,https://www.avito.ma/fr/haddad/voitures_d_occasion/Tanger__Aouama_57112773,"Tanger, Aouama",460000,MAD,,Cheval,,,https://www.avito.ma/fr/haddad/voitures_d_occasion/Tanger__Aouama_57112773.htm
avito.ma,https://www.avito.ma/fr/marchan/voitures_d_occasion/Mercedes_Benz_Classe_C_Diesel_Manuelle_2015_57111691,Mercedes-Benz Classe C Diesel Manuelle 2015,240000,MAD,,Cheval,,,https://www.avito.ma/fr/marchan/voitures_d_occasion/Mercedes_Benz_Classe_C_Diesel_Manuelle_2015_57111691.htm
avito.ma,https://www.avito.ma/fr/hay_oued_dahab/voitures_d_occasion/Renault_fluence_57111135,Renault fluence,96000,MAD,,Cheval,,,https://www.avito.ma/fr/hay_oued_dahab/voitures_d_occasion/Renault_fluence_57111135.htm
avito.ma,https://www.avito.ma/fr/polo/voitures_d_occasion/Fiat_Tipo_Diesel_Automatique_2021_à_Casablanca_57110906,Fiat Tipo Diesel Automatique 2021 à Casablanca,150000,MAD,,Cheval,,,https://www.avito.ma/fr/polo/voitures_d_occasion/Fiat_Tipo_Diesel_Automatique_2021_à_Casablanca_57110906.htm
avito.ma,https://www.avito.ma/fr/hay_hassani/voitures_d_occasion/Honda_Accord_Diesel_Automatique_2010_à_Casablanca_57110808,Honda Accord Diesel Automatique 2010 à Casablanca,120000,MAD,,Cheval,,,https://www.avito.ma/fr/hay_hassani/voitures_d_occasion/Honda_Accord_Diesel_Automatique_2010_à_Casablanca_57110808.htm
avito.ma,https://www.avito.ma/fr/al_wifaq/animaux_de_ferme/cheval_arabe_barbe_57047816,cheval arabe barbe,85000,MAD,,Cheval,,,https://www.avito.ma/fr/al_wifaq/animaux_de_ferme/cheval_arabe_barbe_57047816.htm
avito.ma,https://www.avito.ma/fr/achennad/voitures_d_occasion/Voiture_Uno_Fiat_57108412,Voiture Uno Fiat,21000,MAD,,Cheval,,,https://www.avito.ma/fr/achennad/voitures_d_occasion/Voiture_Uno_Fiat_57108412.htm
avito.ma,https://www.avito.ma/fr/mimosas/voitures_d_occasion/Passat_cc_57108274,Passat cc,127000,MAD,,Cheval,,,https://www.avito.ma/fr/mimosas/voitures_d_occasion/Passat_cc_57108274.htm
avito.ma,https://www.avito.ma/fr/sefrou/voitures_d_occasion/hyundai_ix35_57107802,hyundai ix35,156000,MAD,,Cheval,,,https://www.avito.ma/fr/sefrou/voitures_d_occasion/hyundai_ix35_57107802.htm
avito.ma,https://www.avito.ma/fr/sidi_maarouf/voitures_d_occasion/Opel_Astra_K_2019_57107342,Opel Astra K 2019,135000,MAD,,Cheval,,,https://www.avito.ma/fr/sidi_maarouf/voitures_d_occasion/Opel_Astra_K_2019_57107342.htm
avito.ma,https://www.avito.ma/fr/almaz/voitures_d_occasion/Opel_Insignia_Diesel_Manuelle_2017_à_Casablanca_57106259,Opel Insignia Diesel Manuelle 2017 à Casablanca,150000,MAD,,Cheval,,,https://www.avito.ma/fr/almaz/voitures_d_occasion/Opel_Insignia_Diesel_Manuelle_2017_à_Casablanca_57106259.htm
avito.ma,https://www.avito.ma/fr/californie/voitures_d_occasion/Range_Rover_Evoque_24_600_km_57508457,Range Rover Evoque 24 600 km,365000,MAD,,Cheval,,,https://www.avito.ma/fr/californie/voitures_d_occasion/Range_Rover_Evoque_24_600_km_57508457.htm
avito.ma,https://www.avito.ma/fr/lalla_hnia_hamria/voitures_d_occasion/Volvo_s60_diesel_manuelle_57098046,Volvo s60 diesel manuelle,60000,MAD,,Cheval,,,https://www.avito.ma/fr/lalla_hnia_hamria/voitures_d_occasion/Volvo_s60_diesel_manuelle_57098046.htm
avito.ma,https://www.avito.ma/fr/al_baladya/voitures_d_occasion/BMWX1_2021_diesel_automatique_full_option_57097622,BMWX1 2021 diesel automatique full option,330000,MAD,,Cheval,,,https://www.avito.ma/fr/al_baladya/voitures_d_occasion/BMWX1_2021_diesel_automatique_full_option_57097622.htm
avito.ma,https://www.avito.ma/fr/park/voitures_d_occasion/BMW_Série_5_Diesel_Automatique_2004_à_Oujda_57095729,BMW Série 5 Diesel Automatique 2004 à Oujda,95000,MAD,,Cheval,,,https://www.avito.ma/fr/park/voitures_d_occasion/BMW_Série_5_Diesel_Automatique_2004_à_Oujda_57095729.htm
avito.ma,https://www.avito.ma/fr/hassan/motos/Ducati_Monster_821_stealth_limited_57095075,Ducati Monster 821 stealth limited,89000,MAD,,Cheval,,,https://www.avito.ma/fr/hassan/motos/Ducati_Monster_821_stealth_limited_57095075.htm
avito.ma,https://www.avito.ma/fr/route_d_immouzere/voitures_d_occasion/Volkswagen_Golf_7_57094602,Volkswagen Golf 7,180000,MAD,,Cheval,,,https://www.avito.ma/fr/route_d_immouzere/voitures_d_occasion/Volkswagen_Golf_7_57094602.htm
avito.ma,https://www.avito.ma/fr/el_youssoufia/voitures_d_occasion/Peugeot_2005_57094445,Peugeot 2005,50000,MAD,,Cheval,,,https://www.avito.ma/fr/el_youssoufia/voitures_d_occasion/Peugeot_2005_57094445.htm
avito.ma,https://www.avito.ma/fr/el_youssoufia/voitures_d_occasion/peugent_2005_57094345,peugent 2005,50000,MAD,,Cheval,,,https://www.avito.ma/fr/el_youssoufia/voitures_d_occasion/peugent_2005_57094345.htm
avito.ma,https://www.avito.ma/fr/autre_secteur/voitures_d_occasion/Dacia_Logan_Diesel_Manuelle_2013_à_Casablanca_57094154,Dacia Logan Diesel Manuelle 2013 à Casablanca,60000,MAD,,Cheval,,,https://www.avito.ma/fr/autre_secteur/voitures_d_occasion/Dacia_Logan_Diesel_Manuelle_2013_à_Casablanca_57094154.htm
avito.ma,https://www.avito.ma/fr/ain_mezouar/voitures_d_occasion/Dacia_Docker_2015_en_bonne_état_57091114,Dacia Docker 2015 en bonne état,120000,MAD,,Cheval,,,https://www.avito.ma/fr/ain_mezouar/voitures_d_occasion/Dacia_Docker_2015_en_bonne_état_57091114.htm
avito.ma,https://www.avito.ma/fr/autre_secteur/terrains_et_fermes/Des_boxes_pour_chevaux_57078526,Des boxes pour chevaux,460000,MAD,,Cheval,,,https://www.avito.ma/fr/autre_secteur/terrains_et_fermes/Des_boxes_pour_chevaux_57078526.htm
avito.ma,https://www.avito.ma/fr/zone_industrielle_agadir/voitures_d_occasion/Polo_12_2003_diesel_57090619,Polo 12/2003 diesel,58000,MAD,,Cheval,,,https://www.avito.ma/fr/zone_industrielle_agadir/voitures_d_occasion/Polo_12_2003_diesel_57090619.htm
avito.ma,https://www.avito.ma/fr/aaouinat_hajjaj/voitures_d_occasion/Peugeot_2015_essence_57090128,Peugeot 2015 essence,49000,MAD,,Cheval,,,https://www.avito.ma/fr/aaouinat_hajjaj/voitures_d_occasion/Peugeot_2015_essence_57090128.htm
avito.ma,https://www.avito.ma/fr/autre_secteur/voitures_d_occasion/Dacia_Logan_Diesel_Manuelle_2013_à_Casablanca_57094161,Dacia Logan Diesel Manuelle 2013 à Casablanca,60000,MAD,,Cheval,,,https://www.avito.ma/fr/autre_secteur/voitures_d_occasion/Dacia_Logan_Diesel_Manuelle_2013_à_Casablanca_57094161.htm
avito.ma,https://www.avito.ma/fr/khabazat/voitures_d_occasion/Hyundai_ix35_Diesel_Automatique_2016_à_Kénitra_57086181,Hyundai ix35 Diesel Automatique 2016 à Kénitra,165000,MAD,,Cheval,,,https://www.avito.ma/fr/khabazat/voitures_d_occasion/Hyundai_ix35_Diesel_Automatique_2016_à_Kénitra_57086181.htm
avito.ma,https://www.avito.ma/fr/autre_secteur/voitures_d_occasion/Mercedes_B180_automatique_7_ch_57084597,Mercedes B180 automatique 7 ch,168000,MAD,,Cheval,,,https://www.avito.ma/fr/autre_secteur/voitures_d_occasion/Mercedes_B180_automatique_7_ch_57084597.htm
avito.ma,https://www.avito.ma/fr/hay_oued_dahab/voitures_d_occasion/Citroën_1995_diesel_57082888,Citroën 1995 diesel,20000,MAD,,Cheval,,,https://www.avito.ma/fr/hay_oued_dahab/voitures_d_occasion/Citroën_1995_diesel_57082888.htm
avito.ma,https://www.avito.ma/fr/ouarzazate/voitures_d_occasion/Land_Rover_Range_Rover_Evoque_2018_57082463,Land Rover Range Rover Evoque 2018,240000,MAD,,Cheval,,,https://www.avito.ma/fr/ouarzazate/voitures_d_occasion/Land_Rover_Range_Rover_Evoque_2018_57082463.htm
avito.ma,https://www.avito.ma/fr/autre_secteur/voitures_d_occasion/Peugeot_404_Collection_57082285,Peugeot 404 Collection,100000,MAD,,Cheval,,,https://www.avito.ma/fr/autre_secteur/voitures_d_occasion/Peugeot_404_Collection_57082285.htm
avito.ma,https://www.avito.ma/fr/route_de_tamansourt/voitures_d_occasion/Tameslouht_Marrakech_57082028,Tameslouht Marrakech,73000,MAD,,Cheval,,,https://www.avito.ma/fr/route_de_tamansourt/voitures_d_occasion/Tameslouht_Marrakech_57082028.htm
avito.ma,https://www.avito.ma/fr/khabazat/voitures_d_occasion/Hyundai_ix35_Diesel_Automatique_2016_à_Kénitra_57086180,Hyundai ix35 Diesel Automatique 2016 à Kénitra,165000,MAD,,Cheval,,,https://www.avito.ma/fr/khabazat/voitures_d_occasion/Hyundai_ix35_Diesel_Automatique_2016_à_Kénitra_57086180.htm
avito.ma,https://www.avito.ma/fr/es_semara/voitures_d_occasion/Peugeot_407_à_vendre_à_Es_Semara_57081597,Peugeot 407 à vendre à Es-Semara,40000,MAD,,Cheval,,,https://www.avito.ma/fr/es_semara/voitures_d_occasion/Peugeot_407_à_vendre_à_Es_Semara_57081597.htm
avito.ma,https://www.avito.ma/fr/autre_secteur/voitures_d_occasion/Volkswagen_Combi_Diesel_Manuelle_1982_à_Ifrane_57081319,Volkswagen Combi Diesel Manuelle 1982 à Ifrane,70000,MAD,,Cheval,,,https://www.avito.ma/fr/autre_secteur/voitures_d_occasion/Volkswagen_Combi_Diesel_Manuelle_1982_à_Ifrane_57081319.htm
avito.ma,https://www.avito.ma/fr/hay_moulay_rachid/voitures_d_occasion/Volkswagen_Tiguan_56506997,Volkswagen Tiguan,299000,MAD,,Cheval,,,https://www.avito.ma/fr/hay_moulay_rachid/voitures_d_occasion/Volkswagen_Tiguan_56506997.htm
avito.ma,https://www.avito.ma/fr/khabazat/voitures_d_occasion/Hyundai_ix35_Diesel_Automatique_2016_à_Kénitra_57086181,Hyundai ix35 Diesel Automatique 2016 à Kénitra,165000,MAD,,Cheval,,,https://www.avito.ma/fr/khabazat/voitures_d_occasion/Hyundai_ix35_Diesel_Automatique_2016_à_Kénitra_57086181.htm
avito.ma,https://www.avito.ma/fr/al_boustane/voyages_et_billetterie/4_tickets_premium_spectacle_salon_de_cheval_57021799,4 tickets premium spectacle salon de cheval,1800,MAD,,Cheval,,,https://www.avito.ma/fr/al_boustane/voyages_et_billetterie/4_tickets_premium_spectacle_salon_de_cheval_57021799.htm
avito.ma,https://www.avito.ma/fr/autre_secteur/voitures_d_occasion/Mercedes_B180_automatique_7_ch_57084597,Mercedes B180 automatique 7 ch,168000,MAD,,Cheval,,,https://www.avito.ma/fr/autre_secteur/voitures_d_occasion/Mercedes_B180_automatique_7_ch_57084597.htm
avito.ma,https://www.avito.ma/fr/hay_oued_dahab/voitures_d_occasion/Citroën_1995_diesel_57082888,Citroën 1995 diesel,20000,MAD,,Cheval,,,https://www.avito.ma/fr/hay_oued_dahab/voitures_d_occasion/Citroën_1995_diesel_57082888.htm
avito.ma,https://www.avito.ma/fr/ouarzazate/voitures_d_occasion/Land_Rover_Range_Rover_Evoque_2018_57082463,Land Rover Range Rover Evoque 2018,240000,MAD,,Cheval,,,https://www.avito.ma/fr/ouarzazate/voitures_d_occasion/Land_Rover_Range_Rover_Evoque_2018_57082463.htm
avito.ma,https://www.avito.ma/fr/autre_secteur/voitures_d_occasion/Peugeot_404_Collection_57082285,Peugeot 404 Collection,100000,MAD,,Cheval,,,https://www.avito.ma/fr/autre_secteur/voitures_d_occasion/Peugeot_404_Collection_57082285.htm
avito.ma,https://www.avito.ma/fr/route_de_tamansourt/voitures_d_occasion/Tameslouht_Marrakech_57082028,Tameslouht Marrakech,73000,MAD,,Cheval,,,https://www.avito.ma/fr/route_de_tamansourt/voitures_d_occasion/Tameslouht_Marrakech_57082028.htm
avito.ma,https://www.avito.ma/fr/khabazat/voitures_d_occasion/Hyundai_ix35_Diesel_Automatique_2016_à_Kénitra_57086180,Hyundai ix35 Diesel Automatique 2016 à Kénitra,165000,MAD,,Cheval,,,https://www.avito.ma/fr/khabazat/voitures_d_occasion/Hyundai_ix35_Diesel_Automatique_2016_à_Kénitra_57086180.htm
avito.ma,https://www.avito.ma/fr/es_semara/voitures_d_occasion/Peugeot_407_à_vendre_à_Es_Semara_57081597,Peugeot 407 à vendre à Es-Semara,40000,MAD,,Cheval,,,https://www.avito.ma/fr/es_semara/voitures_d_occasion/Peugeot_407_à_vendre_à_Es_Semara_57081597.htm
avito.ma,https://www.avito.ma/fr/autre_secteur/voitures_d_occasion/Volkswagen_Combi_Diesel_Manuelle_1982_à_Ifrane_57081319,Volkswagen Combi Diesel Manuelle 1982 à Ifrane,70000,MAD,,Cheval,,,https://www.avito.ma/fr/autre_secteur/voitures_d_occasion/Volkswagen_Combi_Diesel_Manuelle_1982_à_Ifrane_57081319.htm
avito.ma,https://www.avito.ma/fr/centre_ville/voitures_d_occasion/Bonjour__voiture_ksabiya__venez_et_roulez__tout_est_en_ordre_57080736,"Bonjour, voiture ksabiya, venez et roulez, tout est en ordre",63000,MAD,,Cheval,,,https://www.avito.ma/fr/centre_ville/voitures_d_occasion/Bonjour__voiture_ksabiya__venez_et_roulez__tout_est_en_ordre_57080736.htm
avito.ma,https://www.avito.ma/fr/abdelmoumen/décoration/Tableau_en_Résine_Neuf___Cheval_royal_91cm___60cm_57017658,Tableau en Résine Neuf / Cheval royal 91cm / 60cm,1600,MAD,,Cheval,,,https://www.avito.ma/fr/abdelmoumen/décoration/Tableau_en_Résine_Neuf___Cheval_royal_91cm___60cm_57017658.htm
avito.ma,https://www.avito.ma/fr/hay_moulay_rachid_2/voitures_d_occasion/Voiture_Palio_à_vendre_57079380,Voiture Palio à vendre,26000,MAD,,Cheval,,,https://www.avito.ma/fr/hay_moulay_rachid_2/voitures_d_occasion/Voiture_Palio_à_vendre_57079380.htm
avito.ma,https://www.avito.ma/fr/azli/voitures_d_occasion/Skoda_Yeti_2013_57078932,Skoda Yeti 2013,106000,MAD,,Cheval,,,https://www.avito.ma/fr/azli/voitures_d_occasion/Skoda_Yeti_2013_57078932.htm
avito.ma,https://www.avito.ma/fr/hay_essalam/voyages_et_billetterie/spectacle_salon_de_cheval_57016132,spectacle salon de cheval,300,MAD,,Cheval,,,https://www.avito.ma/fr/hay_essalam/voyages_et_billetterie/spectacle_salon_de_cheval_57016132.htm
avito.ma,https://www.avito.ma/fr/had_soualem/voitures_d_occasion/Peugeot_309_à_vendre_57078361,Peugeot 309 à vendre,24000,MAD,,Cheval,,,https://www.avito.ma/fr/had_soualem/voitures_d_occasion/Peugeot_309_à_vendre_57078361.htm
avito.ma,https://www.avito.ma/fr/ain_sebaa/voitures_d_occasion/Golf_7_3amra_57078247,Golf 7 3amra,158000,MAD,,Cheval,,,https://www.avito.ma/fr/ain_sebaa/voitures_d_occasion/Golf_7_3amra_57078247.htm
avito.ma,https://www.avito.ma/fr/diour_jamaa/voitures_d_occasion/Volkswagen_Golf_5_Diesel_Manuelle_2007_à_Rabat_57077576,Volkswagen Golf 5 Diesel Manuelle 2007 à Rabat,100000,MAD,,Cheval,,,https://www.avito.ma/fr/diour_jamaa/voitures_d_occasion/Volkswagen_Golf_5_Diesel_Manuelle_2007_à_Rabat_57077576.htm
avito.ma,https://www.avito.ma/fr/guelmim/voitures_d_occasion/Tucson_propre_57077168,Tucson propre,225000,MAD,,Cheval,,,https://www.avito.ma/fr/guelmim/voitures_d_occasion/Tucson_propre_57077168.htm
avito.ma,https://www.avito.ma/fr/ouazzane/voitures_d_occasion/Lagouna_mazout_7_chevaux_57010381,Lagouna mazout 7 chevaux,38000,MAD,,Cheval,,,https://www.avito.ma/fr/ouazzane/voitures_d_occasion/Lagouna_mazout_7_chevaux_57010381.htm
avito.ma,https://www.avito.ma/fr/seyad/voitures_d_occasion/Volkswagen_Sharan_édition_spéciale_CUP_56485826,Volkswagen Sharan édition spéciale CUP,240000,MAD,,Cheval,,,https://www.avito.ma/fr/seyad/voitures_d_occasion/Volkswagen_Sharan_édition_spéciale_CUP_56485826.htm
avito.ma,https://www.avito.ma/fr/béni_mellal/voitures_d_occasion/Audi_A4_B8_2l_automatique_57064371,Audi A4 B8 2l automatique,125000,MAD,,Cheval,,,https://www.avito.ma/fr/béni_mellal/voitures_d_occasion/Audi_A4_B8_2l_automatique_57064371.htm
avito.ma,https://www.avito.ma/fr/al_boustane/voyages_et_billetterie/4_tickets_premium_spectacle_salon_de_cheval_57021799,4 tickets premium spectacle salon de cheval,1800,MAD,,Cheval,,,https://www.avito.ma/fr/al_boustane/voyages_et_billetterie/4_tickets_premium_spectacle_salon_de_cheval_57021799.htm
avito.ma,https://www.avito.ma/fr/abdelmoumen/décoration/Tableau_en_Résine_Neuf___Cheval_royal_91cm___60cm_57017658,Tableau en Résine Neuf / Cheval royal 91cm / 60cm,1600,MAD,,Cheval,,,https://www.avito.ma/fr/abdelmoumen/décoration/Tableau_en_Résine_Neuf___Cheval_royal_91cm___60cm_57017658.htm
avito.ma,https://www.avito.ma/fr/hay_essalam/voyages_et_billetterie/spectacle_salon_de_cheval_57016132,spectacle salon de cheval,300,MAD,,Cheval,,,https://www.avito.ma/fr/hay_essalam/voyages_et_billetterie/spectacle_salon_de_cheval_57016132.htm
avito.ma,https://www.avito.ma/fr/agdal/voitures_d_occasion/Peugeot_3008_GT_Line_Fin_2017_2_0_BlueHDi_57056787,Peugeot 3008 GT Line Fin 2017 2.0 BlueHDi,234000,MAD,,Cheval,,,https://www.avito.ma/fr/agdal/voitures_d_occasion/Peugeot_3008_GT_Line_Fin_2017_2_0_BlueHDi_57056787.htm
avito.ma,https://www.avito.ma/fr/maarif/voitures_d_occasion/Land_Rover_Defender_Diesel_Automatique_2023_57056136,Land Rover Defender Diesel Automatique 2023,849998,MAD,,Cheval,,,https://www.avito.ma/fr/maarif/voitures_d_occasion/Land_Rover_Defender_Diesel_Automatique_2023_57056136.htm
avito.ma,https://www.avito.ma/fr/maarif/voitures_d_occasion/audi_A4_S_line_190_ch_importé_toute_option_57054206,audi A4 S line 190 ch importé toute option,238000,MAD,,Cheval,,,https://www.avito.ma/fr/maarif/voitures_d_occasion/audi_A4_S_line_190_ch_importé_toute_option_57054206.htm
avito.ma,https://www.avito.ma/fr/tamallalt/terrains_et_fermes/Terrain_agricole_57053242,Terrain agricole,400000,MAD,,Cheval,,,https://www.avito.ma/fr/tamallalt/terrains_et_fermes/Terrain_agricole_57053242.htm
avito.ma,https://www.avito.ma/fr/ouazzane/voitures_d_occasion/Lagouna_mazout_7_chevaux_57010381,Lagouna mazout 7 chevaux,38000,MAD,,Cheval,,,https://www.avito.ma/fr/ouazzane/voitures_d_occasion/Lagouna_mazout_7_chevaux_57010381.htm
avito.ma,https://www.avito.ma/fr/yacoub_el_mansour/voitures_d_occasion/peugeot_3008_57037992,peugeot 3008,130000,MAD,,Cheval,,,https://www.avito.ma/fr/yacoub_el_mansour/voitures_d_occasion/peugeot_3008_57037992.htm
avito.ma,https://www.avito.ma/fr/sidi_moumen/voitures_d_occasion/Citroën_57051526,Citroën,48000,MAD,,Cheval,,,https://www.avito.ma/fr/sidi_moumen/voitures_d_occasion/Citroën_57051526.htm
avito.ma,https://www.avito.ma/fr/agdal/voitures_d_occasion/Toyota_Corolla_Hybride_Automatique_2020_à_Fès_57050867,Toyota Corolla Hybride Automatique 2020 à Fès,229000,MAD,,Cheval,,,https://www.avito.ma/fr/agdal/voitures_d_occasion/Toyota_Corolla_Hybride_Automatique_2020_à_Fès_57050867.htm
avito.ma,https://www.avito.ma/fr/hamria/jouets/Cheval_musical_57008988,Cheval musical,400,MAD,,Cheval,,,https://www.avito.ma/fr/hamria/jouets/Cheval_musical_57008988.htm
avito.ma,https://www.avito.ma/fr/el_haddada/voitures_d_occasion/Peugeot_508_Diesel_Manuelle_2013_à_Kénitra_57049680,Peugeot 508 Diesel Manuelle 2013 à Kénitra,90000,MAD,,Cheval,,,https://www.avito.ma/fr/el_haddada/voitures_d_occasion/Peugeot_508_Diesel_Manuelle_2013_à_Kénitra_57049680.htm
avito.ma,https://www.avito.ma/fr/sidi_abdelkarim/autres_matériels_electroniques/Générateur_électrique_57048506,Générateur électrique,8000,MAD,,Cheval,,,https://www.avito.ma/fr/sidi_abdelkarim/autres_matériels_electroniques/Générateur_électrique_57048506.htm
avito.ma,https://www.avito.ma/fr/smaâla/voitures_d_occasion/Volkswagen_Polo_Diesel_2012_57047116,Volkswagen Polo Diesel 2012,115000,MAD,,Cheval,,,https://www.avito.ma/fr/smaâla/voitures_d_occasion/Volkswagen_Polo_Diesel_2012_57047116.htm
avito.ma,https://www.avito.ma/fr/al_irfane/voitures_d_occasion/Peugeot_3008_2018_8_chevaux__2L_57027677,Peugeot 3008 2018 8 chevaux. 2L,175000,MAD,,Cheval,,,https://www.avito.ma/fr/al_irfane/voitures_d_occasion/Peugeot_3008_2018_8_chevaux__2L_57027677.htm
avito.ma,https://www.avito.ma/fr/béni_mellal/voitures_d_occasion/Carens_57039635,Carens,55000,MAD,,Cheval,,,https://www.avito.ma/fr/béni_mellal/voitures_d_occasion/Carens_57039635.htm
avito.ma,https://www.avito.ma/fr/boufkrane/voitures_d_occasion/Suzuki_Maruti_800___Modèle_2007___Très_économique_57038903,Suzuki Maruti 800 – Modèle 2007 – Très économique,26000,MAD,,Cheval,,,https://www.avito.ma/fr/boufkrane/voitures_d_occasion/Suzuki_Maruti_800___Modèle_2007___Très_économique_57038903.htm
avito.ma,https://www.avito.ma/fr/al_boustane/animation/Billets_de_spectacle_salon_de_cheval_57022313,Billets de spectacle salon de cheval,800,MAD,,Cheval,,,https://www.avito.ma/fr/al_boustane/animation/Billets_de_spectacle_salon_de_cheval_57022313.htm
avito.ma,https://www.avito.ma/fr/boulemane/voitures_d_occasion/Peugeot_405___7_chevaux___57025779,Peugeot 405 ( 7 chevaux ),33000,MAD,,Cheval,,,https://www.avito.ma/fr/boulemane/voitures_d_occasion/Peugeot_405___7_chevaux___57025779.htm
avito.ma,https://www.avito.ma/fr/centre/voitures_d_occasion/Zouagha_Moulay_Akoub_Bensouda_57037464,Zouagha Moulay Akoub Bensouda,140000,MAD,,Cheval,,,https://www.avito.ma/fr/centre/voitures_d_occasion/Zouagha_Moulay_Akoub_Bensouda_57037464.htm
avito.ma,https://www.avito.ma/fr/route_ain_chkaf/voitures_d_occasion/minicooper_diesel_57036475,minicooper diesel,150000,MAD,,Cheval,,,https://www.avito.ma/fr/route_ain_chkaf/voitures_d_occasion/minicooper_diesel_57036475.htm
avito.ma,https://www.avito.ma/fr/hay_anas/voitures_d_occasion/Renault_Express_57036029,Renault Express,172000,MAD,,Cheval,,,https://www.avito.ma/fr/hay_anas/voitures_d_occasion/Renault_Express_57036029.htm
avito.ma,https://www.avito.ma/fr/ain_sebaa/voitures_d_occasion/Opel_Insignia_Diesel_Automatique_2018_à_Casablanca_57035492,Opel Insignia Diesel Automatique 2018 à Casablanca,167000,MAD,,Cheval,,,https://www.avito.ma/fr/ain_sebaa/voitures_d_occasion/Opel_Insignia_Diesel_Automatique_2018_à_Casablanca_57035492.htm
avito.ma,https://www.avito.ma/fr/al_boustane/voyages_et_billetterie/4_tickets_premium_spectacle_salon_de_cheval_57021799,4 tickets premium spectacle salon de cheval,1800,MAD,,Cheval,,,https://www.avito.ma/fr/al_boustane/voyages_et_billetterie/4_tickets_premium_spectacle_salon_de_cheval_57021799.htm
avito.ma,https://www.avito.ma/fr/route_de_fès/voitures_d_occasion/Citroën_Berlingo_Diesel_Manuelle_2009_à_Marrakech_57031980,Citroën Berlingo Diesel Manuelle 2009 à Marrakech,58000,MAD,,Cheval,,,https://www.avito.ma/fr/route_de_fès/voitures_d_occasion/Citroën_Berlingo_Diesel_Manuelle_2009_à_Marrakech_57031980.htm
avito.ma,https://www.avito.ma/fr/settat/voitures_d_occasion/Seat_Ateca_Diesel_Automatique_2020_à_Settat_57030844,Seat Ateca Diesel Automatique 2020 à Settat,252000,MAD,,Cheval,,,https://www.avito.ma/fr/settat/voitures_d_occasion/Seat_Ateca_Diesel_Automatique_2020_à_Settat_57030844.htm
avito.ma,https://www.avito.ma/fr/abdelmoumen/décoration/Tableau_en_Résine_Neuf___Cheval_royal_91cm___60cm_57017658,Tableau en Résine Neuf / Cheval royal 91cm / 60cm,1600,MAD,,Cheval,,,https://www.avito.ma/fr/abdelmoumen/décoration/Tableau_en_Résine_Neuf___Cheval_royal_91cm___60cm_57017658.htm
avito.ma,https://www.avito.ma/fr/ain_sebaa/produits_de_beauté/QUEUE_DE_CHEVAL_SUPER_MAXI_BLOND_CLAIR_48703253,QUEUE DE CHEVAL SUPER MAXI BLOND CLAIR,299,MAD,,Cheval,,,https://www.avito.ma/fr/ain_sebaa/produits_de_beauté/QUEUE_DE_CHEVAL_SUPER_MAXI_BLOND_CLAIR_48703253.htm
avito.ma,https://www.avito.ma/fr/hay_essalam/voyages_et_billetterie/spectacle_salon_de_cheval_57016132,spectacle salon de cheval,300,MAD,,Cheval,,,https://www.avito.ma/fr/hay_essalam/voyages_et_billetterie/spectacle_salon_de_cheval_57016132.htm
avito.ma,https://www.avito.ma/fr/settat/voitures_d_occasion/Seat_Ateca_Diesel_Automatique_2020_à_Settat_57030844,Seat Ateca Diesel Automatique 2020 à Settat,252000,MAD,,Cheval,,,https://www.avito.ma/fr/settat/voitures_d_occasion/Seat_Ateca_Diesel_Automatique_2020_à_Settat_57030844.htm
avito.ma,https://www.avito.ma/fr/ain_sebaa/produits_de_beauté/QUEUE_DE_CHEVAL_SUPER_MAXI_BLOND_CLAIR_48703253,QUEUE DE CHEVAL SUPER MAXI BLOND CLAIR,299,MAD,,Cheval,,,https://www.avito.ma/fr/ain_sebaa/produits_de_beauté/QUEUE_DE_CHEVAL_SUPER_MAXI_BLOND_CLAIR_48703253.htm
avito.ma,https://www.avito.ma/fr/al_irfane/voitures_d_occasion/Peugeot_3008_57024819,Peugeot 3008,176000,MAD,,Cheval,,,https://www.avito.ma/fr/al_irfane/voitures_d_occasion/Peugeot_3008_57024819.htm
avito.ma,https://www.avito.ma/fr/al_fida/voitures_d_occasion/Laguna_à_vendre_57021286,Laguna à vendre,48000,MAD,,Cheval,,,https://www.avito.ma/fr/al_fida/voitures_d_occasion/Laguna_à_vendre_57021286.htm
avito.ma,https://www.avito.ma/fr/al_irfane/voitures_d_occasion/Peugeot_3008_modèle_2018_57019492,Peugeot 3008 modèle 2018,178000,MAD,,Cheval,,,https://www.avito.ma/fr/al_irfane/voitures_d_occasion/Peugeot_3008_modèle_2018_57019492.htm
avito.ma,https://www.avito.ma/fr/autre_secteur/décoration/Cheval_en_résine_56951889,Cheval en résine,350,MAD,,Cheval,,,https://www.avito.ma/fr/autre_secteur/décoration/Cheval_en_résine_56951889.htm
avito.ma,https://www.avito.ma/fr/khouribga/voitures_d_occasion/Volkswagen_Touran_modèle_2018_57017393,Volkswagen Touran modèle 2018,170000,MAD,,Cheval,,,https://www.avito.ma/fr/khouribga/voitures_d_occasion/Volkswagen_Touran_modèle_2018_57017393.htm
avito.ma,https://www.avito.ma/fr/al_irfane/voitures_d_occasion/Peugeot_3008_Diesel_Manuelle_2018_à_Rabat_57015911,Peugeot 3008 Diesel Manuelle 2018 à Rabat,179000,MAD,,Cheval,,,https://www.avito.ma/fr/al_irfane/voitures_d_occasion/Peugeot_3008_Diesel_Manuelle_2018_à_Rabat_57015911.htm
animalsouk.ma,Double-ponette-140cm-gentille-et-calme,Double ponette 140cm gentille et calme,6000,MAD,"azemmour
							

								●

							il y a 1 mois",Cheval,,,https://www.animalsouk.ma/Double-ponette-140cm-gentille-et-calme
animalsouk.ma,Jument-9-ans-arabe-barbe-pedigree,Jument 9 ans arabe barbe pedigree,14000,MAD,"azemmour
							

								●

							il y a 1 mois",Cheval,,,https://www.animalsouk.ma/Jument-9-ans-arabe-barbe-pedigree
animalsouk.ma,Jument-7-ans-pur-sang-arabe-pedigree,Jument 7 ans pur sang arabe pedigree,15000,MAD,"azemmour
							

								●

							il y a 1 mois",Cheval,,,https://www.animalsouk.ma/Jument-7-ans-pur-sang-arabe-pedigree
animalsouk.ma,Cheval-barb,Cheval barb,40000,MAD,"casablanca
							

								●

							il y a 2 mois",Cheval,,,https://www.animalsouk.ma/Cheval-barb
animalsouk.ma,Poulain-19-mois,Poulain 19 mois,25000,MAD,"missour
							

								●

							il y a 2 mois",Cheval,,,https://www.animalsouk.ma/Poulain-19-mois
animalsouk.ma,%C3%82nes-a-vendre-sur-kenitra,Ânes a vendre sur kenitra,1200,MAD,"kenitra
							

								●

							il y a 4 mois",Cheval,,,https://www.animalsouk.ma/%C3%82nes-a-vendre-sur-kenitra
animalsouk.ma,Jument-4-ans,Jument 4 ans,33000,MAD,"missour
							

								●

							il y a 4 mois",Cheval,,,https://www.animalsouk.ma/Jument-4-ans
animalsouk.ma,Superbe-Jument-Pur-Sang-Arabe,Superbe Jument Pur-Sang Arabe,25000,MAD,"oujda
							

								●

							il y a 10 mois",Cheval,,,https://www.animalsouk.ma/Superbe-Jument-Pur-Sang-Arabe
animalsouk.ma,Cheval-arabe-barbe-%28%C3%A9talon%29-de-saut-d%E2%80%99obstacle-%C3%A0-vendre,Cheval arabe barbe (étalon) de saut d’obstacle à vendre,110000,MAD,"casablanca
							

								●

							il y a 10 mois",Cheval,,,https://www.animalsouk.ma/Cheval-arabe-barbe-%28%C3%A9talon%29-de-saut-d%E2%80%99obstacle-%C3%A0-vendre
animalsouk.ma,Molina-green-cheek,Molina green cheek,100000,MAD,,Cheval,,,https://www.animalsouk.ma/Molina-green-cheek
animalsouk.ma,Pur-sang-arabe-13720,Pur sang arabe,12000,MAD,"meknes
							

								●

							il y a 11 mois",Cheval,,,https://www.animalsouk.ma/Pur-sang-arabe-13720
animalsouk.ma,Double-poney,Double poney,9000,MAD,"berkane
							

								●

							il y a 1 an",Cheval,,,https://www.animalsouk.ma/Double-poney
animalsouk.ma,Jument-pur-sang-arabe,Jument pur sang arabe,60000,MAD,"skhirat
							

								●

							il y a 1 an",Cheval,,,https://www.animalsouk.ma/Jument-pur-sang-arabe
animalsouk.ma,Hongre-frison-de-sept-ans,Hongre frison de sept ans,17000,MAD,"casablanca
							

								●

							il y a 1 an",Cheval,,,https://www.animalsouk.ma/Hongre-frison-de-sept-ans
animalsouk.ma,Molina-green-cheek,Molina green cheek,100000,MAD,,Cheval,,,https://www.animalsouk.ma/Molina-green-cheek
animalsouk.ma,%D8%A8%D9%8A%D8%B9-%D8%A7%D9%84%D8%AE%D9%8A%D9%84,بيع الخيل,20000,MAD,"kenitra
							

								●

							il y a 1 an",Cheval,,,https://www.animalsouk.ma/%D8%A8%D9%8A%D8%B9-%D8%A7%D9%84%D8%AE%D9%8A%D9%84
animalsouk.ma,Vitamines-paskacheval-cmv-%D8%AC%D9%85%D9%8A%D8%B9-%D9%81%D9%8A%D8%AA%D8%A7%D9%85%D9%8A%D9%86%D8%A7%D8%AA-%D8%A7%D9%84%D8%AE%D9%8A%D9%88%D9%84,Vitamines paskacheval cmv جميع فيتامينات الخيول,180,MAD,"bouznika
							

								●

							il y a 1 an",Cheval,,,https://www.animalsouk.ma/Vitamines-paskacheval-cmv-%D8%AC%D9%85%D9%8A%D8%B9-%D9%81%D9%8A%D8%AA%D8%A7%D9%85%D9%8A%D9%86%D8%A7%D8%AA-%D8%A7%D9%84%D8%AE%D9%8A%D9%88%D9%84
animalsouk.ma,Jument-arabe-barbre,Jument arabe barbre,45000,MAD,"marrakech
							

								●

							il y a 2 ans",Cheval,,,https://www.animalsouk.ma/Jument-arabe-barbre
animalsouk.ma,K%C3%A9nitra,Kénitra,3000,MAD,"kenitra
							

								●

							il y a 2 ans",Cheval,,,https://www.animalsouk.ma/K%C3%A9nitra
animalsouk.ma,A-vendre-chiots-Spitz-nain-%28Loulou-de-Pom%C3%A9ranie%29-17306,A vendre chiots Spitz nain (Loulou de Poméranie),1000000,MAD,,Cheval,,,https://www.animalsouk.ma/A-vendre-chiots-Spitz-nain-%28Loulou-de-Pom%C3%A9ranie%29-17306
animalsouk.ma,Selle-pour-cheval,Selle pour cheval,2300,MAD,"agadir
							

								●

							il y a 2 ans",Cheval,,,https://www.animalsouk.ma/Selle-pour-cheval
animalsouk.ma,cheval-selle-fran%C3%A7ais,cheval selle français,180000,MAD,"casablanca
							

								●

							il y a 2 ans",Cheval,,,https://www.animalsouk.ma/cheval-selle-fran%C3%A7ais
animalsouk.ma,Jument-+-poulain-%C3%A0-vendre,Jument + poulain à vendre,4000,MAD,"nador
							

								●

							il y a 2 ans",Cheval,,,https://www.animalsouk.ma/Jument-+-poulain-%C3%A0-vendre
animalsouk.ma,cheval-frison-pour-d%C3%A9butants-et-novices,cheval frison pour débutants et novices,15000,MAD,"casablanca
							

								●

							il y a 2 ans",Cheval,,,https://www.animalsouk.ma/cheval-frison-pour-d%C3%A9butants-et-novices
animalsouk.ma,Molina-green-cheek,Molina green cheek,100000,MAD,,Cheval,,,https://www.animalsouk.ma/Molina-green-cheek
animalsouk.ma,Pur-sang-arabe-8027,Pur sang arabe,45000,MAD,"marrakech
							

								●

							il y a 2 ans",Cheval,,,https://www.animalsouk.ma/Pur-sang-arabe-8027
animalsouk.ma,%C3%89talon-barbe--arabe,Étalon barbe- arabe,7000,MAD,"essaouira
							

								●

							il y a 2 ans",Cheval,,,https://www.animalsouk.ma/%C3%89talon-barbe--arabe
animalsouk.ma,Arabe-barbe-%D8%A7%D9%84%D8%AA%D8%A8%D9%88%D8%B1%D9%8A%D8%AF%D8%A9,Arabe barbe التبوريدة,55000,MAD,"settat
							

								●

							il y a 2 ans",Cheval,,,https://www.animalsouk.ma/Arabe-barbe-%D8%A7%D9%84%D8%AA%D8%A8%D9%88%D8%B1%D9%8A%D8%AF%D8%A9
animalsouk.ma,Pur-sang-arabe-7297,Pur sang arabe,78000,MAD,"settat
							

								●

							il y a 2 ans",Cheval,,,https://www.animalsouk.ma/Pur-sang-arabe-7297
animalsouk.ma,cheval-de-promonade,cheval de promonade,3650,MAD,"tanger
							

								●

							il y a 2 ans",Cheval,,,https://www.animalsouk.ma/cheval-de-promonade
animalsouk.ma,Molina-green-cheek,Molina green cheek,100000,MAD,,Cheval,,,https://www.animalsouk.ma/Molina-green-cheek
animalsouk.ma,Cheval-frison-noir-guapo-pour-votre-famille,Cheval frison noir guapo pour votre famille,15000,MAD,"casablanca
							

								●

							il y a 2 ans",Cheval,,,https://www.animalsouk.ma/Cheval-frison-noir-guapo-pour-votre-famille
animalsouk.ma,jeune-cheval-de-la-famille-frisonne-de-sept-ans,jeune cheval de la famille frisonne de sept ans,30000,MAD,"casablanca
							

								●

							il y a 2 ans",Cheval,,,https://www.animalsouk.ma/jeune-cheval-de-la-famille-frisonne-de-sept-ans
animalsouk.ma,himaroun,Un âne à vendre,1587,MAD,"agadir
							

								●

							il y a 3 ans",Cheval,,,https://www.animalsouk.ma/himaroun
animalsouk.ma,Selle-cheval,Selle cheval,2800,MAD,"kenitra
							

								●

							il y a 3 ans",Cheval,,,https://www.animalsouk.ma/Selle-cheval
animalsouk.ma,rottweiler-pedigree-ligner-de-champion,rottweiler pedigree ligner de champion,1100000,MAD,,Cheval,,,https://www.animalsouk.ma/rottweiler-pedigree-ligner-de-champion
animalsouk.ma,Abreuvoir-inox-4190,Abreuvoir inox,650,MAD,"bouznika
							

								●

							il y a 3 ans",Cheval,,,https://www.animalsouk.ma/Abreuvoir-inox-4190
animalsouk.ma,Jument-Arabe-Barbe,Jument Arabe Barbe,15000,MAD,"casablanca
							

								●

							il y a 3 ans",Cheval,,,https://www.animalsouk.ma/Jument-Arabe-Barbe
animalsouk.ma,jument,jument,15000,MAD,"casablanca
							

								●

							il y a 3 ans",Cheval,,,https://www.animalsouk.ma/jument
animalsouk.ma,Molina-green-cheek,Molina green cheek,100000,MAD,,Cheval,,,https://www.animalsouk.ma/Molina-green-cheek
animalsouk.ma,Arabe-barbe-%D8%B9%D9%88%D8%AF-%D8%B9%D8%B1%D8%A8%D9%8A-%D8%A8%D8%B1%D8%A8%D8%B1%D9%8A-%D9%84%D9%84%D8%A8%D9%8A%D8%B9,Arabe barbe عود عربي بربري للبيع,40000,MAD,"agadir
							

								●

							il y a 4 ans",Cheval,,,https://www.animalsouk.ma/Arabe-barbe-%D8%B9%D9%88%D8%AF-%D8%B9%D8%B1%D8%A8%D9%8A-%D8%A8%D8%B1%D8%A8%D8%B1%D9%8A-%D9%84%D9%84%D8%A8%D9%8A%D8%B9
animalsouk.ma,Cheval-Arabe-barbe-%D8%B9%D9%88%D8%AF%D8%A9-%D9%84%D9%84%D8%A8%D9%8A%D8%B9,Cheval Arabe barbe عودة للبيع,15000,MAD,"agadir
							

								●

							il y a 4 ans",Cheval,,,https://www.animalsouk.ma/Cheval-Arabe-barbe-%D8%B9%D9%88%D8%AF%D8%A9-%D9%84%D9%84%D8%A8%D9%8A%D8%B9
animalsouk.ma,Cheval-Arabe-barbe,Cheval Arabe barbe,22000,MAD,"agadir
							

								●

							il y a 4 ans",Cheval,,,https://www.animalsouk.ma/Cheval-Arabe-barbe
animalsouk.ma,%D8%B9%D8%B1%D8%A8%D9%8A-%D8%A3%D8%B5%D9%8A%D9%84-pur-sang-arabe,عربي أصيل pur-sang arabe,50000,MAD,"agadir
							

								●

							il y a 4 ans",Cheval,,,https://www.animalsouk.ma/%D8%B9%D8%B1%D8%A8%D9%8A-%D8%A3%D8%B5%D9%8A%D9%84-pur-sang-arabe
animalsouk.ma,Arabe-barbe,Arabe barbe,50000,MAD,"agadir
							

								●

							il y a 4 ans",Cheval,,,https://www.animalsouk.ma/Arabe-barbe
animalsouk.ma,rottweiler-pedigree-ligner-de-champion,rottweiler pedigree ligner de champion,1100000,MAD,,Cheval,,,https://www.animalsouk.ma/rottweiler-pedigree-ligner-de-champion
animalsouk.ma,Cheval-%C3%A0-vendre,Cheval à vendre,15000,MAD,"sale
							

								●

							il y a 4 ans",Cheval,,,https://www.animalsouk.ma/Cheval-%C3%A0-vendre
animalsouk.ma,Selle,Selle,2600,MAD,"tetouan
							

								●

							il y a 4 ans",Cheval,,,https://www.animalsouk.ma/Selle
animo.ma,2204-%C3%89talon-pour-sang-arabe,Étalon pour sang arabe,80000,MAD,Settat,Cheval,,,https://animo.ma/annonces/single/2204-%C3%89talon-pour-sang-arabe
animo.ma,2057-cheval-frison-pour-d%C3%A9butants-et-novices,cheval frison pour débutants et novices,17000,MAD,Casablanca,Cheval,,,https://animo.ma/annonces/single/2057-cheval-frison-pour-d%C3%A9butants-et-novices
animo.ma,1921-cheval-frison-noir-guapo-pour-votre-famille,cheval frison noir guapo pour votre famille,15000,MAD,Rabat,Cheval,,,https://animo.ma/annonces/single/1921-cheval-frison-noir-guapo-pour-votre-famille
animo.ma,1891-CHEVAL-ARABE-BARBE-DRESSE-TBOURIDA,CHEVAL ARABE BARBE DRESSE TBOURIDA,40000,MAD,Settat,Cheval,,,https://animo.ma/annonces/single/1891-CHEVAL-ARABE-BARBE-DRESSE-TBOURIDA
animo.ma,"1586-Mis-en-ventre-d%E2%80%99un-cheval-CSM-,-parfait-pour-saut-d%E2%80%99obstacle","Mis en ventre d’un cheval CSM , parfait pour saut d’obstacle",55000,MAD,Salé,Cheval,,,"https://animo.ma/annonces/single/1586-Mis-en-ventre-d%E2%80%99un-cheval-CSM-,-parfait-pour-saut-d%E2%80%99obstacle"
animo.ma,1394-%D8%B3%D9%88%D8%B1%D9%88%D8%AC,سوروج,1750,MAD,Autres,Cheval,,,https://animo.ma/annonces/single/1394-%D8%B3%D9%88%D8%B1%D9%88%D8%AC
animo.ma,1325-Un-cheval-%C3%A0-vendre-pour-raison-d%E2%80%99%C3%A9tudes,Un cheval à vendre pour raison d’études,30000,MAD,Rabat,Cheval,,,https://animo.ma/annonces/single/1325-Un-cheval-%C3%A0-vendre-pour-raison-d%E2%80%99%C3%A9tudes
animo.ma,1292-Arabo--frison-4ans,Arabo- frison 4ans,50000,MAD,Kénitra,Cheval,,,https://animo.ma/annonces/single/1292-Arabo--frison-4ans
animo.ma,1280-%D9%84%D9%84%D8%A8%D9%8A%D8%B9-7-%D8%B3%D9%86%D9%88%D8%A7%D8%AA-%D8%A8%D8%AF%D9%88%D9%86-%D8%A3%D9%88%D8%B1%D8%A7%D9%82-,للبيع 7 سنوات بدون أوراق,50000,MAD,Casablanca,Cheval,,,https://animo.ma/annonces/single/1280-%D9%84%D9%84%D8%A8%D9%8A%D8%B9-7-%D8%B3%D9%86%D9%88%D8%A7%D8%AA-%D8%A8%D8%AF%D9%88%D9%86-%D8%A3%D9%88%D8%B1%D8%A7%D9%82-
animo.ma,1235-vente-chevaux-pur-sang-arabe,vente chevaux pur sang arabe,15000,MAD,Rabat,Cheval,,,https://animo.ma/annonces/single/1235-vente-chevaux-pur-sang-arabe
elevageaumaroc.com,388,cheval de balade,365000,MAD,Tanger,Cheval,,,"https://www.elevageaumaroc.com/fr/annonces/ad/chevaux-poneys,4/tanger,37l/cheval-de-balade,388"
elevageaumaroc.com,385,jeune cheval de la famille frisonne de sept ans,3000000,MAD,Casablanca,Cheval,,,"https://www.elevageaumaroc.com/fr/annonces/ad/chevaux-poneys,4/casablanca,496l/jeune-cheval-de-la-famille-frisonne-de-sept-ans,385"
elevageaumaroc.com,350,MAGNIFIQUE DOUBLE PONEY,1700000,MAD,Marrakech,Cheval,,,"https://www.elevageaumaroc.com/fr/annonces/ad/chevaux-poneys,4/marrakech,1303l/magnifique-double-poney,350"
elevageaumaroc.com,349,magnifique cheval de loisir a vendre,2500000,MAD,Marrakech,Cheval,,,"https://www.elevageaumaroc.com/fr/annonces/ad/chevaux-poneys,4/marrakech,1303l/magnifique-cheval-de-loisir-a-vendre,349"
elevageaumaroc.com,348,vente magnifique ENTIER,2500000,MAD,Marrakech-Safi,Cheval,,,"https://www.elevageaumaroc.com/fr/annonces/ad/chevaux-poneys,4/marrakech-safi,7l/vente-magnifique-entier,348"
elevageaumaroc.com,307,Tricolore du lotti,15000000,MAD,Rabat,Cheval,,,"https://www.elevageaumaroc.com/fr/annonces/ad/chevaux-poneys,4/rabat,1578l/tricolore-du-lotti,307"
elevageaumaroc.com,285,Vente de poney,1300000,MAD,Marrakech-Safi,Cheval,,,"https://www.elevageaumaroc.com/fr/annonces/ad/chevaux-poneys,4/marrakech-safi,7l/vente-de-poney,285"
elevageaumaroc.com,235,Poney,350000,MAD,Fès,Cheval,,,"https://www.elevageaumaroc.com/fr/annonces/ad/chevaux-poneys,4/fes,1464l/poney,235"
elevageaumaroc.com,171,عاود المليح,2000000,MAD,Oulad Azzouz,Cheval,,,"https://www.elevageaumaroc.com/fr/annonces/ad/chevaux-poneys,4/oulad-azzouz,445l/,171"
elevageaumaroc.com,98,عودة,600000,MAD,Zaio,Cheval,,,"https://www.elevageaumaroc.com/fr/annonces/ad/chevaux-poneys,4/zaio,200l/,98"
elevageaumaroc.com,67,POULICHE 1 AN ET 2 ANS,700000,MAD,Oulad Aissa,Cheval,,,"https://www.elevageaumaroc.com/fr/annonces/ad/chevaux-poneys,4/oulad-aissa,566l/pouliche-1-an-et-2-ans,67"
elevageaumaroc.com,58,Poney,1500000,MAD,Hrara,Cheval,,,"https://www.elevageaumaroc.com/fr/annonces/ad/chevaux-poneys,4/hrara,1143l/poney,58"
elevageaumaroc.com,25,عود دهم ابي,4000000,MAD,Er-rissani,Cheval,,,"https://www.elevageaumaroc.com/fr/annonces/ad/chevaux-poneys,4/er-rissani,688l/,25"
elevageaumaroc.com,6,Poney femelle,2000000,MAD,Casablanca-Settat,Cheval,,,"https://www.elevageaumaroc.com/fr/annonces/ad/chevaux-poneys,4/casablanca-settat,6l/poney-femelle,6"
ehorses.fr,,"
                    Iris Seizew",190800,MAD,,,,,/irisseizew
ehorses.fr,,"
                    Anna Carina Jung",15900212000,MAD,,,,,/anna-carinajung
ehorses.fr,,"
                    Anna Carina Jung",15900212000,MAD,,,,,/anna-carinajung
ehorses.fr,,"
                    Rosa Sporthorses B. V.",26500,MAD,,,,,/rosa-sporthorses
ehorses.fr,,"
                    Camille Martel",100700,MAD,,,,,/camille-martel
ehorses.fr,,"
                    Julia Kramer",5300106000,MAD,,,,,/juliakramer
ehorses.fr,,"
                    Jens Holtmann",47700,MAD,,,,,/jensholtmann
ehorses.fr,,"
                    Jens Holtmann",136740,MAD,,,,,/jensholtmann
ehorses.fr,,"
                    Harald Frey",10600159000,MAD,,,,,/gestuetvogelsbergaraber
ehorses.fr,,"
                    Andaluz de Corazon",79500,MAD,,,,,/andaluz-de-corazon
ehorses.fr,,"
                    MAJESTIC IBERICOS, S.L.",121900,MAD,,,,,/majestichorses
ehorses.fr,,"
                    MAJESTIC IBERICOS, S.L.",15900212000,MAD,,,,,/majestichorses
ehorses.fr,,"
                    MAJESTIC IBERICOS, S.L.",105894,MAD,,,,,/majestichorses
ehorses.fr,,"
                    Cinthia López salazar",58300,MAD,,,,,/cinthialpez-salazar
