title,price_mad,breed,gender,age,height_cm,url,location
Jument 9 ans arabe barbe pedigree,14000,Arabian-Barb Mix,Mare,9.0,,,
Jument 7 ans pur sang arabe pedigree,15000,Arabian,Mare,7.0,,,
Cheval barb,40000,Barb,Unknown,,,,
Superbe Jument Pur-Sang Arabe,25000,Arabian,Mare,,,,
Pur sang arabe,12000,Arabian,Unknown,,,,
Double poney,9000,Pony,Unknown,,,,
Jument pur sang arabe,60000,Arabian,Mare,,,,
Hongre frison de sept ans,17000,Friesian,Gelding,,,,
Jument arabe barbre,45000,Arabian,Mare,,,,
cheval frison pour débutants et novices,15000,Friesian,Unknown,,,,
Pur sang arabe,45000,Arabian,Unknown,,,,
Étalon barbe- arabe,7000,Arabian,Stallion,,,,
Arabe barbe التبوريدة,55000,Arabian-Barb Mix,Unknown,,,,
Pur sang arabe,78000,Arabian,Unknown,,,,
Cheval frison noir guapo pour votre famille,15000,Friesian,Unknown,,,,
Jument Arabe Barbe,15000,Arabian-Barb Mix,Mare,,,,
Arabe barbe عود عربي بربري للبيع,40000,Arabian-Barb Mix,Unknown,,,,
Cheval Arabe barbe عودة للبيع,15000,Arabian-Barb Mix,Unknown,,,,
Cheval Arabe barbe,22000,Arabian-Barb Mix,Unknown,,,,
عربي أصيل pur-sang arabe,50000,Arabian,Unknown,,,,
Arabe barbe,50000,Arabian-Barb Mix,Unknown,,,,
Étalon pour sang arabe,80000,Arabian,Stallion,,,,
cheval frison pour débutants et novices,17000,Friesian,Unknown,,,,
cheval frison noir guapo pour votre famille,15000,Friesian,Unknown,,,,
CHEVAL ARABE BARBE DRESSE TBOURIDA,40000,Arabian-Barb Mix,Unknown,,,,
Arabo- frison 4ans,50000,Friesian,Unknown,4.0,,,
vente chevaux pur sang arabe,15000,Arabian,Unknown,,,,
MAGNIFIQUE DOUBLE PONEY,1700000,Pony,Unknown,,,,
Vente de poney,1300000,Pony,Unknown,,,,
Poney,350000,Pony,Unknown,,,,
Poney,1500000,Pony,Unknown,,,,
"Oldenburg, Gelding, 9 years, 16,2 hh, Black",160500,Oldenburg,Gelding,9.0,,https://www.ehorses.com/oldenburg-gelding-9years-162-hh-black-dressagehorses-showjumpers-leisurehorses-dresden-zaschendorf/4698018.html,"Dresden Zaschendorf, DE"
"PRE, Stallion, 4 years, 15,2 hh, Brown",96300,Andalusian,Stallion,4.0,,https://www.ehorses.com/pre-stallion-4years-152-hh-brown-baroquehorses-leisurehorses-dressagehorses-santa-marta/4714043.html,"Santa Marta, ES"
"Holstein, Gelding, 16 years, 16,1 hh, Brown",155150,Holsteiner,Gelding,16.0,,https://www.ehorses.com/holstein-gelding-16years-161-hh-brown-showjumpers-eventinghorses-leisurehorses-glandorf/4598996.html,"Glandorf, DE"
"Hanoverian, Gelding, 4 years, 16 hh, Chestnut-Red",588500,Hanoverian,Gelding,4.0,,https://www.ehorses.com/hanoverian-gelding-4years-16-hh-chestnut-red-dressagehorses-working-equitation-horses-coin/4735214.html,"Coin, ES"
"Oldenburg, Gelding, 7 years, Chestnut-Red",187250,Oldenburg,Gelding,7.0,,https://www.ehorses.com/oldenburg-gelding-7years-chestnut-red-dressagehorses-wilnsdorfwilnsdorf/4532452.html,"WilnsdorfWilnsdorf, DE"
"Welsh B, Mare, 13 years, 11,2 hh, Brown-Light",26750,Welsh,Mare,13.0,,https://www.ehorses.com/welsh-b-mare-13years-112-hh-brown-light-leisurehorses-carriagehorses-nieuw-vennep/4744675.html,"Nieuw-Vennep, NL"
"Hanoverian, Gelding, 7 years, 16,2 hh, Chestnut-Red",101650,Hanoverian,Gelding,7.0,,https://www.ehorses.com/hanoverian-gelding-7years-162-hh-chestnut-red-dressagehorses-yvelines/4749732.html,"Yvelines, FR"
"German Riding Pony, Gelding, 2 years, 14,1 hh, Dun",80250,Pony,Gelding,2.0,,https://www.ehorses.com/german-riding-pony-gelding-2years-141-hh-dun-dressagehorses-showjumpers-leisurehorses-carriagehorses-wegeleben/4749656.html,"Wegeleben, DE"
"Oldenburg-International (OS), Mare, 1 year, 13,1 hh, Bay-Dark",48150,Oldenburg,Mare,,,https://www.ehorses.com/oldenburg-international-os-mare-1year-131-hh-bay-dark-showjumpers-breedinghorses-loeningen/4579160.html,"Löningen, DE"
"Oldenburg-International (OS), Mare, 16 years, 16,2 hh, Chestnut",138030,Oldenburg,Mare,16.0,,https://www.ehorses.com/oldenburg-international-os-mare-16years-162-hh-chestnut-breedinghorses-showjumpers-loeningen/4580122.html,"Löningen, DE"
"Arabian horses, Mare, 1 year, 15 hh, Chestnut-Red",133750,Arabian,Mare,,,https://www.ehorses.com/arabian-horses-mare-1year-15-hh-chestnut-red-leisurehorses-endurancehorses-breedinghorses-dressagehorses-gemuenden-felda/4749664.html,"Gemünden (Felda), DE"
"PRE Mix, Mare, 4 years, 15,2 hh, Grey-Blue-Tan",80250,Andalusian,Mare,4.0,,https://www.ehorses.com/pre-mare-4years-152-hh-grey-blue-tan-leisurehorses-aachen/4729484.html,"Aachen, DE"
"Lusitano, Mare, 7 years, 15,2 hh, Brown",123049,Lusitano,Mare,7.0,,https://www.ehorses.com/lusitano-mare-7years-152-hh-brown-dressagehorses-working-equitation-horses-baroquehorses-leisurehorses-martfeld/4704212.html,"Martfeld, DE"
"Hanoverian, Gelding, 4 years, 16 hh, Chestnut-Red",588500,Hanoverian,Gelding,4.0,,https://www.ehorses.com/hanoverian-gelding-4years-16-hh-chestnut-red-dressagehorses-working-equitation-horses-coin/4735214.html,"Coin, ES"
"Oldenburg, Gelding, 7 years, Chestnut-Red",187250,Oldenburg,Gelding,7.0,,https://www.ehorses.com/oldenburg-gelding-7years-chestnut-red-dressagehorses-wilnsdorfwilnsdorf/4532452.html,"WilnsdorfWilnsdorf, DE"
"PRE Mix, Stallion, 6 years, 15.2 hh, Grey-Dapple",187250,Andalusian,Stallion,6.0,,https://www.ehorses.com/pre-stallion-6years-15-2-hh-grey-dapple-baroquehorses-showhorses-leisurehorses-dressagehorses-martfeld/4705450.html,"Martfeld, DE"
"Andalusian, Gelding, 7 years, 15.2 hh, Palomino",106893,Andalusian,Gelding,7.0,,https://www.ehorses.com/andalusian-gelding-7years-15-2-hh-palomino-dressagehorses-valencia/4431691.html,"Valencia, ES"
"PRE, Stallion, 2 years, 15.2 hh",58849,Andalusian,Stallion,2.0,,https://www.ehorses.com/pre-stallion-2years-15-2-hh-gaitedhorses-los-rosales/4719006.html,"Los Rosales, ES"
"German Riding Pony, Gelding, 11 years, 14.2 hh, Chestnut-Red",321000,Pony,Gelding,11.0,,https://www.ehorses.com/german-riding-pony-gelding-11years-14-2-hh-chestnut-red-dressagehorses-showjumpers-schmalfeld/4676738.html,"Schmalfeld, DE"
"Hanoverian, Mare, 2 years",40125,Hanoverian,Mare,2.0,,https://www.ehorses.com/hanoverian-mare-2years-showjumpers-eventinghorses-den-ham/4747849.html,"Den Ham, NL"
"Hanoverian, Mare, 5 years, 15.2 hh, Smoky-Black",192600,Hanoverian,Mare,5.0,,https://www.ehorses.com/hanoverian-mare-5years-15-2-hh-smoky-black-dressagehorses-vechelde/4728584.html,"Vechelde, DE"
"Andalusian, Mare, 5 years, 15.1 hh, Bay-Dark",80250,Andalusian,Mare,5.0,,https://www.ehorses.com/andalusian-mare-5years-15-1-hh-bay-dark-leisurehorses-wellheim/4749622.html,"Wellheim, DE"
"Hanoverian, Gelding, 4 years, 16 hh, Chestnut-Red",588500,Hanoverian,Gelding,4.0,,https://www.ehorses.com/hanoverian-gelding-4years-16-hh-chestnut-red-dressagehorses-working-equitation-horses-coin/4735214.html,"Coin, ES"
"Oldenburg, Gelding, 7 years, Chestnut-Red",187250,Oldenburg,Gelding,7.0,,https://www.ehorses.com/oldenburg-gelding-7years-chestnut-red-dressagehorses-wilnsdorfwilnsdorf/4532452.html,"WilnsdorfWilnsdorf, DE"
"Andalusian, Mare, 6 years, 15.2 hh, Brown",80250,Andalusian,Mare,6.0,,https://www.ehorses.com/andalusian-mare-6years-15-2-hh-brown-leisurehorses-showjumpers-dressagehorses-wellheim/4749601.html,"Wellheim, DE"
"Hanoverian, Gelding, 4 years, 15.2 hh, Chestnut",160500,Hanoverian,Gelding,4.0,,https://www.ehorses.com/hanoverian-gelding-4years-15-2-hh-chestnut-dressagehorses-showjumpers-leisurehorses-hilkenbrook/4693399.html,"Hilkenbrook, DE"
"Hanoverian, Mare, 6 years, 16 hh, Brown",160500,Hanoverian,Mare,6.0,,https://www.ehorses.com/hanoverian-mare-6years-16-hh-brown-dressagehorses-showjumpers-esterwegen/4707586.html,"Esterwegen, DE"
"Haflinger, Mare, 4 years, 14.1 hh",94160,Haflinger,Mare,4.0,,https://www.ehorses.com/haflinger-mare-4years-14-1-hh-dressagehorses-showhorses-showjumpers-carriagehorses-hainsfarth/4749574.html,"Hainsfarth, DE"
"Holstein, Gelding, 11 years, 16.2 hh, Brown",909499,Holsteiner,Gelding,11.0,,https://www.ehorses.com/holstein-gelding-11years-16-2-hh-brown-showjumpers-bissendorf/4723193.html,"Bissendorf, DE"
"Oldenburg-International (OS), Mare, 7 years, 15.2 hh, Chestnut-Red",321000,Oldenburg,Mare,7.0,,https://www.ehorses.com/oldenburg-international-os-mare-7years-15-2-hh-chestnut-red-showjumpers-bissendorf/4713272.html,"Bissendorf, DE"
"PRE Mix, Gelding, 3 years, 15.2 hh, Grey",133750,Andalusian,Gelding,3.0,,https://www.ehorses.com/pre-gelding-3years-15-2-hh-grey-leisurehorses-working-equitation-horses-baroquehorses-dressagehorses-stipsdorf/4749579.html,"Stipsdorf, DE"
"PRE, Mare, Foal (01/2026), Black",80250,Andalusian,Mare,0.0,,https://www.ehorses.com/pre-mare-foals-black-dressagehorses-breedinghorses-jemeppe-sur-sambre/4749589.html,"Jemeppe sur sambre, BE"
"Friesian horses, Stallion, 5 years, 15.3 hh, Black",588500,Friesian,Stallion,5.0,,https://www.ehorses.com/friesian-horses-stallion-5years-15-3-hh-black-dressagehorses-dubai/4747787.html,"Dubai, AE"
"KWPN, Mare, 5 years, 15.2 hh, Bay-Dark",588500,KWPN,Mare,5.0,,https://www.ehorses.com/kwpn-mare-5years-15-2-hh-bay-dark-dressagehorses-showjumpers-leisurehorses-dubai/4747820.html,"Dubai, AE"
"Friesian horses, Mare, 9 years, 16 hh, Black",588500,Friesian,Mare,9.0,,https://www.ehorses.com/friesian-horses-mare-9years-16-hh-black-dressagehorses-dubai/4748042.html,"Dubai, AE"
"Friesian horses, Stallion, 4 years, 16 hh, Black",321000,Friesian,Stallion,4.0,,https://www.ehorses.com/friesian-horses-stallion-4years-16-hh-black-dressagehorses-dubai/4748006.html,"Dubai, US"
"Friesian horses, Stallion, 4 years, 16 hh, Black",588500,Friesian,Stallion,4.0,,https://www.ehorses.com/friesian-horses-stallion-4years-16-hh-black-dressagehorses-dubai/4747996.html,"Dubai, US"
"Oldenburg-International (OS), Mare, 6 years, 17,2 hh, Bay",187250,Oldenburg,Mare,6.0,,https://www.ehorses.com/oldenburg-international-os-mare-6years-172-hh-bay-showjumpers-dressagehorses-zduchovice/4355683.html,"Zduchovice, CZ"
"Lusitano, Stallion, 2 years, 15,2 hh, Buckskin",155150,Lusitano,Stallion,2.0,,https://www.ehorses.com/lusitano-stallion-2years-152-hh-buckskin-showhorses-working-equitation-horses-breedinghorses-dressagehorses-herborn/4684749.html,"Herborn, DE"
"KWPN, Mare, 15 years, 16 hh, Black",192600,KWPN,Mare,15.0,,https://www.ehorses.com/kwpn-mare-15years-16-hh-black-dressagehorses-ense/4711618.html,"Ense, DE"
"PRE, Stallion, 1 year, 16 hh, Grey",80250,Andalusian,Stallion,,,https://www.ehorses.com/pre-stallion-1year-16-hh-grey-working-equitation-horses-baroquehorses-westernhorses-dressagehorses-rerik-ot-russow/4608976.html,"Rerik OT Russow, DE"
"German Riding Pony, Gelding, 4 years, 14,1 hh",107000,Pony,Gelding,4.0,,https://www.ehorses.com/german-riding-pony-gelding-4years-141-hh-dressagehorses-showjumpers-hainsfarth/4749552.html,"Hainsfarth, DE"
"PRE, Mare, 6 years, 15,2 hh, Black",95230,Andalusian,Mare,6.0,,https://www.ehorses.com/pre-mare-6years-152-hh-black-baroquehorses-showhorses-leisurehorses-dressagehorses-traventhal/4671320.html,"Traventhal, DE"
"PRE Mix, Gelding, 5 years, 16,2 hh, Dun",187250,Andalusian,Gelding,5.0,,https://www.ehorses.com/pre-gelding-5years-162-hh-dun-leisurehorses-working-equitation-horses-baroquehorses-dressagehorses-traventhal/4721652.html,"Traventhal, DE"
"German Riding Pony, Stallion, 4 years, Bay-Dark",133750,Pony,Stallion,4.0,,https://www.ehorses.com/german-riding-pony-stallion-4years-bay-dark-dressagehorses-eventinghorses-showjumpers-leisurehorses-hamm/4749554.html,"Hamm, DE"
"PRE Mix, Gelding, 4 years, 15,1 hh, Dun",187250,Andalusian,Gelding,4.0,,https://www.ehorses.com/pre-gelding-4years-151-hh-dun-leisurehorses-working-equitation-horses-baroquehorses-dressagehorses-traventhal/4730270.html,"Traventhal, DE"
"PRE Mix, Gelding, 4 years, 16 hh, Black",187250,Andalusian,Gelding,4.0,,https://www.ehorses.com/pre-gelding-4years-16-hh-black-leisurehorses-working-equitation-horses-baroquehorses-dressagehorses-traventhal/4721662.html,"Traventhal, DE"
"PRE, Stallion, 5 years, 16,1 hh, Dun",321000,Andalusian,Stallion,5.0,,https://www.ehorses.com/pre-stallion-5years-161-hh-dun-leisurehorses-baroquehorses-sire-dressagehorses-traventhal/4721642.html,"Traventhal, DE"
"PRE, Gelding, 5 years, 15,2 hh, Grey",133750,Andalusian,Gelding,5.0,,https://www.ehorses.com/pre-gelding-5years-152-hh-grey-leisurehorses-working-equitation-horses-baroquehorses-dressagehorses-traventhal/4745091.html,"Traventhal, DE"
"PRE Mix, Gelding, 13 years, 15,2 hh, Grey",133750,Andalusian,Gelding,13.0,,https://www.ehorses.com/pre-gelding-13years-152-hh-grey-baroquehorses-working-equitation-horses-showhorses-leisurehorses-stipsdorf/4749541.html,"Stipsdorf, DE"
"KWPN, Mare, 5 years, 16,2 hh, Brown",203300,KWPN,Mare,5.0,,https://www.ehorses.com/kwpn-mare-5years-162-hh-brown-dressagehorses-gard/4749529.html,"Gard, FR"
"Oldenburg, Mare, 5 years, 16,2 hh, Brown",187250,Oldenburg,Mare,5.0,,https://www.ehorses.com/oldenburg-mare-5years-162-hh-brown-dressagehorses-showjumpers-radeberg/4599977.html,"Radeberg, DE"
"KWPN, Gelding, 9 years, 17,3 hh, Brown",80250,KWPN,Gelding,9.0,,https://www.ehorses.com/kwpn-gelding-9years-173-hh-brown-dressagehorses-meckenheim/4717119.html,"Meckenheim, DE"
"Hanoverian, Gelding, 14 years, 16,2 hh, Black",64199,Hanoverian,Gelding,14.0,,https://www.ehorses.com/hanoverian-gelding-14years-162-hh-black-leisurehorses-english-pleasure-showjumpers-peratallada/4646083.html,"PERATALLADA, ES"
"KWPN, Mare, 4 years, 16,1 hh, Black",240749,KWPN,Mare,4.0,,https://www.ehorses.com/kwpn-mare-4years-161-hh-black-dressagehorses-groot-ammers/4726957.html,"Groot-Ammers, NL"
"Lusitano, Stallion, 2 years, 15,1 hh, Dun",80250,Lusitano,Stallion,2.0,,https://www.ehorses.com/lusitano-stallion-2years-151-hh-dun-dressagehorses-working-equitation-horses-las-pinas/4576811.html,"Las Piñas, ES"
"Haflinger, Gelding, 11 years, 13 hh, Chestnut",35350,Haflinger,Gelding,11.0,,https://www.ehorses.com/haflinger-gelding-11years-13-hh-chestnut-trailhorses-ranch-riding-horses-canyon-tx/4592696.html,"Canyon TX, US"
"Westphalian, Gelding, 5 years, 16 hh, Sorrel",155150,Westphalian,Gelding,5.0,,https://www.ehorses.com/westphalian-gelding-5years-16-hh-sorrel-showjumpers-eventinghorses-leisurehorses-dressagehorses-gummersbach/4662797.html,"Gummersbach, DE"
"German Riding Pony, Mare, 3 years, 14,1 hh, Chestnut-Red",160500,Pony,Mare,3.0,,https://www.ehorses.com/german-riding-pony-mare-3years-141-hh-chestnut-red-dressagehorses-breedinghorses-showjumpers-leisurehorses-luenen/4722193.html,"Lünen, DE"
"PRE, Stallion, 3 years, 16 hh, Perlino",133750,Andalusian,Stallion,3.0,,https://www.ehorses.com/pre-stallion-3years-16-hh-perlino-showhorses-working-equitation-horses-breedinghorses-alcoialcoy/4497033.html,"Alcoi/Alcoy, ES"
"Lusitano Mix, Mare, 5 years, 16 hh, Palomino",133750,Lusitano,Mare,5.0,,https://www.ehorses.com/lusitano-mare-5years-16-hh-palomino-working-equitation-horses-showhorses-endurancehorses-leisurehorses-alcoialcoy/4572772.html,"Alcoi/Alcoy, ES"
"German Riding Pony, Mare, 5 years, 14,2 hh, Buckskin",235399,Pony,Mare,5.0,,https://www.ehorses.com/german-riding-pony-mare-5years-142-hh-buckskin-dressagehorses-breedinghorses-showjumpers-wehringen/4749432.html,"Wehringen, DE"
"Oldenburg-International (OS), Mare, 4 years, 16,2 hh, Grey",96300,Oldenburg,Mare,4.0,,https://www.ehorses.com/oldenburg-international-os-mare-4years-162-hh-grey-showjumpers-breedinghorses-zuelpich/4614712.html,"Zülpich, DE"
"German Riding Pony, Stallion, 1 year, Dun",42800,Pony,Stallion,,,https://www.ehorses.com/german-riding-pony-stallion-1year-dun-dressagehorses-eventinghorses-showjumpers-leisurehorses-aitrang/4489444.html,"Aitrang, DE"
"Oldenburg-International (OS), Gelding, 12 years, 17,3 hh, Chestnut-Red",1498000,Oldenburg,Gelding,12.0,,https://www.ehorses.com/oldenburg-international-os-gelding-12years-173-hh-chestnut-red-showjumpers-leoncin/4624207.html,"Leoncin, PL"
"Hanoverian, Gelding, 8 years, 16,2 hh, Grey",856000,Hanoverian,Gelding,8.0,,https://www.ehorses.com/hanoverian-gelding-8years-162-hh-grey-showjumpers-secymin-polski/4740081.html,"Secymin Polski, PL"
"Oldenburg-International (OS), Stallion, 4 years, 16,1 hh, Black",52965,Oldenburg,Stallion,4.0,,https://www.ehorses.com/oldenburg-international-os-stallion-4years-161-hh-black-showjumpers-eventinghorses-sire-zieuwent/4749404.html,"Zieuwent, NL"
"Westphalian, Gelding, 11 years, 16 hh, Bay-Dark",116629,Westphalian,Gelding,11.0,,https://www.ehorses.com/westphalian-gelding-11years-16-hh-bay-dark-showjumpers-leisurehorses-dressagehorses-overath/4707469.html,"Overath, DE"
"PRE Mix, Gelding, 6 years, 16,2 hh, Grey",133750,Andalusian,Gelding,6.0,,https://www.ehorses.com/pre-gelding-6years-162-hh-grey-dressagehorses-leisurehorses-barcelona/4749387.html,"Barcelona, ES"
"PRE Mix, Mare, 7 years, 15,2 hh, Bay",80250,Andalusian,Mare,7.0,,https://www.ehorses.com/pre-mare-7years-152-hh-bay-dressagehorses-leisurehorses-alicantealacant/4749381.html,"Alicante/Alacant, ES"
"PRE Mix, Stallion, 4 years, 15,1 hh, Chestnut-Red",80250,Andalusian,Stallion,4.0,,https://www.ehorses.com/pre-stallion-4years-151-hh-chestnut-red-baroquehorses-working-equitation-horses-leisurehorses-dressagehorses-rafelguaraf/3600069.html,"Rafelguaraf, ES"
"Andalusian, Stallion, 7 years, 15,2 hh, Perlino",267500,Andalusian,Stallion,7.0,,https://www.ehorses.com/andalusian-stallion-7years-152-hh-perlino-dressagehorses-working-equitation-horses-baroquehorses-leisurehorses-ermelo/4737246.html,"Ermelo, NL"
"PRE Mix, Stallion, 4 years, 17,1 hh, Grey",321000,Andalusian,Stallion,4.0,,https://www.ehorses.com/pre-stallion-4years-171-hh-grey-dressagehorses-leisurehorses-sevilla/4749370.html,"Sevilla, ES"
"Westphalian, Gelding, 7 years, 16,2 hh, Brown",315650,Westphalian,Gelding,7.0,,https://www.ehorses.com/westphalian-gelding-7years-162-hh-brown-showjumpers-eventinghorses-showhunter-dressagehorses-dornburg/4553365.html,"Dornburg, DE"
"Haflinger, Gelding, 13 years, 14,2 hh, Chestnut-Red",26750,Haflinger,Gelding,13.0,,https://www.ehorses.com/haflinger-gelding-13years-142-hh-chestnut-red-leisurehorses-dressagehorses-riedersdorfpabneukirchen/4745862.html,"RiedersdorfPabneukirchen, AT"
"Haflinger, Gelding, 13 years, 14,2 hh, Chestnut-Red",26750,Haflinger,Gelding,13.0,,https://www.ehorses.com/haflinger-gelding-13years-142-hh-chestnut-red-leisurehorses-dressagehorses-pabneukirchen/4747605.html,"Pabneukirchen, AT"
"Haflinger, Stallion, 2 years, 14,2 hh",32099,Haflinger,Stallion,2.0,,https://www.ehorses.com/haflinger-stallion-2years-142-hh-dressagehorses-showjumpers-carriagehorses-suhlendorf/4021169.html,"Suhlendorf, DE"
"Holstein, Mare, 7 years, 16 hh, Brown",230049,Holsteiner,Mare,7.0,,https://www.ehorses.com/holstein-mare-7years-16-hh-brown-showjumpers-eventinghorses-leisurehorses-dressagehorses-loerrach/4453451.html,"Lörrach, DE"
"Hanoverian, Mare, 6 years, 16,1 hh, Bay-Dark",267500,Hanoverian,Mare,6.0,,https://www.ehorses.com/hanoverian-mare-6years-161-hh-bay-dark-dressagehorses-breedinghorses-leisurehorses-isernhagen/4707121.html,"Isernhagen, DE"
"Shire Horse, Gelding, 5 years, 16 hh, Can be white",116629,Shire,Gelding,5.0,,https://www.ehorses.com/shire-horse-gelding-5years-16-hh-can-be-white-leisurehorses-ried-im-innkreis/4435510.html,"Ried im Innkreis, AT"
"Andalusian, Gelding, 11 years, 16,1 hh, Grey-Dapple",35350,Andalusian,Gelding,11.0,,https://www.ehorses.com/andalusian-gelding-11years-161-hh-grey-dapple-trailhorses-ranch-riding-horses-ocala-fl/4103068.html,"Ocala FL, US"
"Hanoverian, Mare, 4 years, 16 hh, Chestnut-Red",90950,Hanoverian,Mare,4.0,,https://www.ehorses.com/hanoverian-mare-4years-16-hh-chestnut-red-dressagehorses-eventinghorses-showjumpers-leisurehorses-surwold/4690813.html,"Surwold, DE"
"Andalusian, Stallion, 5 years, 16,1 hh, Brown",144450,Andalusian,Stallion,5.0,,https://www.ehorses.com/andalusian-stallion-5years-161-hh-brown-dressagehorses-working-equitation-horses-eventinghorses-leisurehorses-ermelo/4747555.html,"Ermelo, NL"
"Andalusian, Stallion, 5 years, 16,2 hh, White",165850,Andalusian,Stallion,5.0,,https://www.ehorses.com/andalusian-stallion-5years-162-hh-white-dressagehorses-working-equitation-horses-baroquehorses-leisurehorses-ermelo/4746581.html,"Ermelo, NL"
"Andalusian, Stallion, 7 years, 15,2 hh, Perlino",267500,Andalusian,Stallion,7.0,,https://www.ehorses.com/andalusian-stallion-7years-152-hh-perlino-dressagehorses-working-equitation-horses-baroquehorses-leisurehorses-ermelo/4737246.html,"Ermelo, NL"
"Andalusian, Stallion, 4 years, 15,2 hh, Grey-Dapple",160500,Andalusian,Stallion,4.0,,https://www.ehorses.com/andalusian-stallion-4years-152-hh-grey-dapple-dressagehorses-working-equitation-horses-baroquehorses-leisurehorses-ermelo/4739548.html,"Ermelo, NL"
"Classic Pony, Gelding, 5 years, 12 hh, Grey",107000,Pony,Gelding,5.0,,https://www.ehorses.com/classic-pony-gelding-5years-12-hh-grey-dressagehorses-showjumpers-xabiajavea/4699708.html,"Xabia/Javea, ES"
"Hanoverian, Stallion, 7 years, 17 hh, Brown",321000,Hanoverian,Stallion,7.0,,https://www.ehorses.com/hanoverian-stallion-7years-17-hh-brown-dressagehorses-showjumpers-el-catllar/4749243.html,"El Catllar, DE"
"Hanoverian, Gelding, 4 years, 16 hh, Chestnut-Red",588500,Hanoverian,Gelding,4.0,,https://www.ehorses.com/hanoverian-gelding-4years-16-hh-chestnut-red-dressagehorses-working-equitation-horses-coin/4735214.html,"Coin, ES"
"Oldenburg, Gelding, 7 years, Chestnut-Red",187250,Oldenburg,Gelding,7.0,,https://www.ehorses.com/oldenburg-gelding-7years-chestnut-red-dressagehorses-wilnsdorfwilnsdorf/4532452.html,"WilnsdorfWilnsdorf, DE"
"KWPN, Gelding, 6 years, 16.1 hh, Black",160500,KWPN,Gelding,6.0,,https://www.ehorses.com/kwpn-gelding-6years-16-1-hh-black-leisurehorses-dressagehorses-weil-am-rhein/4545896.html,"Weil am Rhein, DE"
"Oldenburg, Gelding, 4 years, 16.1 hh, Smoky-Black",83460,Oldenburg,Gelding,4.0,,https://www.ehorses.com/oldenburg-gelding-4years-16-1-hh-smoky-black-dressagehorses-eventinghorses-leisurehorses-muegeln/4663511.html,"Mügeln, DE"
"Hanoverian, Mare, 2 years, Bay-Dark",69550,Hanoverian,Mare,2.0,,https://www.ehorses.com/hanoverian-mare-2years-bay-dark-dressagehorses-selzthal/4749224.html,"Selzthal, AT"
"Shetland Ponies, Gelding, 15 years",8024,Shetland,Gelding,15.0,,https://www.ehorses.com/shetland-ponies-gelding-15years-leisurehorses-selzthal/4735349.html,"Selzthal, AT"
"Thoroughbred, Mare, 4 years, 16.2 hh, Brown",80250,Thoroughbred,Mare,4.0,,https://www.ehorses.com/thoroughbred-mare-4years-16-2-hh-brown-showjumpers-hunter-eventinghorses-leisurehorses-renswoude/4742378.html,"Renswoude, NL"
"KWPN, Mare, 12 years, 16.3 hh, Smoky-Black",321000,KWPN,Mare,12.0,,https://www.ehorses.com/kwpn-mare-12years-16-3-hh-smoky-black-dressagehorses-dordrecht/4607662.html,"Dordrecht, NL"
"German Riding Pony, Gelding, 5 years, 14 hh, Grey",160500,Pony,Gelding,5.0,,https://www.ehorses.com/german-riding-pony-gelding-5years-14-hh-grey-showjumpers-showhunter-dressagehorses-buchen-odenwald/4689527.html,"Buchen (Odenwald), DE"
"Oldenburg, Mare, 5 years, 17 hh, Grey",321000,Oldenburg,Mare,5.0,,https://www.ehorses.com/oldenburg-mare-5years-17-hh-grey-dressagehorses-showjumpers-sankt-wolfgang/4067018.html,"Sankt Wolfgang, DE"
"PRE Mix, Stallion, 5 years, 16,1 hh, Bay-Dark",267500,Andalusian,Stallion,5.0,,https://www.ehorses.com/pre-stallion-5years-161-hh-bay-dark-dressagehorses-showhorses-baroquehorses-leisurehorses-martfeld/4709558.html,"Martfeld, DE"
"Andalusian, Stallion, 3 years, Palomino",37450,Andalusian,Stallion,3.0,,https://www.ehorses.com/andalusian-stallion-3years-palomino-leisurehorses-chiclana/4732465.html,"Chiclana, ES"
"Welsh B, Gelding, 3 years, 12 hh, Grey",30494,Welsh,Gelding,3.0,,https://www.ehorses.com/welsh-b-gelding-3years-12-hh-grey-showhunter-aalten/4749148.html,"Aalten, NL"
"Andalusian, Mare, 5 years, 15,2 hh, Brown",42586,Andalusian,Mare,5.0,,https://www.ehorses.com/andalusian-mare-5years-152-hh-brown-leisurehorses-vejer-de-la-frontera/4749135.html,"Vejer de la Frontera, ES"
"Westphalian, Gelding, 5 years, 17 hh, Bay-Dark",214000,Westphalian,Gelding,5.0,,https://www.ehorses.com/westphalian-gelding-5years-17-hh-bay-dark-dressagehorses-leisurehorses-rosendahl/4683634.html,"Rosendahl, DE"
"KWPN, Gelding, 6 years, 15,3 hh, Black",262150,KWPN,Gelding,6.0,,https://www.ehorses.com/kwpn-gelding-6years-153-hh-black-dressagehorses-leisurehorses-neuss/4731804.html,"Neuss, DE"
"KWPN, Gelding, 3 years, 16 hh, Bay-Dark",53500,KWPN,Gelding,3.0,,https://www.ehorses.com/kwpn-gelding-3years-16-hh-bay-dark-dressagehorses-leisurehorses-neuss/4733557.html,"Neuss, DE"
"Oldenburg, Stallion, 8 years, 17 hh, Brown",1070000,Oldenburg,Stallion,8.0,,https://www.ehorses.com/oldenburg-stallion-8years-17-hh-brown-dressagehorses-ritzing/4630903.html,"Ritzing, AT"
"Oldenburg, Gelding, 6 years, 17,1 hh, Brown",267500,Oldenburg,Gelding,6.0,,https://www.ehorses.com/oldenburg-gelding-6years-171-hh-brown-dressagehorses-boerrstadt/4716781.html,"Börrstadt, DE"
"Oldenburg-International (OS), Gelding, 5 years, 16,1 hh, Brown",321000,Oldenburg,Gelding,5.0,,https://www.ehorses.com/oldenburg-international-os-gelding-5years-161-hh-brown-showjumpers-leisurehorses-lindern-oldenburg/4733891.html,"Lindern (Oldenburg), DE"
"KWPN, Gelding, 9 years, 16,1 hh, Brown",213465,KWPN,Gelding,9.0,,https://www.ehorses.com/kwpn-gelding-9years-161-hh-brown-dressagehorses-neuss/4749057.html,"Neuss, DE"
"Arabian horses, Mare, 2 years, Grey",74900,Arabian,Mare,2.0,,https://www.ehorses.com/arabian-horses-mare-2years-grey-breedinghorses-showhorses-westernhorses-leisurehorses-reichraming/4354792.html,"Reichraming, AT"
"Andalusian, Mare, 7 years, Grey",85839,Andalusian,Mare,7.0,,https://www.ehorses.com/andalusian-mare-7years-grey-dressagehorses-showhorses-breedinghorses-eventinghorses-corona-ca/4687612.html,"Corona, CA, US"
"PRE, Stallion, 5 years, 15,3 hh, Black",133750,Andalusian,Stallion,5.0,,https://www.ehorses.com/pre-stallion-5years-153-hh-black-dressagehorses-working-equitation-horses-breedinghorses-leisurehorses-provinz-malaga/4525270.html,"Provinz Malaga, ES"
"Welsh A (Mountain Pony), Gelding, 5 years, 11 hh, Leopard-Piebald",39590,Welsh,Gelding,5.0,,https://www.ehorses.com/welsh-a-mountain-pony-gelding-5years-11-hh-leopard-piebald-showjumpers-reininghorses-leisurehorses-dressagehorses-poznan/4616687.html,"Poznań, PL"
"Hanoverian, Mare, 8 years, 15,3 hh, Chestnut",160500,Hanoverian,Mare,8.0,,https://www.ehorses.com/hanoverian-mare-8years-153-hh-chestnut-dressagehorses-breedinghorses-showjumpers-leisurehorses-goetzendorf-an-der-leitha/4688363.html,"Götzendorf an der Leitha, AT"
"Hanoverian, Gelding, 4 years, 16,1 hh, Chestnut-Red",133750,Hanoverian,Gelding,4.0,,https://www.ehorses.com/hanoverian-gelding-4years-161-hh-chestnut-red-dressagehorses-leisurehorses-mijas/4744020.html,"Mijas, ES"
"KWPN, Gelding, 5 years, 16,2 hh, Brown",160500,KWPN,Gelding,5.0,,https://www.ehorses.com/kwpn-gelding-5years-162-hh-brown-dressagehorses-showjumpers-showhunter-leisurehorses-jesteburg/4656916.html,"Jesteburg, DE"
"Hanoverian, Gelding, 5 years, 16,3 hh, Black",187250,Hanoverian,Gelding,5.0,,https://www.ehorses.com/hanoverian-gelding-5years-163-hh-black-dressagehorses-eventinghorses-showjumpers-leisurehorses-puebla-de-guzman/4743807.html,"Puebla De Guzman, ES"
"Westphalian, Gelding, 5 years, 16,3 hh, Black",321000,Westphalian,Gelding,5.0,,https://www.ehorses.com/westphalian-gelding-5years-163-hh-black-dressagehorses-rees/4748991.html,"Rees, DE"
"Hanoverian, Mare, 4 years, 16,1 hh, Chestnut-Red",321000,Hanoverian,Mare,4.0,,https://www.ehorses.com/hanoverian-mare-4years-161-hh-chestnut-red-dressagehorses-eventinghorses-showjumpers-showhunter-lienen/4747090.html,"Lienen, DE"
"KWPN, Mare, 3 years, 15,2 hh, Bay-Dark",80250,KWPN,Mare,3.0,,https://www.ehorses.com/kwpn-mare-3years-152-hh-bay-dark-dressagehorses-lierde/4587246.html,"Lierde, BE"
"KWPN, Gelding, 9 years, 15,3 hh, Grey",133750,KWPN,Gelding,9.0,,https://www.ehorses.com/kwpn-gelding-9years-153-hh-grey-leisurehorses-trailhorses-endurancehorses-dressagehorses-lonsee/4748964.html,"Lonsee, DE"
"PRE Mix, Gelding, 6 years, 16,2 hh, Grey",80250,Andalusian,Gelding,6.0,,https://www.ehorses.com/pre-gelding-6years-162-hh-grey-dressagehorses-working-equitation-horses-showjumpers-sleidinge/4726231.html,"Sleidinge, BE"
"Hanoverian, Mare, 7 years, 17 hh, Grey",321000,Hanoverian,Mare,7.0,,https://www.ehorses.com/hanoverian-mare-7years-17-hh-grey-showhunter-showjumpers-bad-duerrheim/4696523.html,"Bad Dürrheim, DE"
"Polish riding pony, Gelding, 3 years, 14,1 hh, Leopard-Piebald",84530,Pony,Gelding,3.0,,https://www.ehorses.com/polish-riding-pony-gelding-3years-141-hh-leopard-piebald-westernhorses-baroquehorses-leisurehorses-uelsen/4633736.html,"uelsen, DE"
"KWPN, Gelding, 5 years, 17 hh, Chestnut",235399,KWPN,Gelding,5.0,,https://www.ehorses.com/kwpn-gelding-5years-17-hh-chestnut-dressagehorses-riga/4618067.html,"Riga, LV"
"Westphalian, Gelding, 7 years, 17 hh, Grey-Dapple",321000,Westphalian,Gelding,7.0,,https://www.ehorses.com/westphalian-gelding-7years-17-hh-grey-dapple-showjumpers-dressagehorses-arnsbergarnsberg/4472681.html,"ArnsbergArnsberg, DE"
"Shetland Ponies, Stallion, 1 year, 8,1 hh, Black",9095,Shetland,Stallion,,,https://www.ehorses.com/shetland-ponies-stallion-1year-81-hh-black-breedinghorses-showhorses-carriagehorses-haestveda/4703780.html,"Hästveda, SE"
"Lusitano, Stallion, 2 years, 15,2 hh, Buckskin",155150,Lusitano,Stallion,2.0,,https://www.ehorses.com/lusitano-stallion-2years-152-hh-buckskin-showhorses-working-equitation-horses-breedinghorses-dressagehorses-herborn/4684749.html,"Herborn, DE"
"Friesian horses, Stallion, 5 years, 15,1 hh",46010,Friesian,Stallion,5.0,,https://www.ehorses.com/friesian-horses-stallion-5years-151-hh-eventinghorses-tzummarum/1706201.html,"Tzummarum, NL"
"KWPN, Mare, 3 years, 15,2 hh, Bay-Dark",52430,KWPN,Mare,3.0,,https://www.ehorses.com/kwpn-mare-3years-152-hh-bay-dark-dressagehorses-leisurehorses-uelsen/4740393.html,"uelsen, DE"
"Oldenburg, Mare, 1 year, Bay-Dark",63129,Oldenburg,Mare,,,https://www.ehorses.com/oldenburg-mare-1year-bay-dark-dressagehorses-dassel/4738868.html,"Dassel, DE"
"Andalusian, Gelding, 5 years, 15,2 hh, Brown",53500,Andalusian,Gelding,5.0,,https://www.ehorses.com/andalusian-gelding-5years-152-hh-brown-dressagehorses-working-equitation-horses-showhorses-leisurehorses-hinojosa-del-duque/4742113.html,"Hinojosa Del Duque, ES"
"Andalusian, Mare, 6 years, 15,2 hh, Perlino",32099,Andalusian,Mare,6.0,,https://www.ehorses.com/andalusian-mare-6years-152-hh-perlino-leisurehorses-baroquehorses-dressagehorses-hinojosa-del-duque/4747683.html,"Hinojosa Del Duque, ES"
"Andalusian, Stallion, 8 years, 15,2 hh, Grey-Dapple",53500,Andalusian,Stallion,8.0,,https://www.ehorses.com/andalusian-stallion-8years-152-hh-grey-dapple-dressagehorses-working-equitation-horses-baroquehorses-leisurehorses-hinojosa-del-duque/4742652.html,"Hinojosa Del Duque, ES"
"PRE Mix, Mare, 1 year, 15,2 hh, Pearl",127329,Andalusian,Mare,,,https://www.ehorses.com/pre-mare-1year-152-hh-pearl-baroquehorses-working-equitation-horses-breedinghorses-stahnsdorf/4520393.html,"Stahnsdorf, DE"
"Oldenburg, Gelding, 4 years, 16,2 hh, Brown",224699,Oldenburg,Gelding,4.0,,https://www.ehorses.com/oldenburg-gelding-4years-162-hh-brown-dressagehorses-showjumpers-leisurehorses-carriagehorses-hemmoor/4748926.html,"Hemmoor, DE"
"PRE Mix, Mare, 4 years, 15 hh, Black",95230,Andalusian,Mare,4.0,,https://www.ehorses.com/pre-mare-4years-15-hh-black-dressagehorses-showjumpers-leisurehorses-daleiden/4736735.html,"Daleiden, DE"
"Oldenburg, Mare, Foal (01/2026)",133750,Oldenburg,Mare,0.0,,https://www.ehorses.com/oldenburg-mare-foals-dressagehorses-wuelfrath/3068517.html,"Wülfrath, DE"
"Oldenburg, Mare, 8 years, 17,1 hh, Brown",1070000,Oldenburg,Mare,8.0,,https://www.ehorses.com/oldenburg-mare-8years-171-hh-brown-dressagehorses-kronberg-im-taunus/4626183.html,"Kronberg im Taunus, DE"
"PRE Mix, Gelding, 7 years, 15,2 hh, Brown",85065,Andalusian,Gelding,7.0,,https://www.ehorses.com/pre-gelding-7years-152-hh-brown-dressagehorses-leisurehorses-breda/4748913.html,"Breda, NL"
"KWPN, Gelding, 9 years, 16,2 hh, Brown",321000,KWPN,Gelding,9.0,,https://www.ehorses.com/kwpn-gelding-9years-162-hh-brown-showjumpers-gerstetten/4748837.html,"Gerstetten, DE"
"Welsh A (Mountain Pony), Mare, 10 years, 11,1 hh, Buckskin",37450,Welsh,Mare,10.0,,https://www.ehorses.com/welsh-a-mountain-pony-mare-10years-111-hh-buckskin-leisurehorses-didam/4748887.html,"Didam, NL"
"Oldenburg, Stallion, 3 years, 16 hh, Grey",321000,Oldenburg,Stallion,3.0,,https://www.ehorses.com/oldenburg-stallion-3years-16-hh-grey-dressagehorses-neumarkt-in-der-oberpfalz/4642151.html,"Neumarkt in der Oberpfalz, DE"
"Friesian horses, Gelding, 8 years, 15,2 hh, Tobiano-all-colors",35350,Friesian,Gelding,8.0,,https://www.ehorses.com/friesian-horses-gelding-8years-152-hh-tobiano-all-colors-trailhorses-showhorses-wallingford-ky/4145721.html,"Wallingford KY, US"
"PRE, Stallion, 4 years, 16 hh, Bay",133750,Andalusian,Stallion,4.0,,https://www.ehorses.com/pre-stallion-4years-16-hh-bay-dressagehorses-working-equitation-horses-baroquehorses-leisurehorses-hamburg/4727280.html,"Hamburg, DE"
"Westphalian, Mare, 13 years, 16 hh, Brown",80250,Westphalian,Mare,13.0,,https://www.ehorses.com/westphalian-mare-13years-16-hh-brown-breedinghorses-dressagehorses-dortmund/4685914.html,"Dortmund, DE"
"Welsh D (Cob), Gelding, 6 years, 14,1 hh, Grey",40125,Welsh,Gelding,6.0,,https://www.ehorses.com/welsh-d-cob-gelding-6years-141-hh-grey-showjumpers-carriagehorses-murska-soboda/4738331.html,"Murska Soboda, SI"
"French riding pony, Gelding, 6 years, 14,2 hh, Black",321000,Pony,Gelding,6.0,,https://www.ehorses.com/french-riding-pony-gelding-6years-142-hh-black-dressagehorses-merignies/4748865.html,"Mérignies, FR"
"Hanoverian, Gelding, 4 years, 16,3 hh, Chestnut-Red",321000,Hanoverian,Gelding,4.0,,https://www.ehorses.com/hanoverian-gelding-4years-163-hh-chestnut-red-dressagehorses-leisurehorses-visbek/4723792.html,"Visbek, DE"
"Oldenburg, Gelding, 5 years, 16,1 hh, Brown",187250,Oldenburg,Gelding,5.0,,https://www.ehorses.com/oldenburg-gelding-5years-161-hh-brown-dressagehorses-leisurehorses-visbek/4677955.html,"Visbek, DE"
"Hanoverian, Gelding, 7 years, 16,2 hh, Black",136960,Hanoverian,Gelding,7.0,,https://www.ehorses.com/hanoverian-gelding-7years-162-hh-black-dressagehorses-blekendorf/4748853.html,"Blekendorf, DE"
"Irish Thoroughbred, Gelding, 8 years, 16,1 hh, Grey",160500,Thoroughbred,Gelding,8.0,,https://www.ehorses.com/irish-thoroughbred-gelding-8years-161-hh-grey-showjumpers-eventinghorses-leisurehorses-dressagehorses-verden-aller/950362.html,"Verden (Aller), DE"
"German Riding Pony, Mare, 7 years, 14,1 hh, Bay-Dark",83460,Pony,Mare,7.0,,https://www.ehorses.com/german-riding-pony-mare-7years-141-hh-bay-dark-dressagehorses-breedinghorses-showjumpers-showhunter-verden-aller/949535.html,"Verden (Aller), DE"
"Hanoverian, Gelding, 4 years, 16 hh, Chestnut-Red",588500,Hanoverian,Gelding,4.0,,https://www.ehorses.com/hanoverian-gelding-4years-16-hh-chestnut-red-dressagehorses-working-equitation-horses-coin/4735214.html,"Coin, ES"
"Oldenburg, Gelding, 7 years, Chestnut-Red",187250,Oldenburg,Gelding,7.0,,https://www.ehorses.com/oldenburg-gelding-7years-chestnut-red-dressagehorses-wilnsdorfwilnsdorf/4532452.html,"WilnsdorfWilnsdorf, DE"
"Westphalian, Mare, 7 years, 16.1 hh, Brown",117699,Westphalian,Mare,7.0,,https://www.ehorses.com/westphalian-mare-7years-16-1-hh-brown-dressagehorses-showjumpers-leisurehorses-rheine/4700285.html,"Rheine, DE"
"Holstein, Mare, 11 years, 16.1 hh, Grey",267500,Holsteiner,Mare,11.0,,https://www.ehorses.com/holstein-mare-11years-16-1-hh-grey-showjumpers-kollmar/4748751.html,"Kollmar, DE"
"Oldenburg, Mare, 6 years, 16 hh, Black",171200,Oldenburg,Mare,6.0,,https://www.ehorses.com/oldenburg-mare-6years-16-hh-black-dressagehorses-showjumpers-leisurehorses-schwaebisch-hall/4748315.html,"Schwäbisch Hall, DE"
"Hanoverian, Mare, 4 years, 16 hh, Black",347750,Hanoverian,Mare,4.0,,https://www.ehorses.com/hanoverian-mare-4years-16-hh-black-dressagehorses-tornesch/4748753.html,"Tornesch, DE"
"KWPN, Mare, 10 years, 16 hh, Black",95230,KWPN,Mare,10.0,,https://www.ehorses.com/kwpn-mare-10years-16-hh-black-dressagehorses-breedinghorses-showjumpers-nettetal/4748744.html,"Nettetal, DE"
"Irish Thoroughbred, Mare, 7 years, Brown",38520,Thoroughbred,Mare,7.0,,https://www.ehorses.com/irish-thoroughbred-mare-7years-brown-dressagehorses-leisurehorses-norderstedt/4697898.html,"Norderstedt, DE"
"Arabian Partbred, Gelding, 7 years, 14.2 hh, Grey",80250,Arabian,Gelding,7.0,,https://www.ehorses.com/arabian-partbred-gelding-7years-14-2-hh-grey-leisurehorses-trailhorses-endurancehorses-eventinghorses-gomadingen/4748740.html,"Gomadingen, DE"
"Westphalian, Gelding, 4 years, 15.1 hh, Chestnut-Red",107000,Westphalian,Gelding,4.0,,https://www.ehorses.com/westphalian-gelding-4years-15-1-hh-chestnut-red-dressagehorses-showjumpers-herten/4721245.html,"Herten, DE"
"KWPN, Mare, 6 years, 16.1 hh, Smoky-Black",230049,KWPN,Mare,6.0,,https://www.ehorses.com/kwpn-mare-6years-16-1-hh-smoky-black-dressagehorses-breedinghorses-leisurehorses-goch/4664032.html,"Goch, DE"
"Holstein, Mare, 16 years, 16,1 hh, Brown",96300,Holsteiner,Mare,16.0,,https://www.ehorses.com/holstein-mare-16years-161-hh-brown-leisurehorses-tingev/4056412.html,"tingev, DK"
"PRE Mix, Gelding, 7 years, 15,3 hh, Brown",144450,Andalusian,Gelding,7.0,,https://www.ehorses.com/pre-gelding-7years-153-hh-brown-dressagehorses-leisurehorses-santa-olalla-del-cala/4715284.html,"Santa Olalla Del Cala, ES"
"PRE, Mare, 5 years, Black",159430,Andalusian,Mare,5.0,,https://www.ehorses.com/pre-mare-5years-black-dressagehorses-working-equitation-horses-breedinghorses-leisurehorses-klettgau/4170725.html,"Klettgau, DE"
"German Riding Pony, Mare, 11 years, 14,1 hh, Roan-Red",80250,Pony,Mare,11.0,,https://www.ehorses.com/german-riding-pony-mare-11years-141-hh-roan-red-dressagehorses-breedinghorses-showjumpers-leisurehorses-gudensberg/4711214.html,"Gudensberg, DE"
"PRE, Stallion, 3 years, 15,2 hh, Perlino",133750,Andalusian,Stallion,3.0,,https://www.ehorses.com/pre-stallion-3years-152-hh-perlino-breedinghorses-baroquehorses-leisurehorses-dressagehorses-vejer-de-la-frontera/4672064.html,"Vejer de la Frontera, ES"
"Haflinger Mix, Gelding, 11 years, 15 hh, Chestnut-Red",63129,Haflinger,Gelding,11.0,,https://www.ehorses.com/haflinger-gelding-11years-15-hh-chestnut-red-leisurehorses-baroquehorses-westernhorses-carriagehorses-nettetal/4748667.html,"Nettetal, DE"
"German Riding Pony, Stallion, 1 year, Chestnut",37450,Pony,Stallion,,,https://www.ehorses.com/german-riding-pony-stallion-1year-chestnut-dressagehorses-vreden/4633196.html,"Vreden, DE"
"PRE Mix, Stallion, 5 years, 16,1 hh, Bay-Dark",80250,Andalusian,Stallion,5.0,,https://www.ehorses.com/pre-stallion-5years-161-hh-bay-dark-english-pleasure-leisurehorses-sire-dressagehorses-galaroza-huelva/4748699.html,"Galaroza (Huelva), ES"
"Hanoverian, Mare, 13 years, 16,2 hh, Brown",74900,Hanoverian,Mare,13.0,,https://www.ehorses.com/hanoverian-mare-13years-162-hh-brown-breedinghorses-minden/4721108.html,"Minden, DE"
"Holstein, Mare, 3 years, 15,3 hh, Grey",90950,Holsteiner,Mare,3.0,,https://www.ehorses.com/holstein-mare-3years-153-hh-grey-showjumpers-nusse/4726445.html,"Nusse, DE"
"Holstein, Mare, 4 years, 16,1 hh, Bay-Dark",160500,Holsteiner,Mare,4.0,,https://www.ehorses.com/holstein-mare-4years-161-hh-bay-dark-dressagehorses-showjumpers-nusse/4682610.html,"Nusse, DE"
"Holstein, Mare, 9 years, 16,1 hh, Brown",90950,Holsteiner,Mare,9.0,,https://www.ehorses.com/holstein-mare-9years-161-hh-brown-breedinghorses-nusse/4652102.html,"Nusse, DE"
"Irish Thoroughbred, Gelding, 7 years, 16,1 hh, Chestnut",64199,Thoroughbred,Gelding,7.0,,https://www.ehorses.com/irish-thoroughbred-gelding-7years-161-hh-chestnut-leisurehorses-eventinghorses-stadl-paura/4743724.html,"Stadl-Paura, AT"
"Irish Thoroughbred, Gelding, 6 years, 16,1 hh, Bay-Dark",74900,Thoroughbred,Gelding,6.0,,https://www.ehorses.com/irish-thoroughbred-gelding-6years-161-hh-bay-dark-leisurehorses-stadl-paura/4744518.html,"Stadl-Paura, AT"
"Hanoverian, Mare, 4 years, 16,3 hh, Black",53500,Hanoverian,Mare,4.0,,https://www.ehorses.com/hanoverian-mare-4years-163-hh-black-dressagehorses-breedinghorses-wolnzach/4748680.html,"Wolnzach, DE"
"Holstein, Gelding, 9 years, 16,3 hh, Bay-Dark",588500,Holsteiner,Gelding,9.0,,https://www.ehorses.com/holstein-gelding-9years-163-hh-bay-dark-showjumpers-issum/4748632.html,"Issum, DE"
"Hanoverian, Gelding, 4 years, 16 hh, Chestnut-Red",588500,Hanoverian,Gelding,4.0,,https://www.ehorses.com/hanoverian-gelding-4years-16-hh-chestnut-red-dressagehorses-working-equitation-horses-coin/4735214.html,"Coin, ES"
"Oldenburg, Gelding, 7 years, Chestnut-Red",187250,Oldenburg,Gelding,7.0,,https://www.ehorses.com/oldenburg-gelding-7years-chestnut-red-dressagehorses-wilnsdorfwilnsdorf/4532452.html,"WilnsdorfWilnsdorf, DE"
"Westphalian, Mare, 5 years, 17.2 hh, Bay-Dark",181900,Westphalian,Mare,5.0,,https://www.ehorses.com/westphalian-mare-5years-17-2-hh-bay-dark-dressagehorses-sankt-augustin/4734971.html,"Sankt Augustin, DE"
"Hanoverian, Gelding, 3 years, 16.2 hh, Bay-Dark",160500,Hanoverian,Gelding,3.0,,https://www.ehorses.com/hanoverian-gelding-3years-16-2-hh-bay-dark-dressagehorses-sankt-augustin/4735004.html,"Sankt Augustin, DE"
"Hanoverian, Mare, 5 years, 15.2 hh, Brown",41730,Hanoverian,Mare,5.0,,https://www.ehorses.com/hanoverian-mare-5years-15-2-hh-brown-leisurehorses-working-equitation-horses-breedinghorses-dressagehorses-sankt-augustin/4735187.html,"Sankt Augustin, DE"
"Westphalian, Mare, 4 years, 16.1 hh, Bay-Dark",53500,Westphalian,Mare,4.0,,https://www.ehorses.com/westphalian-mare-4years-16-1-hh-bay-dark-dressagehorses-breedinghorses-leisurehorses-sankt-augustin/4735412.html,"Sankt Augustin, DE"
"Oldenburg-International (OS), Gelding, 13 years, 16.1 hh, Chestnut",32099,Oldenburg,Gelding,13.0,,https://www.ehorses.com/oldenburg-international-os-gelding-13years-16-1-hh-chestnut-showjumpers-leisurehorses-paris-17/4721745.html,"Paris 17, FR"
"Thoroughbred, Gelding, 4 years, 15.1 hh, Brown",28889,Thoroughbred,Gelding,4.0,,https://www.ehorses.com/thoroughbred-gelding-4years-15-1-hh-brown-dressagehorses-showjumpers-le-breil-vieux-pont-en-auge/4733621.html,"Le Breil, Vieux-Pont-en-Auge, FR"
"Hanoverian, Gelding, 7 years, 16.2 hh, Bay-Dark",321000,Hanoverian,Gelding,7.0,,https://www.ehorses.com/hanoverian-gelding-7years-16-2-hh-bay-dark-dressagehorses-showhunter-leisurehorses-kempen/4746106.html,"Kempen, DE"
"PRE, Mare, 19 years, 15.2 hh, Grullo",19795,Andalusian,Mare,19.0,,https://www.ehorses.com/pre-mare-19years-15-2-hh-grullo-leisurehorses-breedinghorses-achstetten/4747754.html,"Achstetten, DE"
"PRE, Mare, 7 years, 15 hh, Grey",23540,Andalusian,Mare,7.0,,https://www.ehorses.com/pre-mare-7years-15-hh-grey-sire-leisurehorses-jardinito-el-cordoba-fincacordoba/4746166.html,"Jardinito, El (Cordoba) (Finca)Córdoba, ES"
"PRE, Stallion, 1 year",80250,Andalusian,Stallion,,,https://www.ehorses.com/pre-stallion-1year-dressagehorses-las-pinas/4309043.html,"Las Piñas, ES"
"PRE, Stallion, 6 years, 16.3 hh, Buckskin",187250,Andalusian,Stallion,6.0,,https://www.ehorses.com/pre-stallion-6years-16-3-hh-buckskin-baroquehorses-breedinghorses-sire-dressagehorses-la-cabrera/4745549.html,"La Cabrera, ES"
"PRE, Stallion, 3 years, 17 hh, Black",128399,Andalusian,Stallion,3.0,,https://www.ehorses.com/pre-stallion-3years-17-hh-black-dressagehorses-working-equitation-horses-baroquehorses-leisurehorses-el-real-de-la-jara/4655716.html,"El Real De La Jara, ES"
"Lusitano, Stallion, 10 years, 16 hh, Black",909499,Lusitano,Stallion,10.0,,https://www.ehorses.com/lusitano-stallion-10years-16-hh-black-dressagehorses-working-equitation-horses-showhorses-breedinghorses-santa-perpetua-de-mogoda/4653461.html,"Santa Perpetua de Mogoda, ES"
"Oldenburg, Mare, 10 years, 16,1 hh, Black",133750,Oldenburg,Mare,10.0,,https://www.ehorses.com/oldenburg-mare-10years-161-hh-black-breedinghorses-showjumpers-dressagehorses-bramsche/4387231.html,"Bramsche, DE"
"Welsh B, Gelding, 7 years, 12,1 hh, Chestnut-Red",37450,Welsh,Gelding,7.0,,https://www.ehorses.com/welsh-b-gelding-7years-121-hh-chestnut-red-leisurehorses-showjumpers-carriagehorses-dressagehorses-rechnitz/4727846.html,"Rechnitz, AT"
"PRE, Gelding, 1 year, 16 hh, Grey",26750,Andalusian,Gelding,,,https://www.ehorses.com/pre-gelding-1year-16-hh-grey-dressagehorses-leisurehorses-carriagehorses-cordoba/4745386.html,"Córdoba, ES"
"PRE, Stallion, 1 year, 16 hh, Brown",28889,Andalusian,Stallion,,,https://www.ehorses.com/pre-stallion-1year-16-hh-brown-eventinghorses-dressagehorses-cordoba/4745377.html,"Córdoba, ES"
"PRE, Gelding, 14 years, 15,1 hh, Brown",41730,Andalusian,Gelding,14.0,,https://www.ehorses.com/pre-gelding-14years-151-hh-brown-leisurehorses-working-equitation-horses-showjumpers-dressagehorses-neustadt-wied/4745287.html,"Neustadt (Wied), DE"
"PRE, Stallion, 1 year, 16 hh, Brown",26750,Andalusian,Stallion,,,https://www.ehorses.com/pre-stallion-1year-16-hh-brown-eventinghorses-dressagehorses-cordoba/4745365.html,"Córdoba, ES"
"PRE, Gelding, 17 years, 15,2 hh, Grey",31029,Andalusian,Gelding,17.0,,https://www.ehorses.com/pre-gelding-17years-152-hh-grey-leisurehorses-dressagehorses-neustadt-wied/4745284.html,"Neustadt (Wied), DE"
"Oldenburg-International (OS), Mare, 3 years, 16,2 hh, Grey-Dapple",321000,Oldenburg,Mare,3.0,,https://www.ehorses.com/oldenburg-international-os-mare-3years-162-hh-grey-dapple-showjumpers-breedinghorses-eventinghorses-dressagehorses-luebtheen/4748545.html,"Lübtheen, DE"
"PRE, Gelding, 6 years, 16,1 hh, Grey",80250,Andalusian,Gelding,6.0,,https://www.ehorses.com/pre-gelding-6years-161-hh-grey-dressagehorses-baroquehorses-showjumpers-asperup/4744166.html,"Asperup, DK"
"PRE, Stallion, 1 year, 16 hh, Grey",26750,Andalusian,Stallion,,,https://www.ehorses.com/pre-stallion-1year-16-hh-grey-eventinghorses-dressagehorses-jardinito-el-cordoba-finca/4744006.html,"Jardinito, El (Cordoba) (Finca), ES"
"PRE, Stallion, 3 years, 15,2 hh, Grey-Dapple",48150,Andalusian,Stallion,3.0,,https://www.ehorses.com/pre-stallion-3years-152-hh-grey-dapple-eventinghorses-working-equitation-horses-leisurehorses-dressagehorses-tabernas/4743951.html,"Tabernas, ES"
"KWPN, Stallion, 3 years, 16,2 hh, Grey-Dapple",74900,KWPN,Stallion,3.0,,https://www.ehorses.com/kwpn-stallion-3years-162-hh-grey-dapple-showjumpers-bekes/4676926.html,"Békés, HU"
"PRE, Stallion, 4 years, 15,2 hh, Dun",64199,Andalusian,Stallion,4.0,,https://www.ehorses.com/pre-stallion-4years-152-hh-dun-eventinghorses-working-equitation-horses-breedinghorses-leisurehorses-tabernas/4743934.html,"Tabernas, ES"
"PRE, Stallion, 3 years, 15,3 hh, Perlino",187250,Andalusian,Stallion,3.0,,https://www.ehorses.com/pre-stallion-3years-153-hh-perlino-breedinghorses-working-equitation-horses-baroquehorses-dressagehorses-povinz-malaga/4743929.html,"Povinz Malaga, ES"
"PRE, Stallion, 2 years, 15,2 hh, Brown",26750,Andalusian,Stallion,2.0,,https://www.ehorses.com/pre-stallion-2years-152-hh-brown-eventinghorses-doma-vaquera-working-equitation-horses-leisurehorses-tabernas/4743902.html,"Tabernas, ES"
"PRE, Stallion, 4 years, 16 hh, Grey-Dark-Tan",133750,Andalusian,Stallion,4.0,,https://www.ehorses.com/pre-stallion-4years-16-hh-grey-dark-tan-leisurehorses-working-equitation-horses-dressagehorses-vejer-de-la-frontera/4743763.html,"Vejer de la Frontera, ES"
"PRE, Mare, 2 years, 15,2 hh, Brown",133750,Andalusian,Mare,2.0,,https://www.ehorses.com/pre-mare-2years-152-hh-brown-dressagehorses-working-equitation-horses-leisurehorses-vejer-de-la-frontera/4743706.html,"vejer de la frontera, ES"
"Oldenburg, Mare, 6 years, 16,1 hh, Chestnut-Red",133750,Oldenburg,Mare,6.0,,https://www.ehorses.com/oldenburg-mare-6years-161-hh-chestnut-red-dressagehorses-breedinghorses-showjumpers-leisurehorses-achtrup/4654039.html,"Achtrup, DE"
"PRE Mix, Gelding, 13 years, 15,2 hh, Grey",133750,Andalusian,Gelding,13.0,,https://www.ehorses.com/pre-gelding-13years-152-hh-grey-baroquehorses-working-equitation-horses-showhorses-leisurehorses-stipsdorf/4749541.html,"Stipsdorf, DE"
"Friesian horses, Mare, 4 years, 16,1 hh",96300,Friesian,Mare,4.0,,https://www.ehorses.com/friesian-horses-mare-4years-161-hh-leisurehorses-dalen/4512865.html,"Dalen, NL"
"Oldenburg, Mare, 16 years, 16 hh, Bay-Dark",40125,Oldenburg,Mare,16.0,,https://www.ehorses.com/oldenburg-mare-16years-16-hh-bay-dark-dressagehorses-showjumpers-dassel/4623869.html,"Dassel, DE"
"Anglo European Studbook, Gelding, 5 years, 15,3 hh, Brown",63129,Anglo-Arabian,Gelding,5.0,,https://www.ehorses.com/anglo-european-studbook-gelding-5years-153-hh-brown-showjumpers-eventinghorses-dressagehorses-zieuwent/4748511.html,"Zieuwent, NL"
"Arabian horses, Mare, 4 years, 15,1 hh, Chestnut-Red",85600,Arabian,Mare,4.0,,https://www.ehorses.com/arabian-horses-mare-4years-151-hh-chestnut-red-endurancehorses-breedinghorses-leisurehorses-dressagehorses-amtzell/4206638.html,"Amtzell, DE"
"Arabian horses, Mare, 12 years, 14,3 hh, Grey",85600,Arabian,Mare,12.0,,https://www.ehorses.com/arabian-horses-mare-12years-143-hh-grey-leisurehorses-amtzell/4742202.html,"Amtzell, DE"
"KWPN, Gelding, 5 years, 16 hh, Black",133750,KWPN,Gelding,5.0,,https://www.ehorses.com/kwpn-gelding-5years-16-hh-black-sire-oosterhout/4748060.html,"Oosterhout, NL"
"Westphalian, Mare, 4 years, 15,3 hh, Black",105930,Westphalian,Mare,4.0,,https://www.ehorses.com/westphalian-mare-4years-153-hh-black-dressagehorses-showjumpers-leisurehorses-wachtendonk/4723412.html,"Wachtendonk, DE"
"Hanoverian, Gelding, 4 years, 16 hh, Chestnut-Red",588500,Hanoverian,Gelding,4.0,,https://www.ehorses.com/hanoverian-gelding-4years-16-hh-chestnut-red-dressagehorses-working-equitation-horses-coin/4735214.html,"Coin, ES"
"Oldenburg, Gelding, 7 years, Chestnut-Red",187250,Oldenburg,Gelding,7.0,,https://www.ehorses.com/oldenburg-gelding-7years-chestnut-red-dressagehorses-wilnsdorfwilnsdorf/4532452.html,"WilnsdorfWilnsdorf, DE"
"Connemara Mix, Gelding, 10 years, 14.2 hh, Grey",105930,Connemara,Gelding,10.0,,https://www.ehorses.com/connemara-gelding-10years-14-2-hh-grey-showjumpers-leisurehorses-dressagehorses-wachtendonk/4737452.html,"Wachtendonk, DE"
"Holstein, Mare, 14 years, 16 hh, Smoky-Black",95230,Holsteiner,Mare,14.0,,https://www.ehorses.com/holstein-mare-14years-16-hh-smoky-black-showjumpers-leisurehorses-dressagehorses-wachtendonk/4747107.html,"Wachtendonk, DE"
"Hanoverian, Mare, 6 years, 16 hh, Bay-Dark",133750,Hanoverian,Mare,6.0,,https://www.ehorses.com/hanoverian-mare-6years-16-hh-bay-dark-dressagehorses-showjumpers-showhunter-leisurehorses-kempen/4721595.html,"Kempen, DE"
"KWPN, Gelding, 5 years, 16 hh",267500,KWPN,Gelding,5.0,,https://www.ehorses.com/kwpn-gelding-5years-16-hh-showjumpers-schladming/4498498.html,"Schladming, AT"
"Hanoverian, Gelding, 12 years, 17 hh, Grey",149800,Hanoverian,Gelding,12.0,,https://www.ehorses.com/hanoverian-gelding-12years-17-hh-grey-showjumpers-hunter-leisurehorses-dressagehorses-heinsberg/4739325.html,"Heinsberg, DE"
"PRE, Stallion, 4 years, 16 hh, Grey-Dapple",64199,Andalusian,Stallion,4.0,,https://www.ehorses.com/pre-stallion-4years-16-hh-grey-dapple-working-equitation-horses-doma-vaquera-gaitedhorses-baroquehorses-saguntsagunto/4231893.html,"Sagunt/Sagunto, ES"
"Hanoverian, Gelding, 5 years, 16.3 hh, Brown",235399,Hanoverian,Gelding,5.0,,https://www.ehorses.com/hanoverian-gelding-5years-16-3-hh-brown-dressagehorses-burscheid/4728705.html,"Burscheid, DE"
"Hanoverian, Gelding, 4 years, 16 hh, Chestnut-Red",187250,Hanoverian,Gelding,4.0,,https://www.ehorses.com/hanoverian-gelding-4years-16-hh-chestnut-red-dressagehorses-eventinghorses-tiddische/4520626.html,"Tiddische, DE"
"PRE Mix, Stallion, 3 years, 15.3 hh, Buckskin",101650,Andalusian,Stallion,3.0,,https://www.ehorses.com/pre-stallion-3years-15-3-hh-buckskin-leisurehorses-working-equitation-horses-logrono/4748445.html,"Logroño, ES"
"Hanoverian, Gelding, 4 years, 16 hh, Chestnut-Red",588500,Hanoverian,Gelding,4.0,,https://www.ehorses.com/hanoverian-gelding-4years-16-hh-chestnut-red-dressagehorses-working-equitation-horses-coin/4735214.html,"Coin, ES"
"Oldenburg, Gelding, 7 years, Chestnut-Red",187250,Oldenburg,Gelding,7.0,,https://www.ehorses.com/oldenburg-gelding-7years-chestnut-red-dressagehorses-wilnsdorfwilnsdorf/4532452.html,"WilnsdorfWilnsdorf, DE"
"Oldenburg-International (OS), Mare, 12 years, 15.2 hh, Brown",208650,Oldenburg,Mare,12.0,,https://www.ehorses.com/oldenburg-international-os-mare-12years-15-2-hh-brown-showjumpers-breedinghorses-werlte/4620429.html,"Werlte, DE"
"KWPN, Mare, 6 years, 16.2 hh, Brown",588500,KWPN,Mare,6.0,,https://www.ehorses.com/kwpn-mare-6years-16-2-hh-brown-dressagehorses-joure/4748378.html,"Joure, NL"
"German Riding Pony, Gelding, 5 years, 14.1 hh, Brown",187250,Pony,Gelding,5.0,,https://www.ehorses.com/german-riding-pony-gelding-5years-14-1-hh-brown-dressagehorses-showjumpers-showhunter-leisurehorses-frelsdorf/4748355.html,"Frelsdorf, DE"
"Hanoverian Mix, Mare, 1 year, 16 hh, Brown",80250,Hanoverian,Mare,,,https://www.ehorses.com/hanoverian-mare-1year-16-hh-brown-dressagehorses-breedinghorses-leisurehorses-generac/4748357.html,"Générac, FR"
"Westphalian, Mare, 6 years, 16.1 hh, Black",251449,Westphalian,Mare,6.0,,https://www.ehorses.com/westphalian-mare-6years-16-1-hh-black-dressagehorses-breedinghorses-leisurehorses-bad-woerishofen/4748347.html,"Bad Wörishofen, DE"
"Lusitano Mix, Mare, 1 year, 15.2 hh, Black",80250,Lusitano,Mare,,,https://www.ehorses.com/lusitano-mare-1year-15-2-hh-black-dressagehorses-working-equitation-horses-showhorses-leisurehorses-generac/4748345.html,"Générac, FR"
"Westphalian, Gelding, 10 years, 17.1 hh, Smoky-Black",588500,Westphalian,Gelding,10.0,,https://www.ehorses.com/westphalian-gelding-10years-17-1-hh-smoky-black-showjumpers-showhunter-dressagehorses-mainburg/4732307.html,"Mainburg, DE"
"Holstein, Mare, 6 years, 16 hh, Brown",321000,Holsteiner,Mare,6.0,,https://www.ehorses.com/holstein-mare-6years-16-hh-brown-showjumpers-breedinghorses-leisurehorses-dressagehorses-lohne-oldenburg/4577366.html,"Lohne (Oldenburg), DE"
"Oldenburg-International (OS), Mare, 5 years, 16.1 hh, Bay-Dark",133750,Oldenburg,Mare,5.0,,https://www.ehorses.com/oldenburg-international-os-mare-5years-16-1-hh-bay-dark-showjumpers-breedinghorses-leisurehorses-dressagehorses-lohne-oldenburg/4680850.html,"Lohne (Oldenburg), DE"
"Oldenburg-International (OS), Mare, 6 years, 15.3 hh, Bay-Dark",321000,Oldenburg,Mare,6.0,,https://www.ehorses.com/oldenburg-international-os-mare-6years-15-3-hh-bay-dark-showjumpers-breedinghorses-showhunter-dressagehorses-lohne-oldenburg/4680863.html,"Lohne (Oldenburg), DE"
"Hanoverian, Mare, 7 years, 16.2 hh, Black",80250,Hanoverian,Mare,7.0,,https://www.ehorses.com/hanoverian-mare-7years-16-2-hh-black-dressagehorses-breedinghorses-leisurehorses-gifhorn/4612530.html,"Gifhorn, DE"
"Oldenburg, Gelding, 6 years, 17 hh, Bay-Dark",588500,Oldenburg,Gelding,6.0,,https://www.ehorses.com/oldenburg-gelding-6years-17-hh-bay-dark-dressagehorses-juechen/4745405.html,"Jüchen, DE"
"KWPN, Stallion, 1 year, 12.2 hh, Smoky-Black",48150,KWPN,Stallion,,,https://www.ehorses.com/kwpn-stallion-1year-12-2-hh-smoky-black-dressagehorses-issum/4719437.html,"Issum, DE"
"German Riding Pony, Mare, 5 years, 14,1 hh, Chestnut-Red",50825,Pony,Mare,5.0,,https://www.ehorses.com/german-riding-pony-mare-5years-141-hh-chestnut-red-dressagehorses-breedinghorses-showjumpers-leisurehorses-extertal/4734583.html,"Extertal, DE"
"Lusitano, Stallion, 6 years, 15,3 hh, Grey",321000,Lusitano,Stallion,6.0,,https://www.ehorses.com/lusitano-stallion-6years-153-hh-grey-dressagehorses-navas-del-madrono/4668017.html,"Navas Del Madroño, ES"
"Oldenburg, Gelding, 3 years, 16,1 hh, Brown",53500,Oldenburg,Gelding,3.0,,https://www.ehorses.com/oldenburg-gelding-3years-161-hh-brown-dressagehorses-damme/4520158.html,"Damme, DE"
"Thoroughbred, Mare, 17 years, 17 hh, Bay",65650,Thoroughbred,Mare,17.0,,https://www.ehorses.com/thoroughbred-mare-17years-17-hh-bay-trailhorses-english-pleasure-showjumpers-dressagehorses-fort-collins-co/4463752.html,"Fort Collins, CO, US"
"Anglo European Studbook, Stallion, 5 years, 16,1 hh, Chestnut",80250,Anglo-Arabian,Stallion,5.0,,https://www.ehorses.com/anglo-european-studbook-stallion-5years-161-hh-chestnut-showjumpers-showhunter-bekescsaba/4416869.html,"Békéscsaba, HU"
"Shetland Ponies, Stallion, 1 year, 8,1 hh, Chestnut-Red",8560,Shetland,Stallion,,,https://www.ehorses.com/shetland-ponies-stallion-1year-81-hh-chestnut-red-cowhorses-issum/4719446.html,"Issum, DE"
"Other Thoroughbred Breeds, Mare, 7 years, 15,2 hh, Grey-Fleabitten",49220,Thoroughbred,Mare,7.0,,https://www.ehorses.com/other-thoroughbred-breeds-mare-7years-152-hh-grey-fleabitten-endurancehorses-issum/4720046.html,"Issum, DE"
"Hanoverian, Gelding, 3 years, 16,2 hh, Brown",112349,Hanoverian,Gelding,3.0,,https://www.ehorses.com/hanoverian-gelding-3years-162-hh-brown-dressagehorses-isernhagen/4707200.html,"Isernhagen, DE"
"Hanoverian, Mare, 6 years, 16,1 hh, Bay-Dark",267500,Hanoverian,Mare,6.0,,https://www.ehorses.com/hanoverian-mare-6years-161-hh-bay-dark-dressagehorses-breedinghorses-leisurehorses-isernhagen/4707121.html,"Isernhagen, DE"
"Anglo European Studbook, Mare, 7 years, 15,3 hh, Brown",627000,Anglo-Arabian,Mare,7.0,,https://www.ehorses.com/anglo-european-studbook-mare-7years-153-hh-brown-showjumpers-gossau-sg/4748183.html,"Gossau SG, CH"
"Lusitano, Stallion, 8 years, 15,2 hh, Grey",535000,Lusitano,Stallion,8.0,,https://www.ehorses.com/lusitano-stallion-8years-152-hh-grey-dressagehorses-working-equitation-horses-baroquehorses-breedinghorses-sanlucar-de-barrameda/4748160.html,"Sanlucar De Barrameda, ES"
"Oldenburg, Mare, 4 years, Bay-Dark",16049,Oldenburg,Mare,4.0,,https://www.ehorses.com/oldenburg-mare-4years-bay-dark-leisurehorses-fuldabrueck/4748071.html,"Fuldabrück, DE"
"Lusitano Mix, Gelding, 12 years, 14,3 hh, Dun",77040,Lusitano,Gelding,12.0,,https://www.ehorses.com/lusitano-gelding-12years-143-hh-dun-leisurehorses-working-equitation-horses-carriagehorses-jerez-de-la-frontera/4748026.html,"Jerez de la Frontera, ES"
"German Riding Pony, Gelding, 3 years, 14,3 hh, Dun",64199,Pony,Gelding,3.0,,https://www.ehorses.com/german-riding-pony-gelding-3years-143-hh-dun-dressagehorses-marsberg/4738788.html,"Marsberg, DE"
"Lusitano, Mare, 5 years, 15,2 hh, Grey",214000,Lusitano,Mare,5.0,,https://www.ehorses.com/lusitano-mare-5years-152-hh-grey-dressagehorses-equitation-portugesa-working-equitation-horses-blankenberge/4722607.html,"Blankenberge, BE"
"German Riding Pony, Gelding, 4 years, 14,2 hh, Palomino",234329,Pony,Gelding,4.0,,https://www.ehorses.com/german-riding-pony-gelding-4years-142-hh-palomino-dressagehorses-showjumpers-leisurehorses-kempen/4710517.html,"Kempen, DE"
"PRE Mix, Mare, 3 years, 16,2 hh, Grey",80250,Andalusian,Mare,3.0,,https://www.ehorses.com/pre-mare-3years-162-hh-grey-dressagehorses-showjumpers-el-catllar/4053347.html,"El Catllar, ES"
"PRE Mix, Stallion, 15 years, 15,2 hh, White",321000,Andalusian,Stallion,15.0,,https://www.ehorses.com/pre-stallion-15years-152-hh-white-dressagehorses-bas-rhin/4739586.html,"Bas Rhin, FR"
"KWPN, Gelding, 14 years, 16,2 hh, Bay",909499,KWPN,Gelding,14.0,,https://www.ehorses.com/kwpn-gelding-14years-162-hh-bay-dressagehorses-mol/4642387.html,"Mol, BE"
"Westphalian, Mare, 1 year, 16 hh, Bay-Dark",80250,Westphalian,Mare,,,https://www.ehorses.com/westphalian-mare-1year-16-hh-bay-dark-dressagehorses-breedinghorses-leisurehorses-siegen/4506785.html,"Siegen, DE"
"Oldenburg, Gelding, 6 years, 17,1 hh, Bay-Dark",321000,Oldenburg,Gelding,6.0,,https://www.ehorses.com/oldenburg-gelding-6years-171-hh-bay-dark-dressagehorses-working-equitation-horses-leisurehorses-siegen/4687462.html,"Siegen, DE"
"Connemara, Gelding, 5 years, 14,3 hh, Grey",108800,Connemara,Gelding,5.0,,https://www.ehorses.com/connemara-gelding-5years-143-hh-grey-eventinghorses-showjumpers-leisurehorses-dressagehorses-mountrath/4681744.html,"Mountrath, IE"
"PRE, Stallion, 9 years, 15,2 hh",909499,Andalusian,Stallion,9.0,,https://www.ehorses.com/pre-stallion-9years-152-hh-dressagehorses-vinkeveen/4361834.html,"Vinkeveen, NL"
"PRE Mix, Gelding, 6 years, 17 hh",909499,Andalusian,Gelding,6.0,,https://www.ehorses.com/pre-gelding-6years-17-hh-dressagehorses-vinkeveen/4482824.html,"Vinkeveen, NL"
"PRE Mix, Stallion, 7 years, 16,2 hh",588500,Andalusian,Stallion,7.0,,https://www.ehorses.com/pre-stallion-7years-162-hh-dressagehorses-vinkeveen/4482841.html,"Vinkeveen, NL"
"PRE, Stallion, 4 years, 14,2 hh, Buckskin",80250,Andalusian,Stallion,4.0,,https://www.ehorses.com/pre-stallion-4years-142-hh-buckskin-leisurehorses-baroquehorses-dressagehorses-vejer-de-la-frontera/4730490.html,"Vejer de la Frontera, DE"
"Lusitano, Gelding, 6 years, 15,2 hh, Bay-Dark",80250,Lusitano,Gelding,6.0,,https://www.ehorses.com/lusitano-gelding-6years-152-hh-bay-dark-working-equitation-horses-leisurehorses-vejer-de-la-frontera/4730464.html,"Vejer de la Frontera, ES"
"KWPN, Mare, 15 years, 16,2 hh, Brown",85600,KWPN,Mare,15.0,,https://www.ehorses.com/kwpn-mare-15years-162-hh-brown-dressagehorses-breedinghorses-manche/4748032.html,"Manche, FR"
"Anglo European Studbook, Gelding, 5 years, 15,3 hh, Grey",588500,Anglo-Arabian,Gelding,5.0,,https://www.ehorses.com/anglo-european-studbook-gelding-5years-153-hh-grey-showjumpers-endurancehorses-showhunter-leisurehorses-pia/4725624.html,"Piła, PL"
"Hanoverian, Mare, 6 years, 16 hh, Chestnut-Red",588500,Hanoverian,Mare,6.0,,https://www.ehorses.com/hanoverian-mare-6years-16-hh-chestnut-red-dressagehorses-breedinghorses-leisurehorses-muenster/4700638.html,"Münster, DE"
"Oldenburg, Gelding, 5 years, 16,1 hh, Black",321000,Oldenburg,Gelding,5.0,,https://www.ehorses.com/oldenburg-gelding-5years-161-hh-black-dressagehorses-leisurehorses-muenster/4700657.html,"Münster, DE"
"Holstein, Gelding, 9 years, 16,3 hh, Brown",588500,Holsteiner,Gelding,9.0,,https://www.ehorses.com/holstein-gelding-9years-163-hh-brown-showjumpers-dressagehorses-gadow/4748001.html,"Gadow, DE"
"Oldenburg, Gelding, 9 years, 17 hh, Black",428000,Oldenburg,Gelding,9.0,,https://www.ehorses.com/oldenburg-gelding-9years-17-hh-black-dressagehorses-leisurehorses-ahrensburg/4711528.html,"Ahrensburg, DE"
"Andalusian, Stallion, 7 years, 15,3 hh, Bay-Dark",518949,Andalusian,Stallion,7.0,,https://www.ehorses.com/andalusian-stallion-7years-153-hh-bay-dark-dressagehorses-working-equitation-horses-baroquehorses-leisurehorses-ermelo/4737525.html,"Ermelo, NL"
"Lusitano, Stallion, 9 years, 16 hh, Cremello",476149,Lusitano,Stallion,9.0,,https://www.ehorses.com/lusitano-stallion-9years-16-hh-cremello-dressagehorses-working-equitation-horses-baroquehorses-leisurehorses-ermelo/4731727.html,"Ermelo, NL"
"Andalusian, Stallion, 10 years, 16,1 hh, Grey-Dapple",476149,Andalusian,Stallion,10.0,,https://www.ehorses.com/andalusian-stallion-10years-161-hh-grey-dapple-dressagehorses-working-equitation-horses-baroquehorses-leisurehorses-ermelo/4730033.html,"Ermelo, NL"
"Hanoverian, Mare, 4 years, 16,1 hh, Brown",251449,Hanoverian,Mare,4.0,,https://www.ehorses.com/hanoverian-mare-4years-161-hh-brown-dressagehorses-scheessel/4747982.html,"Scheeßel, DE"
"KWPN, Gelding, 6 years, 16 hh, Brown",428000,KWPN,Gelding,6.0,,https://www.ehorses.com/kwpn-gelding-6years-16-hh-brown-dressagehorses-gieten/4207870.html,"Gieten, NL"
"Hispano Arabian, Stallion, 14 years, 15,2 hh, Palomino",133750,Arabian,Stallion,14.0,,https://www.ehorses.com/hispano-arabian-stallion-14years-152-hh-palomino-leisurehorses-working-equitation-horses-breedinghorses-dressagehorses-hamburg/4670848.html,"Hamburg, DE"
"Hanoverian, Mare, 5 years, 16,1 hh, Brown",197950,Hanoverian,Mare,5.0,,https://www.ehorses.com/hanoverian-mare-5years-161-hh-brown-dressagehorses-stoetze/4683169.html,"Stoetze, DE"
"PRE Mix, Stallion, 6 years, 16 hh, Brown",187250,Andalusian,Stallion,6.0,,https://www.ehorses.com/pre-stallion-6years-16-hh-brown-dressagehorses-doma-vaquera-working-equitation-horses-leisurehorses-calanas/4747956.html,"Calañas, ES"
"Westphalian, Gelding, 10 years, 17 hh, Brown",85600,Westphalian,Gelding,10.0,,https://www.ehorses.com/westphalian-gelding-10years-17-hh-brown-showjumpers-creteil/4747919.html,"Créteil, FR"
"Oldenburg, Mare, 15 years, 16,1 hh, Brown",90950,Oldenburg,Mare,15.0,,https://www.ehorses.com/oldenburg-mare-15years-161-hh-brown-dressagehorses-breedinghorses-leisurehorses-sankt-peter-am-kammersberg/4747955.html,"Sankt Peter am Kammersberg, AT"
"Oldenburg, Mare, 6 years, 16,1 hh, Grey-Dapple",267500,Oldenburg,Mare,6.0,,https://www.ehorses.com/oldenburg-mare-6years-161-hh-grey-dapple-eventinghorses-showjumpers-leisurehorses-dressagehorses-griesheim/4747954.html,"Griesheim, DE"
"PRE Mix, Stallion, 5 years, 15,2 hh, Grey-Dapple",133750,Andalusian,Stallion,5.0,,https://www.ehorses.com/pre-stallion-5years-152-hh-grey-dapple-baroquehorses-doma-vaquera-leisurehorses-dressagehorses-sevilla/4695122.html,"Sevilla, ES"
"Anglo-Arab, Mare, 6 years, 15,2 hh, Pinto",133750,Anglo-Arabian,Mare,6.0,,https://www.ehorses.com/anglo-arab-mare-6years-152-hh-pinto-leisurehorses-sevilla/4720242.html,"Sevilla, ES"
"Hanoverian, Gelding, 5 years, 16,2 hh, Grey-Dapple",128399,Hanoverian,Gelding,5.0,,https://www.ehorses.com/hanoverian-gelding-5years-162-hh-grey-dapple-showjumpers-verden-aller/4747704.html,"Verden (Aller), DE"
"Oldenburg-International (OS), Mare, 10 years, Bay",631300,Oldenburg,Mare,10.0,,https://www.ehorses.com/oldenburg-international-os-mare-10years-bay-showjumpers-budapest/4747660.html,"Budapest, HU"
"Oldenburg-International (OS), Mare, 10 years, Bay",631300,Oldenburg,Mare,10.0,,https://www.ehorses.com/oldenburg-international-os-mare-10years-bay-showjumpers-budapest/4747687.html,"Budapest, HU"
"Hanoverian, Stallion, 1 year, 16,1 hh, Brown",48150,Hanoverian,Stallion,,,https://www.ehorses.com/hanoverian-stallion-1year-161-hh-brown-dressagehorses-eventinghorses-winsen-luhe/4547530.html,"Winsen (Luhe), DE"
"PRE, Stallion, 9 years, 15,2 hh, Grey-Dapple",321000,Andalusian,Stallion,9.0,,https://www.ehorses.com/pre-stallion-9years-152-hh-grey-dapple-dressagehorses-showhorses-baroquehorses-leisurehorses-wien/3415681.html,"Wien, AT"
"Friesian horses, Gelding, 7 years, 15,3 hh, Black",227250,Friesian,Gelding,7.0,,https://www.ehorses.com/friesian-horses-gelding-7years-153-hh-black-ranch-riding-horses-trailhorses-mount-vernon/4251554.html,"Mount Vernon, US"
"Holstein, Mare, 3 years, 16 hh, Bay-Dark",85600,Holsteiner,Mare,3.0,,https://www.ehorses.com/holstein-mare-3years-16-hh-bay-dark-showjumpers-breedinghorses-eventinghorses-leisurehorses-goch/4701725.html,"Goch, DE"
"Oldenburg, Mare, 19 years, 16,3 hh, Chestnut-Red",5350,Oldenburg,Mare,19.0,,https://www.ehorses.com/oldenburg-mare-19years-163-hh-chestnut-red-breedinghorses-gleiming/4496871.html,"Gleiming, AT"
"PRE Mix, Stallion, 6 years, 16 hh, Bay-Dark",187250,Andalusian,Stallion,6.0,,https://www.ehorses.com/pre-stallion-6years-16-hh-bay-dark-dressagehorses-leisurehorses-carriagehorses-alicante/4410631.html,"ALICANTE, ES"
"German Riding Pony, Stallion, 21 years, 14,3 hh, Smoky-Black",29959,Pony,Stallion,21.0,,https://www.ehorses.com/german-riding-pony-stallion-21years-143-hh-smoky-black-dressagehorses-leisurehorses-sire-wildeshausen/4649185.html,"Wildeshausen, DE"
"Hanoverian, Mare, 8 years, 16,1 hh, Brown",321000,Hanoverian,Mare,8.0,,https://www.ehorses.com/hanoverian-mare-8years-161-hh-brown-dressagehorses-frankfurt-am-main/4063043.html,"Frankfurt am Main, DE"
"Westphalian, Gelding, 7 years, 16,1 hh, Chestnut-Red",588500,Westphalian,Gelding,7.0,,https://www.ehorses.com/westphalian-gelding-7years-161-hh-chestnut-red-dressagehorses-frankfurt-am-main/4064413.html,"Frankfurt am Main, DE"
"Westphalian, Gelding, 8 years, 16,1 hh, Brown",321000,Westphalian,Gelding,8.0,,https://www.ehorses.com/westphalian-gelding-8years-161-hh-brown-dressagehorses-frankfurt-am-main/4064524.html,"Frankfurt am Main, DE"
"Westphalian, Gelding, 6 years, 17 hh, Black",588500,Westphalian,Gelding,6.0,,https://www.ehorses.com/westphalian-gelding-6years-17-hh-black-dressagehorses-working-equitation-horses-leisurehorses-herbstein/4747771.html,"Herbstein, DE"
"Thoroughbred, Mare, 9 years, 16 hh, Brown",40125,Thoroughbred,Mare,9.0,,https://www.ehorses.com/thoroughbred-mare-9years-16-hh-brown-breedinghorses-sint-maarten/4692820.html,"Sint Maarten, NL"
"Westphalian, Stallion, 1 year, 16,2 hh, Brown",80250,Westphalian,Stallion,,,https://www.ehorses.com/westphalian-stallion-1year-162-hh-brown-showjumpers-schwerte/4542826.html,"Schwerte, DE"
"KWPN, Gelding, 3 years, 16,1 hh, Black",80250,KWPN,Gelding,3.0,,https://www.ehorses.com/kwpn-gelding-3years-161-hh-black-dressagehorses-moergestel/4747752.html,"Moergestel, NL"
"Hanoverian, Gelding, 9 years, 16,2 hh, Smoky-Black",160500,Hanoverian,Gelding,9.0,,https://www.ehorses.com/hanoverian-gelding-9years-162-hh-smoky-black-showjumpers-leisurehorses-dressagehorses-leipzig/4736789.html,"Leipzig, DE"
"Holstein, Stallion, 3 years, 16,1 hh, Brown",187250,Holsteiner,Stallion,3.0,,https://www.ehorses.com/holstein-stallion-3years-161-hh-brown-showjumpers-eventinghorses-showhunter-bargenstedt/4726907.html,"Bargenstedt, DE"
"Shagya Arabian, Gelding, 16 years, 14,2 hh, Brown",5350,Arabian,Gelding,16.0,,https://www.ehorses.com/shagya-arabian-gelding-16years-142-hh-brown-leisurehorses-neuhaus-in-der-wart/4700461.html,"Neuhaus in der Wart, AT"
"Lusitano, Gelding, 7 years, 16,1 hh, Bay",235399,Lusitano,Gelding,7.0,,https://www.ehorses.com/lusitano-gelding-7years-161-hh-bay-working-equitation-horses-dressagehorses-poniawy-bramura/4740022.html,"Płoniawy Bramura, PL"
"Oldenburg-International (OS), Stallion, 1 year, Brown",74900,Oldenburg,Stallion,,,https://www.ehorses.com/oldenburg-international-os-stallion-1year-brown-showjumpers-cloppenburg/4608241.html,"Cloppenburg, DE"
"PRE, Gelding, 4 years, 17,2 hh, Brown",187250,Andalusian,Gelding,4.0,,https://www.ehorses.com/pre-gelding-4years-172-hh-brown-baroquehorses-breedinghorses-arjona/4694006.html,"Arjona, ES"
"PRE, Mare, 2 years, 15,1 hh, Dun",80250,Andalusian,Mare,2.0,,https://www.ehorses.com/pre-mare-2years-151-hh-dun-breedinghorses-arjona/4694148.html,"Arjona, ES"
"Hanoverian, Mare, 5 years, 16,1 hh, Bay-Dark",321000,Hanoverian,Mare,5.0,,https://www.ehorses.com/hanoverian-mare-5years-161-hh-bay-dark-dressagehorses-breedinghorses-leisurehorses-meinhard/4719836.html,"Meinhard, DE"
"KWPN, Gelding, 5 years, 16,2 hh, Bay-Dark",133750,KWPN,Gelding,5.0,,https://www.ehorses.com/kwpn-gelding-5years-162-hh-bay-dark-dressagehorses-leisurehorses-grieselstein/4742810.html,"Grieselstein, AT"
"Holstein, Gelding, 12 years, Brown",406600,Holsteiner,Gelding,12.0,,https://www.ehorses.com/holstein-gelding-12years-brown-showjumpers-gundelfingen-an-der-donau/4747661.html,"Gundelfingen an der Donau, DE"
"PRE, Stallion, 2 years, 16,1 hh, Bay-Dark",128399,Andalusian,Stallion,2.0,,https://www.ehorses.com/pre-stallion-2years-161-hh-bay-dark-dressagehorses-gaitedhorses-segovia/4741605.html,"Segovia, ES"
"PRE, Gelding, 11 years, 15,3 hh, Bay-Dark",53500,Andalusian,Gelding,11.0,,https://www.ehorses.com/pre-gelding-11years-153-hh-bay-dark-dressagehorses-villanueva-de-la-concepcion/4742582.html,"Villanueva de la Concepción, ES"
"PRE, Gelding, 8 years, 16,2 hh, Bay-Dark",133750,Andalusian,Gelding,8.0,,https://www.ehorses.com/pre-gelding-8years-162-hh-bay-dark-dressagehorses-campo-de-camara-almogia/4742528.html,"Campo De Camara (Almogia), ES"
"Haflinger Mix, Mare, 18 years, 14,2 hh",17120,Haflinger,Mare,18.0,,https://www.ehorses.com/haflinger-mare-18years-142-hh-leisurehorses-oettingen-in-bayern/4715471.html,"Oettingen in Bayern, DE"
"Hanoverian, Mare, 8 years, 16,1 hh, Black",32099,Hanoverian,Mare,8.0,,https://www.ehorses.com/hanoverian-mare-8years-161-hh-black-showjumpers-friedeburg-reepsholt-hoheesche/4744627.html,"Friedeburg Reepsholt, Hoheesche, DE"
"Andalusian, Stallion, 6 years, 16 hh, Grey-Dapple",251449,Andalusian,Stallion,6.0,,https://www.ehorses.com/andalusian-stallion-6years-16-hh-grey-dapple-dressagehorses-working-equitation-horses-baroquehorses-leisurehorses-ermelo/4746585.html,"Ermelo, NL"
"KWPN, Gelding, 4 years, 17,1 hh, Brown",133750,KWPN,Gelding,4.0,,https://www.ehorses.com/kwpn-gelding-4years-171-hh-brown-dressagehorses-oosterhout/4747147.html,"Oosterhout, NL"
"Connemara, Mare, 16 years, 14,3 hh, Grey",80250,Connemara,Mare,16.0,,https://www.ehorses.com/connemara-mare-16years-143-hh-grey-leisurehorses-westernhorses-waldshut-tiengen/4262914.html,"Waldshut-Tiengen, DE"
"PRE Mix, Stallion, 6 years, 16 hh, Bay",187250,Andalusian,Stallion,6.0,,https://www.ehorses.com/pre-stallion-6years-16-hh-bay-dressagehorses-leisurehorses-caceres/4517525.html,"Caceres, ES"
"Arabian Partbred, Stallion, 12 years, 15 hh, Pinto",40125,Arabian,Stallion,12.0,,https://www.ehorses.com/arabian-partbred-stallion-12years-15-hh-pinto-endurancehorses-leisurehorses-rot-an-der-rot/4620764.html,"Rot an der Rot, DE"
"Andalusian, Stallion, 5 years, 16 hh, Brown",90950,Andalusian,Stallion,5.0,,https://www.ehorses.com/andalusian-stallion-5years-16-hh-brown-dressagehorses-working-equitation-horses-trailhorses-leisurehorses-ermelo/4747255.html,"Ermelo, NL"
"German Riding Pony, Mare, 3 years, 14 hh, Chestnut-Red",38520,Pony,Mare,3.0,,https://www.ehorses.com/german-riding-pony-mare-3years-14-hh-chestnut-red-dressagehorses-showjumpers-carriagehorses-erkelenz/4747495.html,"Erkelenz, DE"
"Andalusian, Stallion, 5 years, 15,2 hh, Black",160500,Andalusian,Stallion,5.0,,https://www.ehorses.com/andalusian-stallion-5years-152-hh-black-dressagehorses-working-equitation-horses-baroquehorses-leisurehorses-ermelo/4747551.html,"Ermelo, NL"
"Holstein, Gelding, 13 years, 16,1 hh, Grey-Fleabitten",331700,Holsteiner,Gelding,13.0,,https://www.ehorses.com/holstein-gelding-13years-161-hh-grey-fleabitten-showjumpers-schmilau/4401259.html,"Schmilau, DE"
"Westphalian, Mare, 5 years, 16 hh, Grey-Dapple",235399,Westphalian,Mare,5.0,,https://www.ehorses.com/westphalian-mare-5years-16-hh-grey-dapple-showjumpers-schmilau/4455110.html,"Schmilau, DE"
"Holstein, Gelding, 4 years, 16,1 hh, Brown",149800,Holsteiner,Gelding,4.0,,https://www.ehorses.com/holstein-gelding-4years-161-hh-brown-showjumpers-mustin/4487126.html,"Mustin, DE"
"Holstein, Mare, 9 years, 16 hh, Bay-Dark",235399,Holsteiner,Mare,9.0,,https://www.ehorses.com/holstein-mare-9years-16-hh-bay-dark-showjumpers-eventinghorses-schmilau/4493702.html,"Schmilau, DE"
"Holstein, Stallion, 1 year, Brown",64199,Holsteiner,Stallion,,,https://www.ehorses.com/holstein-stallion-1year-brown-showjumpers-schmilau/4575413.html,"Schmilau, DE"
"Holstein, Mare, 10 years, 16 hh, Brown",299600,Holsteiner,Mare,10.0,,https://www.ehorses.com/holstein-mare-10years-16-hh-brown-showjumpers-pogeez/4674514.html,"Pogeez, DE"
"Holstein, Mare, 7 years, 16,1 hh, Chestnut",176550,Holsteiner,Mare,7.0,,https://www.ehorses.com/holstein-mare-7years-161-hh-chestnut-showjumpers-eventinghorses-leisurehorses-schmilau/4674526.html,"Schmilau, DE"
"Holstein, Mare, 1 year, Brown",133750,Holsteiner,Mare,,,https://www.ehorses.com/holstein-mare-1year-brown-showjumpers-schmilau/4738100.html,"Schmilau, DE"
"Anglo European Studbook, Mare, 6 years, 17 hh, Bay-Dark",187250,Anglo-Arabian,Mare,6.0,,https://www.ehorses.com/anglo-european-studbook-mare-6years-17-hh-bay-dark-leisurehorses-showjumpers-dressagehorses-regau/4744433.html,"Regau, AT"
"Anglo European Studbook, Gelding, 7 years, 16,3 hh, Smoky-Black",133750,Anglo-Arabian,Gelding,7.0,,https://www.ehorses.com/anglo-european-studbook-gelding-7years-163-hh-smoky-black-leisurehorses-showjumpers-regau/4747600.html,"Regau, AT"
"Hanoverian, Gelding, 4 years, 16 hh, Chestnut-Red",588500,Hanoverian,Gelding,4.0,,https://www.ehorses.com/hanoverian-gelding-4years-16-hh-chestnut-red-dressagehorses-working-equitation-horses-coin/4735214.html,"Coin, ES"
"Oldenburg, Gelding, 7 years, Chestnut-Red",187250,Oldenburg,Gelding,7.0,,https://www.ehorses.com/oldenburg-gelding-7years-chestnut-red-dressagehorses-wilnsdorfwilnsdorf/4532452.html,"WilnsdorfWilnsdorf, DE"
"Westphalian, Gelding, 6 years, 17 hh, Chestnut-Red",267500,Westphalian,Gelding,6.0,,https://www.ehorses.com/westphalian-gelding-6years-17-hh-chestnut-red-dressagehorses-leisurehorses-iserlohn/4739166.html,"Iserlohn, DE"
"KWPN, Gelding, 17 years, 16 hh, Bay",588500,KWPN,Gelding,17.0,,https://www.ehorses.com/kwpn-gelding-17years-16-hh-bay-dressagehorses-sherwood-oregon/4747491.html,"Sherwood, Oregon, US"
"Hanoverian, Gelding, 5 years, 17 hh, Bay-Dark",101650,Hanoverian,Gelding,5.0,,https://www.ehorses.com/hanoverian-gelding-5years-17-hh-bay-dark-showjumpers-eventinghorses-leisurehorses-dressagehorses-braunschweig/4747514.html,"Braunschweig, DE"
"Haflinger, Stallion, 1 year, 14.1 hh, Chestnut-Red",21400,Haflinger,Stallion,,,https://www.ehorses.com/haflinger-stallion-1year-14-1-hh-chestnut-red-leisurehorses-westernhorses-steinen/4499980.html,"Steinen, DE"
"German Riding Pony Mix, Stallion, 1 year, 13.2 hh, Pinto",21400,Pony,Stallion,,,https://www.ehorses.com/german-riding-pony-stallion-1year-13-2-hh-pinto-leisurehorses-westernhorses-steinen/4500049.html,"Steinen, DE"
"German Riding Pony Mix, Mare, 1 year, 13.2 hh, Pinto",21400,Pony,Mare,,,https://www.ehorses.com/german-riding-pony-mare-1year-13-2-hh-pinto-leisurehorses-westernhorses-steinen/4500055.html,"Steinen, DE"
"Shetland Ponies, Stallion, 1 year, 9.2 hh, Pinto",12840,Shetland,Stallion,,,https://www.ehorses.com/shetland-ponies-stallion-1year-9-2-hh-pinto-leisurehorses-steinen/4500057.html,"Steinen, DE"
"German Riding Pony Mix, Stallion, 2 years, 14.1 hh, Pinto",26750,Pony,Stallion,2.0,,https://www.ehorses.com/german-riding-pony-stallion-2years-14-1-hh-pinto-leisurehorses-westernhorses-steinen/4556159.html,"Steinen, DE"
"Lusitano Mix, Mare, 2 years, 15.1 hh, Dun",80250,Lusitano,Mare,2.0,,https://www.ehorses.com/lusitano-mare-2years-15-1-hh-dun-dressagehorses-working-equitation-horses-eventinghorses-leisurehorses-generac/4747481.html,"Générac, FR"
"Lusitano Mix, Stallion, 2 years, 15.1 hh, Black",80250,Lusitano,Stallion,2.0,,https://www.ehorses.com/lusitano-stallion-2years-15-1-hh-black-working-equitation-horses-showhorses-leisurehorses-dressagehorses-generac/4747467.html,"Générac, FR"
"Oldenburg, Gelding, 4 years, 17 hh, Brown",267500,Oldenburg,Gelding,4.0,,https://www.ehorses.com/oldenburg-gelding-4years-17-hh-brown-dressagehorses-radzionkow/4747449.html,"Radzionków, PL"
"Hanoverian, Gelding, 4 years, 16 hh, Chestnut-Red",588500,Hanoverian,Gelding,4.0,,https://www.ehorses.com/hanoverian-gelding-4years-16-hh-chestnut-red-dressagehorses-working-equitation-horses-coin/4735214.html,"Coin, ES"
"Oldenburg, Gelding, 7 years, Chestnut-Red",187250,Oldenburg,Gelding,7.0,,https://www.ehorses.com/oldenburg-gelding-7years-chestnut-red-dressagehorses-wilnsdorfwilnsdorf/4532452.html,"WilnsdorfWilnsdorf, DE"
"Hanoverian, Mare, 6 years, 16 hh, Black",321000,Hanoverian,Mare,6.0,,https://www.ehorses.com/hanoverian-mare-6years-16-hh-black-dressagehorses-neuberg/4055494.html,"Neuberg, DE"
"Oldenburg, Mare, 5 years, 16.1 hh, Black",321000,Oldenburg,Mare,5.0,,https://www.ehorses.com/oldenburg-mare-5years-16-1-hh-black-dressagehorses-breedinghorses-lohne-oldenburg/4239122.html,"Lohne (Oldenburg), DE"
"Oldenburg, Gelding, 8 years, 17 hh, Black",187250,Oldenburg,Gelding,8.0,,https://www.ehorses.com/oldenburg-gelding-8years-17-hh-black-dressagehorses-leisurehorses-lohne-oldenburg/4699727.html,"Lohne (Oldenburg), DE"
"Hanoverian, Gelding, 5 years, 16.1 hh, Black",321000,Hanoverian,Gelding,5.0,,https://www.ehorses.com/hanoverian-gelding-5years-16-1-hh-black-dressagehorses-lohne-oldenburg/4420279.html,"Lohne (Oldenburg), DE"
"Oldenburg, Mare, 5 years, 16 hh, Bay-Dark",133750,Oldenburg,Mare,5.0,,https://www.ehorses.com/oldenburg-mare-5years-16-hh-bay-dark-dressagehorses-breedinghorses-leisurehorses-lohne-oldenburg/4448017.html,"Lohne (Oldenburg), DE"
"Oldenburg, Gelding, 4 years, 17 hh, Smoky-Black",321000,Oldenburg,Gelding,4.0,,https://www.ehorses.com/oldenburg-gelding-4years-17-hh-smoky-black-dressagehorses-showjumpers-leisurehorses-lohne-oldenburg/4656645.html,"Lohne (Oldenburg), DE"
"Oldenburg, Gelding, 4 years, 16.1 hh, Black",588500,Oldenburg,Gelding,4.0,,https://www.ehorses.com/oldenburg-gelding-4years-16-1-hh-black-dressagehorses-lohne-oldenburg/4656655.html,"Lohne (Oldenburg), DE"
"Oldenburg, Gelding, 5 years, 17.1 hh, Chestnut-Red",321000,Oldenburg,Gelding,5.0,,https://www.ehorses.com/oldenburg-gelding-5years-17-1-hh-chestnut-red-dressagehorses-lohne-oldenburg/4656660.html,"Lohne (Oldenburg), DE"
"Oldenburg-International (OS), Gelding, 5 years, 16.2 hh, Bay-Dark",321000,Oldenburg,Gelding,5.0,,https://www.ehorses.com/oldenburg-international-os-gelding-5years-16-2-hh-bay-dark-showjumpers-showhunter-dressagehorses-lohne-oldenburg/4699690.html,"Lohne (Oldenburg), DE"
"Oldenburg-International (OS), Mare, 5 years, 16.1 hh, Bay-Dark",321000,Oldenburg,Mare,5.0,,https://www.ehorses.com/oldenburg-international-os-mare-5years-16-1-hh-bay-dark-showjumpers-breedinghorses-lohne-oldenburg/4735388.html,"Lohne (Oldenburg), DE"
"Westphalian, Mare, 5 years, 16.3 hh, Bay-Dark",105930,Westphalian,Mare,5.0,,https://www.ehorses.com/westphalian-mare-5years-16-3-hh-bay-dark-showjumpers-leisurehorses-dressagehorses-dornburg/4384282.html,"Dornburg, DE"
"Polo Pony, Mare, 14 years, 15.1 hh, Chestnut-Red",62700,Pony,Mare,14.0,,https://www.ehorses.com/polo-pony-mare-14years-15-1-hh-chestnut-red-leisurehorses-rafz/4650752.html,"Rafz, CH"
"Oldenburg, Gelding, 6 years, 16.2 hh, Chestnut-Red",74900,Oldenburg,Gelding,6.0,,https://www.ehorses.com/oldenburg-gelding-6years-16-2-hh-chestnut-red-dressagehorses-leisurehorses-gronau-westfalen/4747372.html,"Gronau (Westfalen), DE"
"Hanoverian, Gelding, 6 years, 16.1 hh, Brown",160500,Hanoverian,Gelding,6.0,,https://www.ehorses.com/hanoverian-gelding-6years-16-1-hh-brown-eventinghorses-showjumpers-leisurehorses-dressagehorses-buchholz-in-der-nordheide/4729306.html,"Buchholz in der Nordheide, DE"
"Westphalian, Gelding, 3 years, 16.1 hh, Chestnut-Red",80250,Westphalian,Gelding,3.0,,https://www.ehorses.com/westphalian-gelding-3years-16-1-hh-chestnut-red-dressagehorses-leisurehorses-freiberg/4713194.html,"Freiberg, DE"
"German Riding Pony, Gelding, 4 years, 14.2 hh, Chestnut-Red",321000,Pony,Gelding,4.0,,https://www.ehorses.com/german-riding-pony-gelding-4years-14-2-hh-chestnut-red-dressagehorses-showjumpers-leisurehorses-hamm/4740455.html,"Hamm, DE"
"Haflinger, Gelding, 11 years, 13 hh, Chestnut",35350,Haflinger,Gelding,11.0,,https://www.ehorses.com/haflinger-gelding-11years-13-hh-chestnut-trailhorses-ranch-riding-horses-canyon-tx/4592696.html,"Canyon TX, US"
"Westphalian, Mare, 5 years, 16,2 hh, Bay-Dark",144450,Westphalian,Mare,5.0,,https://www.ehorses.com/westphalian-mare-5years-162-hh-bay-dark-dressagehorses-breedinghorses-leisurehorses-jengen/4745095.html,"Jengen, DE"
"Oldenburg, Mare, 8 years, 16,1 hh, Chestnut-Red",187250,Oldenburg,Mare,8.0,,https://www.ehorses.com/oldenburg-mare-8years-161-hh-chestnut-red-dressagehorses-breedinghorses-damme/4609024.html,"Damme, DE"
"German Riding Pony, Stallion, 4 years, Palomino",187250,Pony,Stallion,4.0,,https://www.ehorses.com/german-riding-pony-stallion-4years-palomino-dressagehorses-showjumpers-leisurehorses-carriagehorses-hamm/4740429.html,"Hamm, DE"
"Lusitano, Stallion, 10 years, 15,3 hh, Dun",187250,Lusitano,Stallion,10.0,,https://www.ehorses.com/lusitano-stallion-10years-153-hh-dun-dressagehorses-equitation-portugesa-aeropuerto-de-noain-pamplona/4747344.html,"Aeropuerto De Noain (Pamplona), ES"
"KWPN, Stallion, 15 years, 17 hh, Chestnut-Red",299600,KWPN,Stallion,15.0,,https://www.ehorses.com/kwpn-stallion-15years-17-hh-chestnut-red-dressagehorses-breedinghorses-radzionkow/4390472.html,"Radzionków, PL"
"Lusitano Mix, Stallion, 1 year, 15,1 hh, Bay-Dark",40125,Lusitano,Stallion,,,https://www.ehorses.com/lusitano-stallion-1year-151-hh-bay-dark-dressagehorses-working-equitation-horses-leisurehorses-generac/4747313.html,"Générac, FR"
"Hanoverian, Gelding, 4 years, 16 hh, Chestnut-Red",588500,Hanoverian,Gelding,4.0,,https://www.ehorses.com/hanoverian-gelding-4years-16-hh-chestnut-red-dressagehorses-working-equitation-horses-coin/4735214.html,"Coin, ES"
"Oldenburg, Gelding, 7 years, Chestnut-Red",187250,Oldenburg,Gelding,7.0,,https://www.ehorses.com/oldenburg-gelding-7years-chestnut-red-dressagehorses-wilnsdorfwilnsdorf/4532452.html,"WilnsdorfWilnsdorf, DE"
"Lusitano Mix, Stallion, 1 year, 15.2 hh, Brown",80250,Lusitano,Stallion,,,https://www.ehorses.com/lusitano-stallion-1year-15-2-hh-brown-dressagehorses-working-equitation-horses-eventinghorses-leisurehorses-generac/4747265.html,"Générac, FR"
"Oldenburg-International (OS), Mare, 10 years, 16.1 hh, Brown",133750,Oldenburg,Mare,10.0,,https://www.ehorses.com/oldenburg-international-os-mare-10years-16-1-hh-brown-leisurehorses-eventinghorses-showjumpers-dressagehorses-kornberg/4745767.html,"Kornberg, AT"
"Hanoverian, Mare, 6 years, 16.1 hh, Chestnut",214000,Hanoverian,Mare,6.0,,https://www.ehorses.com/hanoverian-mare-6years-16-1-hh-chestnut-dressagehorses-rosenheim/4747264.html,"Rosenheim, DE"
"Oldenburg, Gelding, 12 years, 18 hh, Brown",192600,Oldenburg,Gelding,12.0,,https://www.ehorses.com/oldenburg-gelding-12years-18-hh-brown-leisurehorses-beelitz/4675301.html,"Beelitz, DE"
"Lusitano, Mare, 18 years, 15 hh, Black",40125,Lusitano,Mare,18.0,,https://www.ehorses.com/lusitano-mare-18years-15-hh-black-breedinghorses-generac/4747254.html,"Générac, FR"
"Hanoverian, Gelding, 6 years, 16.1 hh, Brown",278200,Hanoverian,Gelding,6.0,,https://www.ehorses.com/hanoverian-gelding-6years-16-1-hh-brown-dressagehorses-leisurehorses-neuhaus/4632485.html,"Neuhaus, DE"
"Hanoverian, Mare, 8 years, 16.1 hh, Brown",64199,Hanoverian,Mare,8.0,,https://www.ehorses.com/hanoverian-mare-8years-16-1-hh-brown-breedinghorses-showjumpers-leisurehorses-rhade/4731959.html,"Rhade, DE"
"Hanoverian, Mare, 6 years, 16.2 hh, Brown",299600,Hanoverian,Mare,6.0,,https://www.ehorses.com/hanoverian-mare-6years-16-2-hh-brown-showjumpers-breedinghorses-eventinghorses-leisurehorses-zeven/4739617.html,"Zeven, DE"
"Hanoverian, Gelding, 5 years, 16.2 hh, Brown",288900,Hanoverian,Gelding,5.0,,https://www.ehorses.com/hanoverian-gelding-5years-16-2-hh-brown-dressagehorses-leisurehorses-neuhaus-an-der-oste/4742025.html,"Neuhaus an der Oste, DE"
"Lusitano, Mare, 11 years, 15.1 hh, Black",80250,Lusitano,Mare,11.0,,https://www.ehorses.com/lusitano-mare-11years-15-1-hh-black-breedinghorses-dressagehorses-generac/4747242.html,"Générac, FR"
"PRE, Mare, 6 years, 15.2 hh, Chestnut-Red",321000,Andalusian,Mare,6.0,,https://www.ehorses.com/pre-mare-6years-15-2-hh-chestnut-red-working-equitation-horses-doma-vaquera-baroquehorses-breedinghorses-stahnsdorfstahnsdorf/4366004.html,"StahnsdorfStahnsdorf, DE"
"Holstein, Mare, 17 years, 16.3 hh, Grey",32099,Holsteiner,Mare,17.0,,https://www.ehorses.com/holstein-mare-17years-16-3-hh-grey-breedinghorses-zossen/4743916.html,"Zossen, DE"
"Oldenburg, Mare, 1 year, 16,2 hh",53500,Oldenburg,Mare,,,https://www.ehorses.com/oldenburg-mare-1year-162-hh-dressagehorses-leisurehorses-lengerich/4477088.html,"Lengerich, DE"
"Shetland Ponies, Stallion, 2 years, 7,3 hh",3210,Shetland,Stallion,2.0,,https://www.ehorses.com/shetland-ponies-stallion-2years-73-hh-leisurehorses-susteren/4542629.html,"Susteren, NL"
"Oldenburg, Mare, 10 years, 17,1 hh, Grey",749000,Oldenburg,Mare,10.0,,https://www.ehorses.com/oldenburg-mare-10years-171-hh-grey-showjumpers-bekescsaba/4714136.html,"Békéscsaba, HU"
"Westphalian, Gelding, 6 years, 16,1 hh, Brown",267500,Westphalian,Gelding,6.0,,https://www.ehorses.com/westphalian-gelding-6years-161-hh-brown-dressagehorses-rosenheim/4747179.html,"Rosenheim, DE"
"Hanoverian, Gelding, 5 years, 16,1 hh, Chestnut-Red",187250,Hanoverian,Gelding,5.0,,https://www.ehorses.com/hanoverian-gelding-5years-161-hh-chestnut-red-showjumpers-showhunter-bremen/4746694.html,"Bremen, DE"
"Welsh D (Cob), Mare, 4 years, 14,1 hh, Chestnut-Red",80250,Welsh,Mare,4.0,,https://www.ehorses.com/welsh-d-cob-mare-4years-141-hh-chestnut-red-leisurehorses-breedinghorses-dressagehorses-stahnsdorf/4229462.html,"Stahnsdorf, DE"
"Westphalian, Mare, 8 years, 16,2 hh, Brown",192600,Westphalian,Mare,8.0,,https://www.ehorses.com/westphalian-mare-8years-162-hh-brown-dressagehorses-rosenheim/4747132.html,"Rosenheim, DE"
"Lusitano, Mare, 15 years, 15,1 hh, Buckskin",80250,Lusitano,Mare,15.0,,https://www.ehorses.com/lusitano-mare-15years-151-hh-buckskin-breedinghorses-dressagehorses-generac/4735096.html,"Générac, FR"
"Welsh D (Cob), Mare, 8 years, 14,1 hh, Chestnut-Red",48150,Welsh,Mare,8.0,,https://www.ehorses.com/welsh-d-cob-mare-8years-141-hh-chestnut-red-dressagehorses-showjumpers-showhunter-ammersbek/4747144.html,"Ammersbek, DE"
"German Riding Pony, Mare, 5 years, 13,2 hh, Chestnut-Red",64199,Pony,Mare,5.0,,https://www.ehorses.com/german-riding-pony-mare-5years-132-hh-chestnut-red-dressagehorses-breedinghorses-showjumpers-suhlendorf/4156694.html,"Suhlendorf, DE"
"Oldenburg, Gelding, 5 years, 17 hh, Brown",214000,Oldenburg,Gelding,5.0,,https://www.ehorses.com/oldenburg-gelding-5years-17-hh-brown-dressagehorses-rosenheim/4747099.html,"Rosenheim, DE"
"KWPN, Gelding, 4 years, 16,3 hh, Smoky-Black",41730,KWPN,Gelding,4.0,,https://www.ehorses.com/kwpn-gelding-4years-163-hh-smoky-black-leisurehorses-dressagehorses-wachtendonk/4692876.html,"Wachtendonk, DE"
"Oldenburg, Mare, 1 year, 16,1 hh",107000,Oldenburg,Mare,,,https://www.ehorses.com/oldenburg-mare-1year-161-hh-dressagehorses-breedinghorses-eventinghorses-showjumpers-wittmund/4517920.html,"Wittmund, DE"
"Oldenburg, Mare, 10 years, 16,3 hh",235399,Oldenburg,Mare,10.0,,https://www.ehorses.com/oldenburg-mare-10years-163-hh-dressagehorses-breedinghorses-wittmund/4518721.html,"Wittmund, DE"
"Oldenburg, Mare, 6 years, 16,1 hh",342400,Oldenburg,Mare,6.0,,https://www.ehorses.com/oldenburg-mare-6years-161-hh-dressagehorses-breedinghorses-wittmund/4518650.html,"Wittmund, DE"
"Oldenburg, Mare, 2 years, 16,1 hh",139100,Oldenburg,Mare,2.0,,https://www.ehorses.com/oldenburg-mare-2years-161-hh-dressagehorses-breedinghorses-eventinghorses-showjumpers-wittmund/4518578.html,"Wittmund, DE"
"Oldenburg, Mare, 11 years, 16 hh",278200,Oldenburg,Mare,11.0,,https://www.ehorses.com/oldenburg-mare-11years-16-hh-dressagehorses-breedinghorses-wittmund/4518680.html,"Wittmund, DE"
"Oldenburg, Stallion, 2 years, 16,3 hh, Bay-Dark",69550,Oldenburg,Stallion,2.0,,https://www.ehorses.com/oldenburg-stallion-2years-163-hh-bay-dark-dressagehorses-blunk/4679940.html,"Blunk, DE"
"Oldenburg, Stallion, 1 year, 16,2 hh, Brown",128399,Oldenburg,Stallion,,,https://www.ehorses.com/oldenburg-stallion-1year-162-hh-brown-showjumpers-eventinghorses-steinhoefel/4588348.html,"Steinhöfel, DE"
"Lusitano, Stallion, 6 years, 15,2 hh, Buckskin",80250,Lusitano,Stallion,6.0,,https://www.ehorses.com/lusitano-stallion-6years-152-hh-buckskin-dressagehorses-showhorses-baroquehorses-leisurehorses-martfeld/4129316.html,"Martfeld, DE"
"Hanoverian, Mare, 10 years, 16 hh, Chestnut-Red",52430,Hanoverian,Mare,10.0,,https://www.ehorses.com/hanoverian-mare-10years-16-hh-chestnut-red-leisurehorses-endurancehorses-breedinghorses-dressagehorses-beratzhausen/4736855.html,"Beratzhausen, DE"
"Hanoverian, Gelding, 7 years, 16,2 hh, Bay-Dark",80250,Hanoverian,Gelding,7.0,,https://www.ehorses.com/hanoverian-gelding-7years-162-hh-bay-dark-dressagehorses-showjumpers-leisurehorses-hohenfelde/4747101.html,"Hohenfelde, DE"
"German Riding Pony, Mare, 5 years, 14,2 hh, Dun",208650,Pony,Mare,5.0,,https://www.ehorses.com/german-riding-pony-mare-5years-142-hh-dun-dressagehorses-breedinghorses-eventinghorses-showjumpers-ankum/4747080.html,"Ankum, DE"
"Gotland Pony, Stallion, 6 years, 12,2 hh, Pinto",40125,Pony,Stallion,6.0,,https://www.ehorses.com/gotland-pony-stallion-6years-122-hh-pinto-carriagehorses-showjumpers-leisurehorses-dressagehorses-zieuwent/4747079.html,"Zieuwent, NL"
"Welsh A (Mountain Pony), Gelding, 5 years, 11,1 hh, Grey",80250,Welsh,Gelding,5.0,,https://www.ehorses.com/welsh-a-mountain-pony-gelding-5years-111-hh-grey-dressagehorses-showjumpers-leisurehorses-carriagehorses-meinhard/4657564.html,"Meinhard, DE"
"Andalusian, Stallion, 8 years, 15,2 hh, Dun",80250,Andalusian,Stallion,8.0,,https://www.ehorses.com/andalusian-stallion-8years-152-hh-dun-leisurehorses-working-equitation-horses-baroquehorses-eventinghorses-menorca/4747028.html,"Menorca, ES"
"PRE, Stallion, 8 years, 16,1 hh, Dun",321000,Andalusian,Stallion,8.0,,https://www.ehorses.com/pre-stallion-8years-161-hh-dun-dressagehorses-working-equitation-horses-baroquehorses-noain/4697402.html,"Noain, ES"
"Hanoverian, Gelding, 12 years, 17,2 hh, Dun",321000,Hanoverian,Gelding,12.0,,https://www.ehorses.com/hanoverian-gelding-12years-172-hh-dun-dressagehorses-noain-navarra/4699250.html,"Noain (Navarra), ES"
"Lusitano, Gelding, 11 years, 16 hh, Brown",535000,Lusitano,Gelding,11.0,,https://www.ehorses.com/lusitano-gelding-11years-16-hh-brown-dressagehorses-handewitt/4746819.html,"Handewitt, DE"
"Hanoverian, Mare, 6 years, 16,2 hh, Brown",171200,Hanoverian,Mare,6.0,,https://www.ehorses.com/hanoverian-mare-6years-162-hh-brown-dressagehorses-langelsheim/4244395.html,"Langelsheim, DE"
"Hanoverian, Mare, 5 years, 16,2 hh, Black",267500,Hanoverian,Mare,5.0,,https://www.ehorses.com/hanoverian-mare-5years-162-hh-black-dressagehorses-langelsheim/4728878.html,"Langelsheim, DE"
"Hanoverian, Gelding, 8 years, 17 hh, Bay-Dark",374500,Hanoverian,Gelding,8.0,,https://www.ehorses.com/hanoverian-gelding-8years-17-hh-bay-dark-showjumpers-langelsheim/4742969.html,"Langelsheim, DE"
"Oldenburg, Mare, 7 years, 15,2 hh, Smoky-Black",187250,Oldenburg,Mare,7.0,,https://www.ehorses.com/oldenburg-mare-7years-152-hh-smoky-black-dressagehorses-breedinghorses-eventinghorses-showjumpers-rossdorf/4511860.html,"Roßdorf, DE"
"Hanoverian, Mare, 14 years, 16 hh, Chestnut",80250,Hanoverian,Mare,14.0,,https://www.ehorses.com/hanoverian-mare-14years-16-hh-chestnut-dressagehorses-dassel/4685966.html,"Dassel, DE"
"Hanoverian, Mare, 14 years, 16,1 hh, Black",588500,Hanoverian,Mare,14.0,,https://www.ehorses.com/hanoverian-mare-14years-161-hh-black-dressagehorses-juechen/4745388.html,"Jüchen, DE"
"Arabian horses, Gelding, 4 years, 15,1 hh, Grey",133750,Arabian,Gelding,4.0,,https://www.ehorses.com/arabian-horses-gelding-4years-151-hh-grey-leisurehorses-endurancehorses-westernhorses-wassertruedingen/4249961.html,"Wassertrüdingen, DE"
"Hanoverian, Gelding, 4 years, 16 hh, Chestnut-Red",588500,Hanoverian,Gelding,4.0,,https://www.ehorses.com/hanoverian-gelding-4years-16-hh-chestnut-red-dressagehorses-working-equitation-horses-coin/4735214.html,"Coin, ES"
"Oldenburg, Gelding, 7 years, Chestnut-Red",187250,Oldenburg,Gelding,7.0,,https://www.ehorses.com/oldenburg-gelding-7years-chestnut-red-dressagehorses-wilnsdorfwilnsdorf/4532452.html,"WilnsdorfWilnsdorf, DE"
"Arabian horses, Gelding, 3 years, 15.1 hh, Brown",80250,Arabian,Gelding,3.0,,https://www.ehorses.com/arabian-horses-gelding-3years-15-1-hh-brown-leisurehorses-wassertruedingen/4577314.html,"Wassertrüdingen, DE"
"Holstein, Mare, 9 years, 16.1 hh, Chestnut-Red",321000,Holsteiner,Mare,9.0,,https://www.ehorses.com/holstein-mare-9years-16-1-hh-chestnut-red-showjumpers-gadow/4746968.html,"Gadow, DE"
"Hanoverian, Stallion, 3 years, 16.2 hh, Black",321000,Hanoverian,Stallion,3.0,,https://www.ehorses.com/hanoverian-stallion-3years-16-2-hh-black-dressagehorses-niederkirchen/4746928.html,"Niederkirchen, DE"
"Hanoverian, Mare, 1 year, Chestnut",69550,Hanoverian,Mare,,,https://www.ehorses.com/hanoverian-mare-1year-chestnut-showjumpers-breedinghorses-eventinghorses-dressagehorses-breddorf/4529909.html,"Breddorf, DE"
"Hanoverian, Mare, 1 year, Black",69550,Hanoverian,Mare,,,https://www.ehorses.com/hanoverian-mare-1year-black-eventinghorses-breedinghorses-showjumpers-dressagehorses-breddorf/4520536.html,"Breddorf, DE"
"PRE, Stallion, 3 years, 16.1 hh, Grey-Dark-Tan",80250,Andalusian,Stallion,3.0,,https://www.ehorses.com/pre-stallion-3years-16-1-hh-grey-dark-tan-leisurehorses-working-equitation-horses-baroquehorses-dressagehorses-teldau/4733846.html,"Teldau, DE"
"PRE Mix, Gelding, 4 years, 15.2 hh, Grey-Red-Tan",80250,Andalusian,Gelding,4.0,,https://www.ehorses.com/pre-gelding-4years-15-2-hh-grey-red-tan-leisurehorses-working-equitation-horses-baroquehorses-dressagehorses-boetersen/4718668.html,"Bötersen, DE"
"Hanoverian, Gelding, 11 years, 17 hh, Brown",192600,Hanoverian,Gelding,11.0,,https://www.ehorses.com/hanoverian-gelding-11years-17-hh-brown-dressagehorses-willich/4746876.html,"Willich, DE"
"Hispano Arabian, Gelding, 11 years, 15.2 hh, Brown",133750,Arabian,Gelding,11.0,,https://www.ehorses.com/hispano-arabian-gelding-11years-15-2-hh-brown-dressagehorses-doma-vaquera-working-equitation-horses-leisurehorses-madrid/4682531.html,"Madrid, ES"
"Oldenburg, Gelding, 3 years, 16.1 hh, Chestnut",315650,Oldenburg,Gelding,3.0,,https://www.ehorses.com/oldenburg-gelding-3years-16-1-hh-chestnut-dressagehorses-heidesheim-am-rhein/4744458.html,"Heidesheim am Rhein, DE"
"Lusitano, Stallion, 6 years, 15,2 hh, Pearl",85600,Lusitano,Stallion,6.0,,https://www.ehorses.com/lusitano-stallion-6years-152-hh-pearl-dressagehorses-breedinghorses-sire-caldas-de-reis-casco-urbano/4506862.html,"Caldas De Reis (Casco Urbano), ES"
"Oldenburg-International (OS), Mare, 4 years, 15,2 hh, Brown",160500,Oldenburg,Mare,4.0,,https://www.ehorses.com/oldenburg-international-os-mare-4years-152-hh-brown-dressagehorses-eventinghorses-krajenka/4336779.html,"KRAJENKA, PL"
"Asil Arabian, Stallion, 1 year, Brown",40125,Arabian,Stallion,,,https://www.ehorses.com/asil-arabian-stallion-1year-brown-endurancehorses-showjumpers-leisurehorses-dressagehorses-vernon/4519184.html,"VERNON, FR"
"Thoroughbred, Mare, 6 years, 16,2 hh, Smoky-Black",64199,Thoroughbred,Mare,6.0,,https://www.ehorses.com/thoroughbred-mare-6years-162-hh-smoky-black-breedinghorses-eventinghorses-leisurehorses-dressagehorses-walsrode/4746835.html,"Walsrode, DE"
"German Riding Pony, Gelding, 5 years, Buckskin",406600,Pony,Gelding,5.0,,https://www.ehorses.com/german-riding-pony-gelding-5years-buckskin-dressagehorses-showjumpers-westerstede/4714025.html,"Westerstede, DE"
"Oldenburg, Gelding, 3 years, Bay-Dark",133750,Oldenburg,Gelding,3.0,,https://www.ehorses.com/oldenburg-gelding-3years-bay-dark-dressagehorses-leisurehorses-dortmund/4682400.html,"Dortmund, DE"
"KWPN, Mare, 10 years, Brown-Light",588500,KWPN,Mare,10.0,,https://www.ehorses.com/kwpn-mare-10years-brown-light-showjumpers-osnabrueck/4737467.html,"Osnabrück, DE"
"Oldenburg, Mare, 5 years, 16,2 hh, Chestnut-Red",321000,Oldenburg,Mare,5.0,,https://www.ehorses.com/oldenburg-mare-5years-162-hh-chestnut-red-dressagehorses-showjumpers-heidesheim-am-rhein/4446490.html,"Heidesheim am Rhein, DE"
"Oldenburg, Gelding, 6 years, 16,1 hh, Chestnut-Red",321000,Oldenburg,Gelding,6.0,,https://www.ehorses.com/oldenburg-gelding-6years-161-hh-chestnut-red-dressagehorses-heidesheim-am-rhein/4394910.html,"Heidesheim am Rhein, DE"
"Hanoverian, Stallion, 3 years, 16,2 hh, Smoky-Black",165850,Hanoverian,Stallion,3.0,,https://www.ehorses.com/hanoverian-stallion-3years-162-hh-smoky-black-eventinghorses-showjumpers-leisurehorses-dressagehorses-wormsworms/4737368.html,"WormsWorms, DE"
"Hanoverian, Gelding, 5 years, 17,1 hh, Chestnut",321000,Hanoverian,Gelding,5.0,,https://www.ehorses.com/hanoverian-gelding-5years-171-hh-chestnut-dressagehorses-showhunter-leisurehorses-grudziadz/4746657.html,"Grudziądz, PL"
"Hanoverian, Gelding, 11 years, 16,2 hh, Brown",1070000,Hanoverian,Gelding,11.0,,https://www.ehorses.com/hanoverian-gelding-11years-162-hh-brown-dressagehorses-leisurehorses-wehringen/4746691.html,"Wehringen, DE"
"German Riding Pony, Gelding, 9 years, 14,2 hh, Buckskin",321000,Pony,Gelding,9.0,,https://www.ehorses.com/german-riding-pony-gelding-9years-142-hh-buckskin-dressagehorses-showjumpers-essen/4738239.html,"Essen, DE"
"Westphalian, Gelding, 8 years, 16,2 hh, Chestnut",267500,Westphalian,Gelding,8.0,,https://www.ehorses.com/westphalian-gelding-8years-162-hh-chestnut-dressagehorses-showjumpers-essen/4738240.html,"Essen, DE"
"Connemara, Gelding, 5 years, 14,1 hh, Grey-Dark-Tan",180830,Connemara,Gelding,5.0,,https://www.ehorses.com/connemara-gelding-5years-141-hh-grey-dark-tan-showjumpers-eventinghorses-showhunter-dressagehorses-lisberg/4706326.html,"Lisberg, DE"
"Oldenburg-International (OS), Gelding, 5 years, 15,2 hh",133750,Oldenburg,Gelding,5.0,,https://www.ehorses.com/oldenburg-international-os-gelding-5years-152-hh-showhunter-showjumpers-dressagehorses-papenhagen/4566598.html,"Papenhagen, DE"
"Andalusian Mix, Mare, 3 years, 15,1 hh, Dun",63129,Andalusian,Mare,3.0,,https://www.ehorses.com/andalusian-mare-3years-151-hh-dun-dressagehorses-working-equitation-horses-tabernas-almeria/4538438.html,"Tabernas Almeria, ES"
"Connemara, Mare, 7 years, 14 hh, Grey-Dark-Tan",180830,Connemara,Mare,7.0,,https://www.ehorses.com/connemara-mare-7years-14-hh-grey-dark-tan-showjumpers-eventinghorses-dressagehorses-lisberg/4722353.html,"Lisberg, DE"
"German Riding Pony, Mare, 9 years, 14,2 hh, Grey",321000,Pony,Mare,9.0,,https://www.ehorses.com/german-riding-pony-mare-9years-142-hh-grey-showjumpers-showhunter-buchen-waldhausen/4667636.html,"Buchen Waldhausen, DE"
"German Riding Pony, Mare, 11 years, 14,2 hh, Bay-Dark",288900,Pony,Mare,11.0,,https://www.ehorses.com/german-riding-pony-mare-11years-142-hh-bay-dark-dressagehorses-haltern-am-see/4594716.html,"Haltern am See, DE"
"Hanoverian, Mare, 6 years, 16,2 hh, Bay-Dark",321000,Hanoverian,Mare,6.0,,https://www.ehorses.com/hanoverian-mare-6years-162-hh-bay-dark-dressagehorses-breedinghorses-tiddische/4559204.html,"Tiddische, DE"
"Holstein, Mare, 11 years, 16,1 hh, Brown",80250,Holsteiner,Mare,11.0,,https://www.ehorses.com/holstein-mare-11years-161-hh-brown-breedinghorses-showjumpers-wonfurt/4653587.html,"wonfurt, DE"
"Westphalian, Gelding, 5 years, 16,1 hh, Grey",278200,Westphalian,Gelding,5.0,,https://www.ehorses.com/westphalian-gelding-5years-161-hh-grey-showjumpers-eventinghorses-leisurehorses-dressagehorses-kirchenthumbach/4746615.html,"Kirchenthumbach, DE"
"Thoroughbred, Stallion, 6 years",80250,Thoroughbred,Stallion,6.0,,https://www.ehorses.com/thoroughbred-stallion-6years-galloper-madridmadrid/4746606.html,"MadridMadrid, ES"
"KWPN, Mare, 3 years, 15,3 hh, Bay-Dark",58849,KWPN,Mare,3.0,,https://www.ehorses.com/kwpn-mare-3years-153-hh-bay-dark-dressagehorses-breedinghorses-leisurehorses-oud-gastel/4703331.html,"Oud Gastel, NL"
"KWPN, Mare, 8 years, 16,2 hh, Black",95765,KWPN,Mare,8.0,,https://www.ehorses.com/kwpn-mare-8years-162-hh-black-dressagehorses-breedinghorses-leisurehorses-oud-gastel/4705558.html,"Oud Gastel, NL"
"Westphalian, Mare, 8 years, 16,2 hh, Chestnut-Red",85600,Westphalian,Mare,8.0,,https://www.ehorses.com/westphalian-mare-8years-162-hh-chestnut-red-dressagehorses-breedinghorses-leisurehorses-oud-gastel/4715885.html,"Oud Gastel, NL"
"Oldenburg, Mare, 12 years, 16,1 hh, Bay-Dark",187250,Oldenburg,Mare,12.0,,https://www.ehorses.com/oldenburg-mare-12years-161-hh-bay-dark-dressagehorses-breedinghorses-leisurehorses-oud-gastel/4720729.html,"Oud Gastel, NL"
"Westphalian, Mare, 8 years, 16,2 hh, Chestnut-Red",85600,Westphalian,Mare,8.0,,https://www.ehorses.com/westphalian-mare-8years-162-hh-chestnut-red-dressagehorses-breedinghorses-leisurehorses-oud-gastel/4721581.html,"Oud Gastel, NL"
"KWPN, Gelding, 4 years, 16,2 hh, Brown",133750,KWPN,Gelding,4.0,,https://www.ehorses.com/kwpn-gelding-4years-162-hh-brown-showjumpers-szarvas/4676596.html,"Szarvas, HU"
"Hanoverian, Mare, 8 years, 16 hh, Black",77040,Hanoverian,Mare,8.0,,https://www.ehorses.com/hanoverian-mare-8years-16-hh-black-dressagehorses-leisurehorses-someren/4746558.html,"Someren, NL"
"Oldenburg-International (OS), Gelding, 14 years, 17,1 hh, Brown",588500,Oldenburg,Gelding,14.0,,https://www.ehorses.com/oldenburg-international-os-gelding-14years-171-hh-brown-showjumpers-wardenburgwardenburg/4285842.html,"WardenburgWardenburg, DE"
"Oldenburg-International (OS), Gelding, 9 years, 16,3 hh, Grey",321000,Oldenburg,Gelding,9.0,,https://www.ehorses.com/oldenburg-international-os-gelding-9years-163-hh-grey-showjumpers-wardenburgwardenburg/4703353.html,"WardenburgWardenburg, DE"
"PRE, Stallion, 5 years, 15,2 hh, Brown",187250,Andalusian,Stallion,5.0,,https://www.ehorses.com/pre-stallion-5years-152-hh-brown-dressagehorses-working-equitation-horses-baroquehorses-breedinghorses-vejer-de-la-frontera/4561006.html,"Vejer de la Frontera, ES"
"Oldenburg, Gelding, 5 years, 18,1 hh, Brown",321000,Oldenburg,Gelding,5.0,,https://www.ehorses.com/oldenburg-gelding-5years-181-hh-brown-dressagehorses-georgsmarienhuette/4670329.html,"Georgsmarienhütte, DE"
"Andalusian, Gelding, 7 years, 16 hh, Black",187250,Andalusian,Gelding,7.0,,https://www.ehorses.com/andalusian-gelding-7years-16-hh-black-dressagehorses-leisurehorses-madrid/4036066.html,"Madrid, ES"
"Hanoverian, Mare, 4 years, 16,1 hh, Chestnut-Red",80250,Hanoverian,Mare,4.0,,https://www.ehorses.com/hanoverian-mare-4years-161-hh-chestnut-red-dressagehorses-breedinghorses-leisurehorses-selsingen/4739252.html,"Selsingen, DE"
"Holstein, Gelding, 6 years, 16 hh, Grey",321000,Holsteiner,Gelding,6.0,,https://www.ehorses.com/holstein-gelding-6years-16-hh-grey-showjumpers-eventinghorses-showhunter-leisurehorses-wardenburgwardenburg/4682243.html,"WardenburgWardenburg, DE"
"Hanoverian, Mare, 5 years, 16,1 hh",342400,Hanoverian,Mare,5.0,,https://www.ehorses.com/hanoverian-mare-5years-161-hh-dressagehorses-bramsche/4746513.html,"Bramsche, DE"
"Westphalian, Mare, 5 years, 16,1 hh, Chestnut-Red",267500,Westphalian,Mare,5.0,,https://www.ehorses.com/westphalian-mare-5years-161-hh-chestnut-red-dressagehorses-bramsche/4745901.html,"Bramsche, DE"
"PRE Mix, Stallion, 6 years, 16,1 hh, Grey",133750,Andalusian,Stallion,6.0,,https://www.ehorses.com/pre-stallion-6years-161-hh-grey-dressagehorses-breedinghorses-coin-malaga/4731983.html,"Coín, Malaga, ES"
"PRE, Mare, 4 years, 16 hh, Grey",80250,Andalusian,Mare,4.0,,https://www.ehorses.com/pre-mare-4years-16-hh-grey-dressagehorses-breedinghorses-coin/4722357.html,"Coín, ES"
"Shetland Ponies, Gelding, 6 years, 9,1 hh, Palomino",30494,Shetland,Gelding,6.0,,https://www.ehorses.com/shetland-ponies-gelding-6years-91-hh-palomino-carriagehorses-leisurehorses-halle/4746463.html,"Halle, DE"
"Lusitano, Gelding, 8 years, 15,1 hh, Grey",321000,Lusitano,Gelding,8.0,,https://www.ehorses.com/lusitano-gelding-8years-151-hh-grey-dressagehorses-working-equitation-horses-saint-crepin-ibouvillers/4746434.html,"Saint-Crépin-Ibouvillers, FR"
"Oldenburg, Gelding, 11 years, Bay-Dark",909499,Oldenburg,Gelding,11.0,,https://www.ehorses.com/oldenburg-gelding-11years-bay-dark-showjumpers-schlatt/4712341.html,"Schlatt, AT"
"Hanoverian, Gelding, 6 years, 16,1 hh, Chestnut-Red",139100,Hanoverian,Gelding,6.0,,https://www.ehorses.com/hanoverian-gelding-6years-161-hh-chestnut-red-dressagehorses-zalaegerszeg/4694484.html,"Zalaegerszeg, HU"
"Oldenburg, Gelding, 6 years, 16,1 hh, Brown",187250,Oldenburg,Gelding,6.0,,https://www.ehorses.com/oldenburg-gelding-6years-161-hh-brown-showjumpers-showhunter-dressagehorses-zalaegerszeg/4717677.html,"Zalaegerszeg, HU"
"Oldenburg, Mare, 8 years, 16,1 hh, Black",139100,Oldenburg,Mare,8.0,,https://www.ehorses.com/oldenburg-mare-8years-161-hh-black-dressagehorses-zalaegerszeg/4642134.html,"Zalaegerszeg, HU"
"Oldenburg, Mare, 4 years, 16,1 hh, Smoky-Black",321000,Oldenburg,Mare,4.0,,https://www.ehorses.com/oldenburg-mare-4years-161-hh-smoky-black-dressagehorses-warendorf/4741046.html,"Warendorf, DE"
"Lusitano, Stallion, 5 years, 16 hh, Grey",321000,Lusitano,Stallion,5.0,,https://www.ehorses.com/lusitano-stallion-5years-16-hh-grey-eventinghorses-navas-del-madrono/4135985.html,"Navas Del Madroño, ES"
"Classic Pony, Mare, 14 years, 12,1 hh, Grey",32089,Pony,Mare,14.0,,https://www.ehorses.com/classic-pony-mare-14years-121-hh-grey-leisurehorses-uttendorf/4739731.html,"Uttendorf, AT"
"Hanoverian, Gelding, 5 years, 16,2 hh, Grey",160500,Hanoverian,Gelding,5.0,,https://www.ehorses.com/hanoverian-gelding-5years-162-hh-grey-showjumpers-zalaegerszeg/4661854.html,"Zalaegerszeg, HU"
"Hanoverian, Gelding, 5 years, 16,3 hh",160500,Hanoverian,Gelding,5.0,,https://www.ehorses.com/hanoverian-gelding-5years-163-hh-showjumpers-showhunter-dressagehorses-zalaegerszeg/4592004.html,"Zalaegerszeg, HU"
"Oldenburg, Mare, 9 years, 17,1 hh, Chestnut-Red",321000,Oldenburg,Mare,9.0,,https://www.ehorses.com/oldenburg-mare-9years-171-hh-chestnut-red-dressagehorses-schaerding-vorstadt/4736784.html,"Schärding Vorstadt, AT"
"Westphalian, Gelding, 6 years, 16,1 hh, Chestnut-Red",133750,Westphalian,Gelding,6.0,,https://www.ehorses.com/westphalian-gelding-6years-161-hh-chestnut-red-showjumpers-leisurehorses-dressagehorses-messel/4740182.html,"Messel, DE"
"German Riding Pony, Gelding, 6 years, 14,1 hh, Bay-Dark",588500,Pony,Gelding,6.0,,https://www.ehorses.com/german-riding-pony-gelding-6years-141-hh-bay-dark-dressagehorses-herrenberg/4664155.html,"Herrenberg, DE"
"Westphalian, Mare, 5 years, 16,2 hh, Bay-Dark",144450,Westphalian,Mare,5.0,,https://www.ehorses.com/westphalian-mare-5years-162-hh-bay-dark-dressagehorses-breedinghorses-leisurehorses-jengen/4745095.html,"Jengen, DE"
"German Riding Pony, Mare, 4 years, 14,1 hh, Chestnut-Red",133750,Pony,Mare,4.0,,https://www.ehorses.com/german-riding-pony-mare-4years-141-hh-chestnut-red-dressagehorses-breedinghorses-showhunter-leisurehorses-jengen/4653292.html,"Jengen, DE"
"Hanoverian, Mare, 9 years, 17,1 hh, Brown",262150,Hanoverian,Mare,9.0,,https://www.ehorses.com/hanoverian-mare-9years-171-hh-brown-dressagehorses-breedinghorses-vaultinghorses-leisurehorses-jengen/4745132.html,"Jengen, DE"
"Oldenburg, Gelding, 5 years, 16,2 hh, Chestnut-Red",294250,Oldenburg,Gelding,5.0,,https://www.ehorses.com/oldenburg-gelding-5years-162-hh-chestnut-red-dressagehorses-showhunter-leisurehorses-jengen/4745033.html,"Jengen, DE"
"PRE Mix, Gelding, 7 years, 15,3 hh, Brown",144450,Andalusian,Gelding,7.0,,https://www.ehorses.com/pre-gelding-7years-153-hh-brown-dressagehorses-leisurehorses-santa-olalla-del-cala/4715284.html,"Santa Olalla Del Cala, ES"
"PRE, Mare, 15 years, 15,2 hh, Chestnut-Red",80250,Andalusian,Mare,15.0,,https://www.ehorses.com/pre-mare-15years-152-hh-chestnut-red-leisurehorses-baroquehorses-dressagehorses-stahnsdorf/4498148.html,"Stahnsdorf, DE"
"Lusitano, Stallion, 5 years, 16 hh, Brown",235399,Lusitano,Stallion,5.0,,https://www.ehorses.com/lusitano-stallion-5years-16-hh-brown-dressagehorses-baroquehorses-vale-do-pau-queimado/4616024.html,"Vale do Pau Queimado, PT"
"Oldenburg, Mare, 6 years, 16,1 hh, Bay-Dark",187250,Oldenburg,Mare,6.0,,https://www.ehorses.com/oldenburg-mare-6years-161-hh-bay-dark-dressagehorses-breedinghorses-leisurehorses-wehringen/4745235.html,"Wehringen, DE"
"Oldenburg, Mare, 15 years, 16,1 hh, Bay-Dark",42800,Oldenburg,Mare,15.0,,https://www.ehorses.com/oldenburg-mare-15years-161-hh-bay-dark-breedinghorses-bad-homburg-vor-der-hoehe/4743848.html,"Bad Homburg vor der Höhe, DE"
"Andalusian, Stallion, 3 years, 15,2 hh, Black",53500,Andalusian,Stallion,3.0,,https://www.ehorses.com/andalusian-stallion-3years-152-hh-black-leisurehorses-working-equitation-horses-westernhorses-eventinghorses-mallorca/4214169.html,"Mallorca, ES"
"Westphalian, Gelding, 5 years, Chestnut-Red",214000,Westphalian,Gelding,5.0,,https://www.ehorses.com/westphalian-gelding-5years-chestnut-red-showhunter-showjumpers-zuelpich/4463840.html,"Zülpich, DE"
"German Riding Pony, Gelding, 3 years, Chestnut-Red",44940,Pony,Gelding,3.0,,https://www.ehorses.com/german-riding-pony-gelding-3years-chestnut-red-dressagehorses-showjumpers-reichelsheim/3712488.html,"Reichelsheim, DE"
"Oldenburg, Mare, 10 years, 15,2 hh, Black",208650,Oldenburg,Mare,10.0,,https://www.ehorses.com/oldenburg-mare-10years-152-hh-black-dressagehorses-kirchensittenbach/4717694.html,"Kirchensittenbach, DE"
"Andalusian, Gelding, 5 years, 15,1 hh, Brown",67410,Andalusian,Gelding,5.0,,https://www.ehorses.com/andalusian-gelding-5years-151-hh-brown-leisurehorses-pruna/4544789.html,"Pruna, ES"
"Hanoverian, Gelding, 13 years, 16,1 hh, Brown",283550,Hanoverian,Gelding,13.0,,https://www.ehorses.com/hanoverian-gelding-13years-161-hh-brown-dressagehorses-showjumpers-leisurehorses-wehringen/4593505.html,"Wehringen, DE"
"Oldenburg, Gelding, 11 years, 17 hh, Black",1070000,Oldenburg,Gelding,11.0,,https://www.ehorses.com/oldenburg-gelding-11years-17-hh-black-dressagehorses-leisurehorses-wehringen/4687297.html,"Wehringen, DE"
"Oldenburg, Gelding, 4 years, 15,3 hh, Bay-Dark",214000,Oldenburg,Gelding,4.0,,https://www.ehorses.com/oldenburg-gelding-4years-153-hh-bay-dark-dressagehorses-eventinghorses-showjumpers-leisurehorses-wehringen/4720924.html,"Wehringen, DE"
"Hanoverian, Gelding, 4 years, 16,2 hh, Chestnut",283550,Hanoverian,Gelding,4.0,,https://www.ehorses.com/hanoverian-gelding-4years-162-hh-chestnut-dressagehorses-leisurehorses-wehringen/4737349.html,"Wehringen, DE"
"Hanoverian, Mare, 4 years, 16 hh, Chestnut-Red",133750,Hanoverian,Mare,4.0,,https://www.ehorses.com/hanoverian-mare-4years-16-hh-chestnut-red-dressagehorses-breedinghorses-showjumpers-leisurehorses-wehringen/4738107.html,"Wehringen, DE"
"Hanoverian, Mare, 1 year, Brown",80250,Hanoverian,Mare,,,https://www.ehorses.com/hanoverian-mare-1year-brown-showjumpers-langwedel/4696498.html,"Langwedel, DE"
"Arabian horses, Mare, 6 years, 15,1 hh, Brown",321000,Arabian,Mare,6.0,,https://www.ehorses.com/arabian-horses-mare-6years-151-hh-brown-breedinghorses-showhorses-leisurehorses-wels/4734652.html,"Wels, AT"
"PRE Mix, Stallion, 4 years, 15,2 hh, Bay",80250,Andalusian,Stallion,4.0,,https://www.ehorses.com/pre-stallion-4years-152-hh-bay-dressagehorses-leisurehorses-malaga/4634467.html,"Malaga, ES"
"Oldenburg, Mare, 5 years, 16,1 hh, Chestnut",588500,Oldenburg,Mare,5.0,,https://www.ehorses.com/oldenburg-mare-5years-161-hh-chestnut-dressagehorses-gleichen/4474696.html,"Gleichen, DE"
"Hanoverian, Gelding, 7 years, 16,3 hh, Bay-Dark",374500,Hanoverian,Gelding,7.0,,https://www.ehorses.com/hanoverian-gelding-7years-163-hh-bay-dark-dressagehorses-flensburg/4690650.html,"Flensburg, DE"
"KWPN, Gelding, 5 years, 17,2 hh, Bay-Dark",181900,KWPN,Gelding,5.0,,https://www.ehorses.com/kwpn-gelding-5years-172-hh-bay-dark-showjumpers-murcia/4746211.html,"Murcia, ES"
"Westphalian, Mare, 5 years, 16,2 hh, Bay-Dark",588500,Westphalian,Mare,5.0,,https://www.ehorses.com/westphalian-mare-5years-162-hh-bay-dark-dressagehorses-loewenberger-land-30-min-von-berlin/4731097.html,"Loewenberger Land, 30 min von Berlin, DE"
"Oldenburg, Gelding, 9 years, 18,1 hh, Brown",192660,Oldenburg,Gelding,9.0,,https://www.ehorses.com/oldenburg-gelding-9years-181-hh-brown-showjumpers-leisurehorses-dressagehorses-gossau-zh/4657336.html,"Gossau ZH, CH"
"Hanoverian, Mare, 5 years, 16,1 hh, Black",321000,Hanoverian,Mare,5.0,,https://www.ehorses.com/hanoverian-mare-5years-161-hh-black-dressagehorses-eventinghorses-showhunter-leisurehorses-loewenberger-land-30-min-von-berlin/4731094.html,"Loewenberger Land, 30 min von Berlin, DE"
"Oldenburg, Mare, 5 years, 16,2 hh, Brown",588500,Oldenburg,Mare,5.0,,https://www.ehorses.com/oldenburg-mare-5years-162-hh-brown-dressagehorses-loewenberger-land-30-min-von-berlin/4731108.html,"Loewenberger Land, 30 min von Berlin, DE"
"Oldenburg, Mare, 5 years, 16,1 hh, Bay-Dark",321000,Oldenburg,Mare,5.0,,https://www.ehorses.com/oldenburg-mare-5years-161-hh-bay-dark-dressagehorses-loewenberger-land-30-min-von-berlin/4731105.html,"Loewenberger Land, 30 min von Berlin, DE"
"Hanoverian, Mare, 5 years, 16,1 hh, Bay-Dark",321000,Hanoverian,Mare,5.0,,https://www.ehorses.com/hanoverian-mare-5years-161-hh-bay-dark-dressagehorses-loewenberger-land-30-min-von-berlin/4731101.html,"Loewenberger Land, 30 min von Berlin, DE"
"Hanoverian, Gelding, 4 years, 16 hh, Chestnut-Red",588500,Hanoverian,Gelding,4.0,,https://www.ehorses.com/hanoverian-gelding-4years-16-hh-chestnut-red-dressagehorses-working-equitation-horses-coin/4735214.html,"Coin, ES"
"Oldenburg, Gelding, 7 years, Chestnut-Red",187250,Oldenburg,Gelding,7.0,,https://www.ehorses.com/oldenburg-gelding-7years-chestnut-red-dressagehorses-wilnsdorfwilnsdorf/4532452.html,"WilnsdorfWilnsdorf, DE"
"KWPN, Gelding, 4 years, 16.1 hh, Black",187250,KWPN,Gelding,4.0,,https://www.ehorses.com/kwpn-gelding-4years-16-1-hh-black-dressagehorses-bergen-aan-zee/4729480.html,"Bergen aan Zee, NL"
"KWPN, Gelding, 7 years, 17 hh, Grey-Blue-Tan",66875,KWPN,Gelding,7.0,,https://www.ehorses.com/kwpn-gelding-7years-17-hh-grey-blue-tan-leisurehorses-showjumpers-dressagehorses-oud-gastel/4746113.html,"Oud Gastel, NL"
"PRE, Gelding, 15 years, 16.1 hh, Grey",80250,Andalusian,Gelding,15.0,,https://www.ehorses.com/pre-gelding-15years-16-1-hh-grey-leisurehorses-fuendetodos/4639412.html,"Fuendetodos, ES"
"PRE, Gelding, 3 years, Bay-Dark",80250,Andalusian,Gelding,3.0,,https://www.ehorses.com/pre-gelding-3years-bay-dark-dressagehorses-fuendetodos/4623049.html,"Fuendetodos, ES"
"PRE, Stallion, 4 years, Grey",187250,Andalusian,Stallion,4.0,,https://www.ehorses.com/pre-stallion-4years-grey-dressagehorses-fuendetodos/4655233.html,"Fuendetodos, ES"
"Oldenburg, Mare, 1 year, Black",80250,Oldenburg,Mare,,,https://www.ehorses.com/oldenburg-mare-1year-black-dressagehorses-fuendetodos/4735279.html,"Fuendetodos, ES"
"KWPN, Gelding, 12 years, 16.1 hh, Black",106465,KWPN,Gelding,12.0,,https://www.ehorses.com/kwpn-gelding-12years-16-1-hh-black-dressagehorses-showjumpers-leisurehorses-carriagehorses-nettersheim/4733126.html,"Nettersheim, DE"
"Hanoverian, Mare, 7 years, 16.3 hh, Brown",133750,Hanoverian,Mare,7.0,,https://www.ehorses.com/hanoverian-mare-7years-16-3-hh-brown-dressagehorses-vaultinghorses-showjumpers-leisurehorses-bekesszentandras/4688106.html,"Békésszentandrás, HU"
"Oldenburg, Gelding, 3 years, 16.2 hh, Bay-Dark",133750,Oldenburg,Gelding,3.0,,https://www.ehorses.com/oldenburg-gelding-3years-16-2-hh-bay-dark-dressagehorses-breedinghorses-showjumpers-leisurehorses-neupotz/4667268.html,"Neupotz, DE"
"Oldenburg-International (OS), Mare, 7 years, 16,3 hh, Grey",1070000,Oldenburg,Mare,7.0,,https://www.ehorses.com/oldenburg-international-os-mare-7years-163-hh-grey-showjumpers-tuhan/4599967.html,"Tuhan, CZ"
"Holstein, Mare, 3 years, 16,2 hh, Bay-Dark",107000,Holsteiner,Mare,3.0,,https://www.ehorses.com/holstein-mare-3years-162-hh-bay-dark-eventinghorses-hamersen/4638034.html,"Hamersen, DE"
"Hanoverian, Mare, 4 years, 16,1 hh, Chestnut-Red",133750,Hanoverian,Mare,4.0,,https://www.ehorses.com/hanoverian-mare-4years-161-hh-chestnut-red-dressagehorses-showjumpers-leisurehorses-fredenbeck/4733622.html,"Fredenbeck, DE"
"Hanoverian, Mare, 11 years, 16,1 hh, Chestnut-Red",197950,Hanoverian,Mare,11.0,,https://www.ehorses.com/hanoverian-mare-11years-161-hh-chestnut-red-dressagehorses-breedinghorses-showjumpers-leisurehorses-spall/4610795.html,"Spall, DE"
"PRE Mix, Mare, 6 years, 15,1 hh, Grey",71690,Andalusian,Mare,6.0,,https://www.ehorses.com/pre-mare-6years-151-hh-grey-dressagehorses-working-equitation-horses-breedinghorses-leisurehorses-sevilla/4708220.html,"Sevilla, ES"
"Shetland Ponies, Mare, 6 years, 10,1 hh, Black",37450,Shetland,Mare,6.0,,https://www.ehorses.com/shetland-ponies-mare-6years-101-hh-black-leisurehorses-trebbin/4741128.html,"Trebbin, DE"
"Oldenburg, Gelding, 3 years, 16,2 hh, Chestnut-Red",133750,Oldenburg,Gelding,3.0,,https://www.ehorses.com/oldenburg-gelding-3years-162-hh-chestnut-red-dressagehorses-showjumpers-leisurehorses-neupotz/4372660.html,"Neupotz, DE"
"Welsh D (Cob), Gelding, 10 years, 14,2 hh, Palomino",90950,Welsh,Gelding,10.0,,https://www.ehorses.com/welsh-d-cob-gelding-10years-142-hh-palomino-eventinghorses-leisurehorses-eitorf/4728665.html,"Eitorf, DE"
"Arabian horses, Gelding, 5 years, 15 hh, Grey",73830,Arabian,Gelding,5.0,,https://www.ehorses.com/arabian-horses-gelding-5years-15-hh-grey-leisurehorses-westernhorses-emmelshausen/4734516.html,"Emmelshausen, DE"
"Westphalian, Mare, 4 years, 16,1 hh, Black",155150,Westphalian,Mare,4.0,,https://www.ehorses.com/westphalian-mare-4years-161-hh-black-dressagehorses-leisurehorses-bramsche/4746019.html,"Bramsche, DE"
"Westphalian, Gelding, 6 years, 16,2 hh, Black",321000,Westphalian,Gelding,6.0,,https://www.ehorses.com/westphalian-gelding-6years-162-hh-black-dressagehorses-showjumpers-leisurehorses-bochum/4746014.html,"Bochum, DE"
"Oldenburg, Mare, 10 years, 15,2 hh, Black",208650,Oldenburg,Mare,10.0,,https://www.ehorses.com/oldenburg-mare-10years-152-hh-black-dressagehorses-kirchensittenbach/4717694.html,"Kirchensittenbach, DE"
"Anglo European Studbook, Gelding, 7 years, 16,2 hh, Brown",321000,Anglo-Arabian,Gelding,7.0,,https://www.ehorses.com/anglo-european-studbook-gelding-7years-162-hh-brown-showjumpers-leisurehorses-schalchham/4519084.html,"Schalchham, AT"
"KWPN, Gelding, 8 years, 16,1 hh, Brown",267500,KWPN,Gelding,8.0,,https://www.ehorses.com/kwpn-gelding-8years-161-hh-brown-dressagehorses-showjumpers-salzburg/4717411.html,"Salzburg, AT"
"Westphalian, Gelding, 6 years, 17 hh, Brown",588500,Westphalian,Gelding,6.0,,https://www.ehorses.com/westphalian-gelding-6years-17-hh-brown-dressagehorses-scheessel/4745954.html,"Scheeßel, DE"
"German Riding Pony, Gelding, 4 years, 14 hh, Chestnut-Red",106989,Pony,Gelding,4.0,,https://www.ehorses.com/german-riding-pony-gelding-4years-14-hh-chestnut-red-dressagehorses-leisurehorses-geilenkirchen/4713782.html,"Geilenkirchen, DE"
"Oldenburg, Mare, 12 years, 16,2 hh, Smoky-Black",80250,Oldenburg,Mare,12.0,,https://www.ehorses.com/oldenburg-mare-12years-162-hh-smoky-black-breedinghorses-bruchhausen-vilsen/4633021.html,"Bruchhausen-Vilsen, DE"
"KWPN, Stallion, 10 years, 17 hh, Chestnut-Red",160500,KWPN,Stallion,10.0,,https://www.ehorses.com/kwpn-stallion-10years-17-hh-chestnut-red-dressagehorses-pilisjaszfalu/4729919.html,"Pilisjászfalu, HU"
"Pony of the Americas, Gelding, 7 years, 9,3 hh, Bay",35350,Pony,Gelding,7.0,,https://www.ehorses.com/pony-of-the-americas-gelding-7years-93-hh-bay-trailhorses-ranch-riding-horses-weatherford-tx/4190138.html,"Weatherford TX, US"
"German Riding Pony, Mare, 10 years, 13,2 hh, Chestnut-Red",64189,Pony,Mare,10.0,,https://www.ehorses.com/german-riding-pony-mare-10years-132-hh-chestnut-red-leisurehorses-showjumpers-dressagehorses-geilenkirchen/4735545.html,"Geilenkirchen, DE"
"Hanoverian, Gelding, 8 years, 16,2 hh, Chestnut-Red",267500,Hanoverian,Gelding,8.0,,https://www.ehorses.com/hanoverian-gelding-8years-162-hh-chestnut-red-showjumpers-geilenkirchen/4696529.html,"Geilenkirchen, DE"
"Shetland Ponies, Gelding, 9 years, 8,1 hh, Roan-Blue",16049,Shetland,Gelding,9.0,,https://www.ehorses.com/shetland-ponies-gelding-9years-81-hh-roan-blue-leisurehorses-carriagehorses-dressagehorses-geilenkirchen/4706792.html,"Geilenkirchen, DE"
"Shetland Ponies, Gelding, 14 years, 10,1 hh, Grey",18725,Shetland,Gelding,14.0,,https://www.ehorses.com/shetland-ponies-gelding-14years-101-hh-grey-leisurehorses-geilenkirchen/4707287.html,"Geilenkirchen, DE"
"KWPN, Gelding, 13 years, 17 hh, Black",374500,KWPN,Gelding,13.0,,https://www.ehorses.com/kwpn-gelding-13years-17-hh-black-dressagehorses-geilenkirchen/4707396.html,"Geilenkirchen, DE"
"German Riding Pony, Mare, 4 years, 15 hh, Chestnut-Red",106989,Pony,Mare,4.0,,https://www.ehorses.com/german-riding-pony-mare-4years-15-hh-chestnut-red-dressagehorses-geilenkirchen/4707397.html,"Geilenkirchen, DE"
"Oldenburg, Gelding, 4 years, 16 hh, Chestnut-Red",106989,Oldenburg,Gelding,4.0,,https://www.ehorses.com/oldenburg-gelding-4years-16-hh-chestnut-red-dressagehorses-geilenkirchen/4713472.html,"Geilenkirchen, DE"
"German Riding Pony, Gelding, 4 years, 14,1 hh, Chestnut-Red",106989,Pony,Gelding,4.0,,https://www.ehorses.com/german-riding-pony-gelding-4years-141-hh-chestnut-red-dressagehorses-leisurehorses-geilenkirchen/4713781.html,"Geilenkirchen, DE"
"KWPN, Mare, 6 years, 16,2 hh, Bay-Dark",101650,KWPN,Mare,6.0,,https://www.ehorses.com/kwpn-mare-6years-162-hh-bay-dark-showjumpers-geilenkirchen/4745952.html,"Geilenkirchen, DE"
"KWPN, Mare, 11 years, 16 hh, Brown",101650,KWPN,Mare,11.0,,https://www.ehorses.com/kwpn-mare-11years-16-hh-brown-showjumpers-geilenkirchen/4745947.html,"Geilenkirchen, DE"
"Oldenburg, Mare, 9 years, 16,1 hh, Black",69550,Oldenburg,Mare,9.0,,https://www.ehorses.com/oldenburg-mare-9years-161-hh-black-breedinghorses-gilching/4726112.html,"Gilching, DE"
"Hanoverian, Mare, 3 years, 16 hh, Black",187250,Hanoverian,Mare,3.0,,https://www.ehorses.com/hanoverian-mare-3years-16-hh-black-dressagehorses-gilching/4742636.html,"Gilching, DE"
"KWPN, Mare, 9 years, 16 hh, Smoky-Black",101650,KWPN,Mare,9.0,,https://www.ehorses.com/kwpn-mare-9years-16-hh-smoky-black-dressagehorses-geilenkirchen/4745940.html,"Geilenkirchen, DE"
"Hanoverian, Gelding, 5 years, 15,3 hh, Bay",187250,Hanoverian,Gelding,5.0,,https://www.ehorses.com/hanoverian-gelding-5years-153-hh-bay-dressagehorses-leisurehorses-baromino/4513022.html,"Barłomino, PL"
"Hanoverian, Gelding, 4 years, 16 hh, Chestnut-Red",588500,Hanoverian,Gelding,4.0,,https://www.ehorses.com/hanoverian-gelding-4years-16-hh-chestnut-red-dressagehorses-working-equitation-horses-coin/4735214.html,"Coin, ES"
"Oldenburg, Gelding, 7 years, Chestnut-Red",187250,Oldenburg,Gelding,7.0,,https://www.ehorses.com/oldenburg-gelding-7years-chestnut-red-dressagehorses-wilnsdorfwilnsdorf/4532452.html,"WilnsdorfWilnsdorf, DE"
"Hanoverian, Mare, 6 years, 16.1 hh, Bay-Dark",321000,Hanoverian,Mare,6.0,,https://www.ehorses.com/hanoverian-mare-6years-16-1-hh-bay-dark-dressagehorses-breedinghorses-showjumpers-leisurehorses-ratingen/4606692.html,"Ratingen, DE"
"Oldenburg, Gelding, 5 years, 16 hh, Black",321000,Oldenburg,Gelding,5.0,,https://www.ehorses.com/oldenburg-gelding-5years-16-hh-black-dressagehorses-eventinghorses-showjumpers-affoltern-am-albis/4578275.html,"Affoltern am Albis, CH"
"Oldenburg, Gelding, 3 years, 16 hh, Bay-Dark",187250,Oldenburg,Gelding,3.0,,https://www.ehorses.com/oldenburg-gelding-3years-16-hh-bay-dark-dressagehorses-showjumpers-zwillikon/4745884.html,"Zwillikon, CH"
"Hanoverian, Mare, 8 years, 16.2 hh, Chestnut",133750,Hanoverian,Mare,8.0,,https://www.ehorses.com/hanoverian-mare-8years-16-2-hh-chestnut-dressagehorses-munster/4592678.html,"Munster, DE"
"Oldenburg, Gelding, 5 years, 16.2 hh, Chestnut-Red",321000,Oldenburg,Gelding,5.0,,https://www.ehorses.com/oldenburg-gelding-5years-16-2-hh-chestnut-red-dressagehorses-showjumpers-affoltern-am-albis/4734890.html,"Affoltern am Albis, CH"
"Oldenburg, Stallion, 1 year, Bay-Dark",80250,Oldenburg,Stallion,,,https://www.ehorses.com/oldenburg-stallion-1year-bay-dark-dressagehorses-showjumpers-affoltern-am-albis/4735014.html,"Affoltern am Albis, CH"
"Irish Thoroughbred, Mare, 13 years, 15.2 hh, Brown",42800,Thoroughbred,Mare,13.0,,https://www.ehorses.com/irish-thoroughbred-mare-13years-15-2-hh-brown-leisurehorses-elze/4730416.html,"Elze, DE"
"Oldenburg, Mare, 4 years, 15.2 hh, Black",187250,Oldenburg,Mare,4.0,,https://www.ehorses.com/oldenburg-mare-4years-15-2-hh-black-dressagehorses-showjumpers-zwillikon/4745833.html,"Zwillikon, CH"
"Oldenburg, Mare, 3 years, 16.1 hh, Black",187250,Oldenburg,Mare,3.0,,https://www.ehorses.com/oldenburg-mare-3years-16-1-hh-black-dressagehorses-showjumpers-zwillikon/4745813.html,"Zwillikon, CH"
"KWPN, Gelding, 4 years, 16 hh, Chestnut",116629,KWPN,Gelding,4.0,,https://www.ehorses.com/kwpn-gelding-4years-16-hh-chestnut-dressagehorses-showjumpers-leisurehorses-wachtendonk/4742884.html,"Wachtendonk, DE"
"KWPN, Mare, 5 years, 15.3 hh, Black",105930,KWPN,Mare,5.0,,https://www.ehorses.com/kwpn-mare-5years-15-3-hh-black-dressagehorses-showjumpers-leisurehorses-wachtendonk/4732425.html,"Wachtendonk, DE"
"New Forest Pony, Mare, 9 years, 14.1 hh, Dun",48150,Pony,Mare,9.0,,https://www.ehorses.com/new-forest-pony-mare-9years-14-1-hh-dun-showjumpers-leisurehorses-dressagehorses-zieuwent/4743752.html,"Zieuwent, NL"
"Oldenburg, Mare, 16 years, 16.2 hh, Black",40125,Oldenburg,Mare,16.0,,https://www.ehorses.com/oldenburg-mare-16years-16-2-hh-black-dressagehorses-breedinghorses-dassel/4709059.html,"Dassel, DE"
"Hanoverian, Mare, 1 year, 16,3 hh, Bay-Dark",80250,Hanoverian,Mare,,,https://www.ehorses.com/hanoverian-mare-1year-163-hh-bay-dark-dressagehorses-breedinghorses-leisurehorses-koenigslutter-am-elm/4452470.html,"Königslutter am Elm, DE"
"German Riding Pony, Gelding, 4 years, 14,2 hh, Chestnut-Red",321000,Pony,Gelding,4.0,,https://www.ehorses.com/german-riding-pony-gelding-4years-142-hh-chestnut-red-dressagehorses-showjumpers-leisurehorses-hamm/4740455.html,"Hamm, DE"
"Hanoverian, Mare, 21 years, 16 hh, Brown",8560,Hanoverian,Mare,21.0,,https://www.ehorses.com/hanoverian-mare-21years-16-hh-brown-dressagehorses-dassel/4743852.html,"Dassel, DE"
"Friesian horses, Stallion, 4 years, 16 hh, Black",321000,Friesian,Stallion,4.0,,https://www.ehorses.com/friesian-horses-stallion-4years-16-hh-black-dressagehorses-dubai/4748006.html,"Dubai, US"
"Connemara, Gelding, 4 years, 14,3 hh, Grey-Dapple",133750,Connemara,Gelding,4.0,,https://www.ehorses.com/connemara-gelding-4years-143-hh-grey-dapple-leisurehorses-showjumpers-carriagehorses-dressagehorses-burgdorf/4710722.html,"Burgdorf, DE"
"Friesian horses, Stallion, 11 years, 16 hh, Black",74900,Friesian,Stallion,11.0,,https://www.ehorses.com/friesian-horses-stallion-11years-16-hh-black-leisurehorses-bekescsaba/4745698.html,"Békéscsaba, HU"
"KWPN, Stallion, 3 years, 16,2 hh, Bay-Dark",133750,KWPN,Stallion,3.0,,https://www.ehorses.com/kwpn-stallion-3years-162-hh-bay-dark-showjumpers-murska-soboda/4694272.html,"Murska Soboda, SI"
"Welsh D (Cob), Gelding, 6 years, 14,1 hh, Grey",40125,Welsh,Gelding,6.0,,https://www.ehorses.com/welsh-d-cob-gelding-6years-141-hh-grey-showjumpers-carriagehorses-murska-soboda/4738331.html,"Murska Soboda, SI"
"Lusitano, Stallion, 1 year, 16 hh, Buckskin",58849,Lusitano,Stallion,,,https://www.ehorses.com/lusitano-stallion-1year-16-hh-buckskin-working-equitation-horses-showhorses-leisurehorses-dressagehorses-torres-vedras/4679966.html,"Torres Vedras, PT"
"Hanoverian, Gelding, 4 years, 17,1 hh, Chestnut-Red",80250,Hanoverian,Gelding,4.0,,https://www.ehorses.com/hanoverian-gelding-4years-171-hh-chestnut-red-dressagehorses-vaultinghorses-leisurehorses-rot-an-der-rot/4740370.html,"Rot an der Rot, DE"
"Arabian horses, Mare, 2 years, 15,1 hh",133750,Arabian,Mare,2.0,,https://www.ehorses.com/arabian-horses-mare-2years-151-hh-endurancehorses-breedinghorses-leisurehorses-dressagehorses-gemuenden-felda/4074260.html,"Gemünden (Felda), DE"
"Hanoverian, Mare, 5 years, 15,2 hh, Chestnut",176550,Hanoverian,Mare,5.0,,https://www.ehorses.com/hanoverian-mare-5years-152-hh-chestnut-dressagehorses-breedinghorses-niederkassel/4729255.html,"Niederkassel, DE"
"Westphalian, Gelding, 6 years, 18 hh, Chestnut-Red",80250,Westphalian,Gelding,6.0,,https://www.ehorses.com/westphalian-gelding-6years-18-hh-chestnut-red-dressagehorses-vaultinghorses-leisurehorses-leipzig/4715923.html,"Leipzig, DE"
"PRE Mix, Gelding, 11 years, 16 hh, Grey",187250,Andalusian,Gelding,11.0,,https://www.ehorses.com/pre-gelding-11years-16-hh-grey-dressagehorses-leisurehorses-madrid/3970057.html,"MADRID, ES"
"Friesian horses, Mare, 18 years, 15,3 hh, Black",29424,Friesian,Mare,18.0,,https://www.ehorses.com/friesian-horses-mare-18years-153-hh-black-breedinghorses-tzummarum/3706333.html,"Tzummarum, NL"
"Oldenburg, Gelding, 4 years, 16,1 hh, Smoky-Black",83460,Oldenburg,Gelding,4.0,,https://www.ehorses.com/oldenburg-gelding-4years-161-hh-smoky-black-dressagehorses-eventinghorses-leisurehorses-muegeln/4663511.html,"Mügeln, DE"
"Oldenburg-International (OS), Gelding, 5 years, 16 hh, Brown",169060,Oldenburg,Gelding,5.0,,https://www.ehorses.com/oldenburg-international-os-gelding-5years-16-hh-brown-showjumpers-eventinghorses-showhunter-dressagehorses-berg/4673594.html,"Berg, DE"
"Thoroughbred, Gelding, 9 years, Chestnut-Red",58849,Thoroughbred,Gelding,9.0,,https://www.ehorses.com/thoroughbred-gelding-9years-chestnut-red-galloper-leisurehorses-langelsheim/4646263.html,"Langelsheim, DE"
"Hanoverian, Mare, 4 years, 16 hh, Brown",208650,Hanoverian,Mare,4.0,,https://www.ehorses.com/hanoverian-mare-4years-16-hh-brown-dressagehorses-breedinghorses-leisurehorses-fredenbeck/4745580.html,"Fredenbeck, DE"
"Hanoverian, Mare, 11 years, 16 hh, Brown",133750,Hanoverian,Mare,11.0,,https://www.ehorses.com/hanoverian-mare-11years-16-hh-brown-dressagehorses-breedinghorses-leisurehorses-saarlouis/4743545.html,"Saarlouis, DE"
"Oldenburg-International (OS), Mare, 5 years, 16 hh, Brown",85600,Oldenburg,Mare,5.0,,https://www.ehorses.com/oldenburg-international-os-mare-5years-16-hh-brown-showjumpers-dressagehorses-mudershausen/4523640.html,"Mudershausen, DE"
"Thoroughbred, Gelding, 10 years, 16,1 hh, Brown",214000,Thoroughbred,Gelding,10.0,,https://www.ehorses.com/thoroughbred-gelding-10years-161-hh-brown-eventinghorses-showjumpers-gesves/4712816.html,"Gesves, BE"
"Hanoverian, Mare, 3 years, 16 hh, Bay-Dark",133750,Hanoverian,Mare,3.0,,https://www.ehorses.com/hanoverian-mare-3years-16-hh-bay-dark-dressagehorses-breedinghorses-leisurehorses-rees/4745523.html,"Rees, DE"
"Oldenburg-International (OS), Mare, 9 years, 16 hh, Bay-Dark",85600,Oldenburg,Mare,9.0,,https://www.ehorses.com/oldenburg-international-os-mare-9years-16-hh-bay-dark-showjumpers-mudershausen/4593655.html,"Mudershausen, DE"
"Westphalian, Mare, 3 years, 15,2 hh, Chestnut-Red",128399,Westphalian,Mare,3.0,,https://www.ehorses.com/westphalian-mare-3years-152-hh-chestnut-red-dressagehorses-wesel/4669940.html,"Wesel, DE"
"Westphalian, Mare, 4 years, 16,2 hh, Brown",342400,Westphalian,Mare,4.0,,https://www.ehorses.com/westphalian-mare-4years-162-hh-brown-dressagehorses-wesel/4611811.html,"Wesel, DE"
"Hanoverian, Stallion, 2 years, 16,1 hh, Chestnut-Red",133750,Hanoverian,Stallion,2.0,,https://www.ehorses.com/hanoverian-stallion-2years-161-hh-chestnut-red-dressagehorses-showjumpers-carriagehorses-wesel/4736841.html,"Wesel, DE"
"Hanoverian, Gelding, 4 years, 16 hh, Chestnut-Red",588500,Hanoverian,Gelding,4.0,,https://www.ehorses.com/hanoverian-gelding-4years-16-hh-chestnut-red-dressagehorses-working-equitation-horses-coin/4735214.html,"Coin, ES"
"Oldenburg, Gelding, 7 years, Chestnut-Red",187250,Oldenburg,Gelding,7.0,,https://www.ehorses.com/oldenburg-gelding-7years-chestnut-red-dressagehorses-wilnsdorfwilnsdorf/4532452.html,"WilnsdorfWilnsdorf, DE"
"Hanoverian, Stallion, 2 years, Bay-Dark",80250,Hanoverian,Stallion,2.0,,https://www.ehorses.com/hanoverian-stallion-2years-bay-dark-dressagehorses-leisurehorses-rees/4745508.html,"Rees, DE"
"Westphalian, Mare, 5 years, 16 hh, Chestnut-Red",133750,Westphalian,Mare,5.0,,https://www.ehorses.com/westphalian-mare-5years-16-hh-chestnut-red-dressagehorses-breedinghorses-leisurehorses-wehringen/4721164.html,"Wehringen, DE"
"Hanoverian, Gelding, 5 years, 17.1 hh, Chestnut-Red",187250,Hanoverian,Gelding,5.0,,https://www.ehorses.com/hanoverian-gelding-5years-17-1-hh-chestnut-red-dressagehorses-leisurehorses-wehringen/4744499.html,"Wehringen, DE"
"Hanoverian, Mare, 12 years, 17 hh, Brown",909499,Hanoverian,Mare,12.0,,https://www.ehorses.com/hanoverian-mare-12years-17-hh-brown-dressagehorses-breedinghorses-leisurehorses-sassenberg/4686893.html,"Sassenberg, DE"
"Oldenburg, Gelding, 6 years, 16.3 hh, Black",321000,Oldenburg,Gelding,6.0,,https://www.ehorses.com/oldenburg-gelding-6years-16-3-hh-black-dressagehorses-warendorf/4742767.html,"Warendorf, DE"
"Lusitano, Stallion, 4 years, 15.1 hh, Grey-Dark-Tan",80250,Lusitano,Stallion,4.0,,https://www.ehorses.com/lusitano-stallion-4years-15-1-hh-grey-dark-tan-baroquehorses-working-equitation-horses-leisurehorses-dressagehorses-munera/4745440.html,"Munera, ES"
"Westphalian, Gelding, 5 years, 16.3 hh, Brown",321000,Westphalian,Gelding,5.0,,https://www.ehorses.com/westphalian-gelding-5years-16-3-hh-brown-dressagehorses-leisurehorses-greven/4735989.html,"Greven, DE"
"PRE Mix, Stallion, 4 years, 16.2 hh, Grey",80250,Andalusian,Stallion,4.0,,https://www.ehorses.com/pre-stallion-4years-16-2-hh-grey-baroquehorses-showhorses-leisurehorses-dressagehorses-sevilla/4745459.html,"Sevilla, ES"
"KWPN, Gelding, 4 years, 16.1 hh, Black",133750,KWPN,Gelding,4.0,,https://www.ehorses.com/kwpn-gelding-4years-16-1-hh-black-dressagehorses-oosterhout/4745385.html,"Oosterhout, NL"
"Hanoverian, Gelding, 4 years, 16 hh, Chestnut-Red",588500,Hanoverian,Gelding,4.0,,https://www.ehorses.com/hanoverian-gelding-4years-16-hh-chestnut-red-dressagehorses-working-equitation-horses-coin/4735214.html,"Coin, ES"
"Oldenburg, Gelding, 7 years, Chestnut-Red",187250,Oldenburg,Gelding,7.0,,https://www.ehorses.com/oldenburg-gelding-7years-chestnut-red-dressagehorses-wilnsdorfwilnsdorf/4532452.html,"WilnsdorfWilnsdorf, DE"
"Oldenburg, Mare, 9 years, 16.1 hh, Brown",187250,Oldenburg,Mare,9.0,,https://www.ehorses.com/oldenburg-mare-9years-16-1-hh-brown-dressagehorses-showjumpers-leisurehorses-weimar/4745427.html,"Weimar, DE"
"Hanoverian, Stallion, 5 years, 17 hh, Bay-Dark",160500,Hanoverian,Stallion,5.0,,https://www.ehorses.com/hanoverian-stallion-5years-17-hh-bay-dark-dressagehorses-leisurehorses-jengen/4733109.html,"Jengen, DE"
"Oldenburg, Gelding, 6 years, 16.2 hh",588500,Oldenburg,Gelding,6.0,,https://www.ehorses.com/oldenburg-gelding-6years-16-2-hh-dressagehorses-leisurehorses-haiger/4745401.html,"Haiger, DE"
"Hanoverian, Stallion, 1 year, 17 hh, Black",214000,Hanoverian,Stallion,,,https://www.ehorses.com/hanoverian-stallion-1year-17-hh-black-dressagehorses-grossheide/4733625.html,"Großheide, DE"
"Hanoverian, Stallion, 5 years, 16 hh, Bay-Dark",133750,Hanoverian,Stallion,5.0,,https://www.ehorses.com/hanoverian-stallion-5years-16-hh-bay-dark-dressagehorses-leisurehorses-freren/4733249.html,"Freren, DE"
"Hanoverian, Gelding, 4 years, 16.3 hh, Chestnut-Red",267500,Hanoverian,Gelding,4.0,,https://www.ehorses.com/hanoverian-gelding-4years-16-3-hh-chestnut-red-dressagehorses-freren/4732508.html,"Freren, DE"
"Hanoverian, Stallion, 4 years, 16.1 hh, Grey",235399,Hanoverian,Stallion,4.0,,https://www.ehorses.com/hanoverian-stallion-4years-16-1-hh-grey-dressagehorses-leisurehorses-freren/4734375.html,"Freren, DE"
"Hanoverian, Stallion, 4 years, 16.1 hh",267500,Hanoverian,Stallion,4.0,,https://www.ehorses.com/hanoverian-stallion-4years-16-1-hh-dressagehorses-freren/4734340.html,"Freren, DE"
"Hanoverian, Stallion, 3 years, 17 hh, Grey",214000,Hanoverian,Stallion,3.0,,https://www.ehorses.com/hanoverian-stallion-3years-17-hh-grey-showjumpers-dressagehorses-grossheide/4734317.html,"Großheide, AT"
"Hanoverian, Stallion, 3 years, 16.1 hh, Smoky-Black",187250,Hanoverian,Stallion,3.0,,https://www.ehorses.com/hanoverian-stallion-3years-16-1-hh-smoky-black-dressagehorses-grossheide/4733213.html,"Großheide, DE"
"Hanoverian, Stallion, 5 years, 16.1 hh, Black",133750,Hanoverian,Stallion,5.0,,https://www.ehorses.com/hanoverian-stallion-5years-16-1-hh-black-dressagehorses-leisurehorses-vechta/4734370.html,"Vechta, DE"
"Hanoverian, Stallion, 3 years, 16.2 hh, Brown",374500,Hanoverian,Stallion,3.0,,https://www.ehorses.com/hanoverian-stallion-3years-16-2-hh-brown-dressagehorses-jengen/4732869.html,"Jengen, DE"
"Holstein, Mare, 3 years, 16 hh, Brown-Light",267500,Holsteiner,Mare,3.0,,https://www.ehorses.com/holstein-mare-3years-16-hh-brown-light-showjumpers-otter/4731772.html,"Otter, DE"
"New Forest Pony, Gelding, 6 years, 14,1 hh, Brown",80250,Pony,Gelding,6.0,,https://www.ehorses.com/new-forest-pony-gelding-6years-141-hh-brown-showjumpers-eventinghorses-leisurehorses-dressagehorses-wouwse-plantage/4616663.html,"Wouwse Plantage, NL"
"Shire Horse, Gelding, 6 years, 17 hh, Grey",95230,Shire,Gelding,6.0,,https://www.ehorses.com/shire-horse-gelding-6years-17-hh-grey-leisurehorses-polsenz/4520323.html,"Polsenz, AT"
"Friesian horses, Gelding, 7 years, 15,3 hh, Black",227250,Friesian,Gelding,7.0,,https://www.ehorses.com/friesian-horses-gelding-7years-153-hh-black-ranch-riding-horses-trailhorses-mount-vernon/4251554.html,"Mount Vernon, US"
"Holstein, Mare, 3 years, 15,2 hh, Brown",267500,Holsteiner,Mare,3.0,,https://www.ehorses.com/holstein-mare-3years-152-hh-brown-showjumpers-otter/4731759.html,"Otter, DE"
"Oldenburg, Mare, 3 years, 16,2 hh, Chestnut-Red",85600,Oldenburg,Mare,3.0,,https://www.ehorses.com/oldenburg-mare-3years-162-hh-chestnut-red-dressagehorses-dunumbrill/4731914.html,"Dunum/Brill, DE"
"Hanoverian, Gelding, 5 years, 16,2 hh, Chestnut-Red",267500,Hanoverian,Gelding,5.0,,https://www.ehorses.com/hanoverian-gelding-5years-162-hh-chestnut-red-dressagehorses-visselhoevede/4471783.html,"Visselhövede, DE"
"Oldenburg, Mare, 3 years, 16,2 hh, Black",187250,Oldenburg,Mare,3.0,,https://www.ehorses.com/oldenburg-mare-3years-162-hh-black-dressagehorses-redefin/4743762.html,"Redefin, DE"
"PRE Mix, Stallion, 5 years, 16,1 hh, Grey",133750,Andalusian,Stallion,5.0,,https://www.ehorses.com/pre-stallion-5years-161-hh-grey-dressagehorses-leisurehorses-madrid/4654451.html,"MADRID, ES"
"Oldenburg, Gelding, 5 years, 16,1 hh, Chestnut-Red",321000,Oldenburg,Gelding,5.0,,https://www.ehorses.com/oldenburg-gelding-5years-161-hh-chestnut-red-dressagehorses-bielefeld/4701966.html,"Bielefeld, DE"
"Westphalian, Mare, 4 years, Brown",133750,Westphalian,Mare,4.0,,https://www.ehorses.com/westphalian-mare-4years-brown-breedinghorses-waldbroel/3299136.html,"Waldbröl, DE"
"PRE, Stallion, 2 years, Dun",80250,Andalusian,Stallion,2.0,,https://www.ehorses.com/pre-stallion-2years-dun-dressagehorses-baroquehorses-breedinghorses-leisurehorses-klagenfurt/4619275.html,"klagenfurt, AT"
"PRE Mix, Mare, 2 years, 15,1 hh, Perlino",64199,Andalusian,Mare,2.0,,https://www.ehorses.com/pre-mare-2years-151-hh-perlino-leisurehorses-segovia/4701047.html,"Segovia, ES"
"KWPN, Stallion, 6 years, 16,1 hh, Cremello",321000,KWPN,Stallion,6.0,,https://www.ehorses.com/kwpn-stallion-6years-161-hh-cremello-dressagehorses-ulicoten/4654995.html,"Ulicoten, NL"
"Oldenburg, Gelding, 13 years, Brown",588500,Oldenburg,Gelding,13.0,,https://www.ehorses.com/oldenburg-gelding-13years-brown-showjumpers-brest/3901852.html,"Brest, DE"
"Oldenburg, Gelding, 8 years, 16,1 hh, Brown",321000,Oldenburg,Gelding,8.0,,https://www.ehorses.com/oldenburg-gelding-8years-161-hh-brown-dressagehorses-brest/3984221.html,"Brest, DE"
"Hanoverian, Gelding, 7 years, 16,2 hh, Chestnut",321000,Hanoverian,Gelding,7.0,,https://www.ehorses.com/hanoverian-gelding-7years-162-hh-chestnut-dressagehorses-showjumpers-brest/3984242.html,"Brest, DE"
"KWPN, Stallion, 1 year, 16,1 hh, Black",59919,KWPN,Stallion,,,https://www.ehorses.com/kwpn-stallion-1year-161-hh-black-dressagehorses-leisurehorses-zell-an-der-pram/4738627.html,"Zell an der Pram, AT"
"German Riding Pony, Mare, 6 years, 14 hh, Chestnut",133750,Pony,Mare,6.0,,https://www.ehorses.com/german-riding-pony-mare-6years-14-hh-chestnut-dressagehorses-eventinghorses-showjumpers-treuenbrietzen/4745282.html,"Treuenbrietzen, DE"
"German Riding Pony, Gelding, 4 years, 14,1 hh, Grey",101650,Pony,Gelding,4.0,,https://www.ehorses.com/german-riding-pony-gelding-4years-141-hh-grey-showjumpers-eventinghorses-leisurehorses-dressagehorses-fuerstenau/4690993.html,"Fürstenau, DE"
"German Riding Pony, Gelding, 4 years, 15,1 hh, Brown",107000,Pony,Gelding,4.0,,https://www.ehorses.com/german-riding-pony-gelding-4years-151-hh-brown-dressagehorses-leisurehorses-fuerstenau/4705635.html,"Fürstenau, DE"
"Oldenburg, Mare, 4 years, 17 hh, Chestnut-Red",187250,Oldenburg,Mare,4.0,,https://www.ehorses.com/oldenburg-mare-4years-17-hh-chestnut-red-dressagehorses-leisurehorses-fuerstenau/4734134.html,"Fürstenau, DE"
"Oldenburg, Gelding, 5 years, 16,1 hh, Brown",321000,Oldenburg,Gelding,5.0,,https://www.ehorses.com/oldenburg-gelding-5years-161-hh-brown-dressagehorses-oberstadion/4687750.html,"Oberstadion, DE"
"Westphalian, Gelding, 7 years, 16,1 hh, Chestnut-Red",321000,Westphalian,Gelding,7.0,,https://www.ehorses.com/westphalian-gelding-7years-161-hh-chestnut-red-dressagehorses-oberstadion/4104269.html,"Oberstadion, DE"
"Oldenburg, Gelding, 5 years, 16,2 hh, Chestnut",321000,Oldenburg,Gelding,5.0,,https://www.ehorses.com/oldenburg-gelding-5years-162-hh-chestnut-dressagehorses-oberstadion/4687662.html,"Oberstadion, DE"
"KWPN, Gelding, 4 years, 16,2 hh, Brown",90950,KWPN,Gelding,4.0,,https://www.ehorses.com/kwpn-gelding-4years-162-hh-brown-dressagehorses-loipersbach-im-burgenland/4745103.html,"Loipersbach im Burgenland, AT"
"Lusitano Mix, Gelding, 13 years, 16,1 hh, Grey",133750,Lusitano,Gelding,13.0,,https://www.ehorses.com/lusitano-gelding-13years-161-hh-grey-dressagehorses-leisurehorses-sevilla/4356010.html,"Sevilla, ES"
"Lusitano, Mare, 1 year, 15,3 hh, Brown",48150,Lusitano,Mare,,,https://www.ehorses.com/lusitano-mare-1year-153-hh-brown-leisurehorses-working-equitation-horses-breedinghorses-idanha-a-nova-portugal/4736441.html,"Idanha-a-Nova Portugal, PT"
"Shire Horse, Mare, 8 years, 16,2 hh, Grey",160500,Shire,Mare,8.0,,https://www.ehorses.com/shire-horse-mare-8years-162-hh-grey-leisurehorses-ried-im-innkreis/4647797.html,"Ried im Innkreis, AT"
"Welsh B, Gelding, 7 years, 13,1 hh, Palomino",58849,Welsh,Gelding,7.0,,https://www.ehorses.com/welsh-b-gelding-7years-131-hh-palomino-carriagehorses-showhunter-leisurehorses-dressagehorses-szabadszallas/4745208.html,"Szabadszállás, HU"
"Thoroughbred, Mare, 3 years, 16 hh, Brown",23540,Thoroughbred,Mare,3.0,,https://www.ehorses.com/thoroughbred-mare-3years-16-hh-brown-leisurehorses-breedinghorses-galloper-naila/4745214.html,"Naila, DE"
"German Riding Pony, Gelding, 5 years, 14,2 hh, Bay-Dark",107000,Pony,Gelding,5.0,,https://www.ehorses.com/german-riding-pony-gelding-5years-142-hh-bay-dark-dressagehorses-aabenraa/4745217.html,"Aabenraa, DK"
"German Riding Pony, Gelding, 8 years, 14 hh, Brown",133750,Pony,Gelding,8.0,,https://www.ehorses.com/german-riding-pony-gelding-8years-14-hh-brown-showjumpers-dressagehorses-ollndorf/4669924.html,"Ollndorf, DE"
"Andalusian, Stallion, 3 years, 15 hh, Grey",70689,Andalusian,Stallion,3.0,,https://www.ehorses.com/andalusian-stallion-3years-15-hh-grey-showhorses-breedinghorses-corona-ca/4585564.html,"Corona, CA, US"
"Andalusian, Mare, 2 years, 14 hh, Bay",100989,Andalusian,Mare,2.0,,https://www.ehorses.com/andalusian-mare-2years-14-hh-bay-dressagehorses-trailhorses-breedinghorses-showjumpers-corona-ca/4725915.html,"Corona, CA, US"
"Andalusian, Mare, 2 years, 15 hh, Grey",60589,Andalusian,Mare,2.0,,https://www.ehorses.com/andalusian-mare-2years-15-hh-grey-dressagehorses-working-equitation-horses-trailhorses-breedinghorses-corona-ca/4741387.html,"Corona, CA, US"
"Andalusian, Mare, 2 years, 15 hh, Black",60589,Andalusian,Mare,2.0,,https://www.ehorses.com/andalusian-mare-2years-15-hh-black-dressagehorses-trailhorses-breedinghorses-eventinghorses-corona-ca/4687614.html,"Corona, CA, US"
"Lusitano, Stallion, 6 years, 15,2 hh, Pearl",85600,Lusitano,Stallion,6.0,,https://www.ehorses.com/lusitano-stallion-6years-152-hh-pearl-leisurehorses-sire-dressagehorses-frankfurt-am-main/4745171.html,"Frankfurt am Main, DE"
"Hanoverian, Gelding, 8 years, 17 hh",374500,Hanoverian,Gelding,8.0,,https://www.ehorses.com/hanoverian-gelding-8years-17-hh-dressagehorses-leisurehorses-haiger/4745124.html,"Haiger, DE"
"PRE, Gelding, 4 years, 15,1 hh, Grey",95230,Andalusian,Gelding,4.0,,https://www.ehorses.com/pre-gelding-4years-151-hh-grey-leisurehorses-working-equitation-horses-baroquehorses-dressagehorses-stipsdorf/4630675.html,"Stipsdorf, DE"
"PRE, Gelding, 5 years, Palomino",353500,Andalusian,Gelding,5.0,,https://www.ehorses.com/pre-gelding-5years-palomino-dressagehorses-working-equitation-horses-showhorses-baroquehorses-madison-ga/4486133.html,"Madison, GA, US"
"PRE Mix, Gelding, 6 years, 16 hh, Black",393900,Andalusian,Gelding,6.0,,https://www.ehorses.com/pre-gelding-6years-16-hh-black-dressagehorses-doma-vaquera-working-equitation-horses-baroquehorses-madison-ga/4486169.html,"Madison, GA, US"
"PRE Mix, Stallion, 6 years, 16,1 hh, Grey",588500,Andalusian,Stallion,6.0,,https://www.ehorses.com/pre-stallion-6years-161-hh-grey-dressagehorses-navas-del-madrono/4597773.html,"Navas Del Madroño, ES"
"Oldenburg, Mare, 7 years, 16 hh, Brown",214000,Oldenburg,Mare,7.0,,https://www.ehorses.com/oldenburg-mare-7years-16-hh-brown-dressagehorses-breedinghorses-hepstedt/4234278.html,"Hepstedt, DE"
"Andalusian Mix, Gelding, 11 years, 15,1 hh, Perlino",80250,Andalusian,Gelding,11.0,,https://www.ehorses.com/andalusian-gelding-11years-151-hh-perlino-baroquehorses-working-equitation-horses-leisurehorses-dressagehorses-bredene/4486431.html,"Bredene, BE"
"New Forest Pony, Mare, 7 years, 13,2 hh, Black",61524,Pony,Mare,7.0,,https://www.ehorses.com/new-forest-pony-mare-7years-132-hh-black-leisurehorses-achtmaal/4744986.html,"Achtmaal, NL"
"Lusitano, Stallion, 6 years, 15,2 hh, Pearl",85600,Lusitano,Stallion,6.0,,https://www.ehorses.com/lusitano-stallion-6years-152-hh-pearl-dressagehorses-breedinghorses-sire-caldas-de-reis-casco-urbano/4506862.html,"Caldas De Reis (Casco Urbano), ES"
"Oldenburg, Gelding, 5 years, 17 hh, Bay-Dark",321000,Oldenburg,Gelding,5.0,,https://www.ehorses.com/oldenburg-gelding-5years-17-hh-bay-dark-dressagehorses-vechta/4702038.html,"Vechta, DE"
"PRE Mix, Gelding, 5 years, 15,1 hh, Dun",230049,Andalusian,Gelding,5.0,,https://www.ehorses.com/pre-gelding-5years-151-hh-dun-dressagehorses-working-equitation-horses-baroquehorses-leisurehorses-krumbach/4663719.html,"Krumbach, DE"
"Westphalian, Mare, 11 years, Chestnut-Red",133750,Westphalian,Mare,11.0,,https://www.ehorses.com/westphalian-mare-11years-chestnut-red-dressagehorses-breedinghorses-leisurehorses-kleinenberg/4713699.html,"Kleinenberg, DE"
"KWPN, Gelding, 6 years, 16,1 hh, Grey",187250,KWPN,Gelding,6.0,,https://www.ehorses.com/kwpn-gelding-6years-161-hh-grey-showjumpers-leisurehorses-mor/4660282.html,"Mór, HU"
"Hanoverian, Mare, 10 years, 16,1 hh, Brown",101650,Hanoverian,Mare,10.0,,https://www.ehorses.com/hanoverian-mare-10years-161-hh-brown-dressagehorses-leisurehorses-mor/4703850.html,"Mor, HU"
"Westphalian, Gelding, 5 years, 16,1 hh, Grey",187250,Westphalian,Gelding,5.0,,https://www.ehorses.com/westphalian-gelding-5years-161-hh-grey-showjumpers-equitation-portugesa-mor/4721176.html,"Mor, HU"
