source,title,breed,gender,age,price_mad,location,url
avito.ma,جعفر  الطيار,Cheval,,,1300,,https://www.avito.ma/fr/autre_secteur/arts_et_collections/Sacoche_de_selle_pour_cheval_57469866.htm
avito.ma,Kaddouri mohamed,Cheval,,,30000,,https://www.avito.ma/fr/hay_boudir/animaux_de_ferme/Cheval_à_Vendre___Pur_Sang_Arabe_57505399.htm
avito.ma,iFancy Emporium,Cheval,,,3550,,https://www.avito.ma/fr/centre_ville/matériel_agricole/Pompe_à_eau_à_essence___Norme_50_57507847.htm
avito.ma,Noureddine Elgharsli,Cheval,,,3500,,https://www.avito.ma/fr/autre_secteur/accessoires_pour_animaux/Selle_de_cheval_neuve_57494023.htm
avito.ma,iFancy Emporium,Cheval,,,3550,,https://www.avito.ma/fr/centre_ville/matériel_agricole/Pompe_à_eau_à_essence___Norme_50_57507847.htm
avito.ma,العربي,Cheval,,,225000,,https://www.avito.ma/fr/sefrou/fourgon_et_minibus/Iveco_Daily_57501771.htm
avito.ma,aziz ezzine,Cheval,,,2500,,https://www.avito.ma/fr/abbadi/animaux_de_ferme/Selle_de_cheval_57459860.htm
avito.ma,wady prime,Cheval,,,3200,,https://www.avito.ma/fr/akioud/arts_et_collections/Tableau_décoratif_de_cheval_70_50_57474066.htm
avito.ma,fahd,Cheval,,,6000,,https://www.avito.ma/fr/berrechid/jardin/Moteur_groupe_électrogène_Honda_Robin_57482300.htm
avito.ma,wafaa,Cheval,,,3000,,https://www.avito.ma/fr/oulfa/décoration/Casablanca_El_Haj_Fatih_57477444.htm
avito.ma,AHMED IDRISSI IBRAHIMI,Cheval,,,2400,,https://www.avito.ma/fr/agdal/décoration/Cadre_Cheval_Tribal_Résine_Époxy_57437331.htm
avito.ma,aziz ezzine,Cheval,,,2500,,https://www.avito.ma/fr/abbadi/animaux_de_ferme/Selle_de_cheval_57459860.htm
avito.ma,imrane,Cheval,,,70000,,https://www.avito.ma/fr/hay_moulay_rachid/fourgon_et_minibus/Ford_Tourneo_modèle_2009_57459180.htm
avito.ma,Adil Adil,Cheval,,,8500,,https://www.avito.ma/fr/abouab_sala/autre_matériel_professionel/Groupe_électrogène_57444635.htm
avito.ma,Moaad Nadir,Cheval,,,2000,,https://www.avito.ma/fr/yacoub_el_mansour/cordes/Violon_4_4_Taille_Entière_57444526.htm
avito.ma,Hamid Hamdan,Cheval,,,2800,,https://www.avito.ma/fr/el_qaria/animaux_de_ferme/violent_avec_cheval_57396813.htm
avito.ma,Hamza damghi,Cheval,,,20000,,https://www.avito.ma/fr/aouama_gharbia/matériel_agricole/_Hammer_mill__Molino_Martillos__broyeur_concassur__57429824.htm
avito.ma,يونس,Cheval,,,45000,,https://www.avito.ma/fr/sidi_hajjaj/engins_agricoles/Mini_tracteur_mini_tracteur_57416688.htm
avito.ma,N B,Cheval,,,1750,,https://www.avito.ma/fr/belvédère/arts_et_collections/Très_beau_Spectre_de_gondolier_antique_57401660.htm
avito.ma,Hamid Hamdan,Cheval,,,2800,,https://www.avito.ma/fr/el_qaria/animaux_de_ferme/violent_avec_cheval_57396813.htm
avito.ma,omar,Cheval,,,30000,,https://www.avito.ma/fr/salé/animaux_de_ferme/Arabe_Barbe_57378384.htm
avito.ma,يوسف,Cheval,,,25000,,https://www.avito.ma/fr/sidi_bernoussi/matériel_agricole/Motoculture_57377284.htm
avito.ma,Rouchadi Fatiha,Cheval,,,35000,,https://www.avito.ma/fr/autre_secteur/autre_matériel_professionel/REGINI_MLI7A_57350033.htm
avito.ma,Hajar,Cheval,,,11500,,https://www.avito.ma/fr/aviation/animaux_de_ferme/Cheval_arabe_barbe_57316786.htm
avito.ma,عثمان,Cheval,,,35000,,https://www.avito.ma/fr/autre_secteur/animaux_domestique/Environs_de_Ben_Slimane_57345933.htm
avito.ma,Hajar,Cheval,,,11500,,https://www.avito.ma/fr/aviation/animaux_de_ferme/Cheval_arabe_barbe_57316786.htm
avito.ma,Ishak Guapo,Cheval,,,1450,,https://www.avito.ma/fr/autre_secteur/jardin/Pompe_3_chevaux_220V_57266048.htm
avito.ma,Elena Aziz,Cheval,,,5000,,https://www.avito.ma/fr/route_de_marrakech/equipement_sportif/2_Selles_a_cheval_57261474.htm
avito.ma,حسين الرملي,Cheval,,,1500,,https://www.avito.ma/fr/al_qods/pièces_et_accessoires_pour_véhicules/Moteur_électrique_3Hp_57292272.htm
avito.ma,Ishak Guapo,Cheval,,,1450,,https://www.avito.ma/fr/autre_secteur/jardin/Pompe_3_chevaux_220V_57266048.htm
avito.ma,Elena Aziz,Cheval,,,5000,,https://www.avito.ma/fr/route_de_marrakech/equipement_sportif/2_Selles_a_cheval_57261474.htm
avito.ma,DEALTECH MAROC,Cheval,,,3797,,https://www.avito.ma/fr/massira_3/gaming/Ghost_of_Yotei____Collector_s_Edition___PS5_57271059.htm
avito.ma,abdel moumen,Cheval,,,4000,,https://www.avito.ma/fr/sidi_kacem/jardin/Équipements_de_puits_57255299.htm
avito.ma,bel haj,Cheval,,,25000,,https://www.avito.ma/fr/autre_secteur/engins_agricoles/Tracteur_Yanmar_57246716.htm
avito.ma,Jamal H,Cheval,,,9000,,https://www.avito.ma/fr/el_qaria/animaux_de_ferme/Pouliche_Arab_Barb_57216982.htm
avito.ma,Jamal H,Cheval,,,9000,,https://www.avito.ma/fr/el_qaria/animaux_de_ferme/Pouliche_Arab_Barb_57216982.htm
avito.ma,Meriem Hatim,Cheval,,,1400,,https://www.avito.ma/fr/centre_ville/arts_et_collections/Tableau_original____Couple_andalou_à_cheval__57177325.htm
avito.ma,Azeddine Hasnaoui,Cheval,,,28000,,https://www.avito.ma/fr/tit_mellil/engins_agricoles/Machine_Reggini_57205778.htm
avito.ma,Azeddine Hasnaoui,Cheval,,,28000,,https://www.avito.ma/fr/tit_mellil/engins_agricoles/Machine_Reggini_57205668.htm
avito.ma,Youssef Sahara,Cheval,,,3000,,https://www.avito.ma/fr/foum_el_oued/animaux_domestique/Cheval_double_poney_57159389.htm
avito.ma,Lali omar,Cheval,,,6000,,https://www.avito.ma/fr/figuig/animaux_de_ferme/Cheval_à_vendre_57152628.htm
avito.ma,Transport et déménagement Maroc,Cheval,,,60000,,https://www.avito.ma/fr/taourirt/fourgon_et_minibus/Kia_Pregio_Diesel_Manuelle_1996_à_Taourirt_56310469.htm
avito.ma,karim MA,Cheval,,,5400,,https://www.avito.ma/fr/autre_secteur/autre_matériel_professionel/Compresseur_silencieux_100L_Monophasé_3_HP_GTS_Pro_57154030.htm
avito.ma,abdel,Cheval,,,1500,,https://www.avito.ma/fr/hamza/matériel_agricole/Tronçonneuse_Alpina_ACS_538__14__38_5cc_Barre_35cm_1_6kW_57145729.htm
avito.ma,Geek Horizon,Cheval,,,25000,,https://www.avito.ma/fr/autre_secteur/pièces_et_accessoires_pour_véhicules/Nissan_Murano_Z50_joint_de_culasse_HS_57139072.htm
avito.ma,Houda,Cheval,,,1200,,https://www.avito.ma/fr/route_d_ourika/jouets/Lot_de_17_pieces_57125473.htm
avito.ma,Achraf,Cheval,,,460000,,https://www.avito.ma/fr/autre_secteur/terrains_et_fermes/Des_boxes_pour_chevaux_57078526.htm
avito.ma,EL HACHAM BEN DAOUCH,Cheval,,,42000,,https://www.avito.ma/fr/ait_baha/fourgon_et_minibus/Voiture_Trafic_57113450.htm
avito.ma,Achraf,Cheval,,,460000,,https://www.avito.ma/fr/autre_secteur/terrains_et_fermes/Des_boxes_pour_chevaux_57078526.htm
avito.ma,Diae,Cheval,,,1800,,https://www.avito.ma/fr/al_boustane/voyages_et_billetterie/4_tickets_premium_spectacle_salon_de_cheval_57021799.htm
avito.ma,laila,Cheval,,,400000,,https://www.avito.ma/fr/tamallalt/terrains_et_fermes/Terrain_agricole_57053242.htm
avito.ma,adil mojahid,Cheval,,,8000,,https://www.avito.ma/fr/sidi_abdelkarim/autres_matériels_electroniques/Générateur_électrique_57048506.htm
avito.ma,Dina Hasnaoui Amri,Cheval,,,4000,,https://www.avito.ma/fr/aïn_diab/autres_loisirs/Selle_d_équitation_cheval_56972505.htm
avito.ma,ISLAM,Cheval,,,5000,,https://www.avito.ma/fr/centre_ville/arts_et_collections/Sculpteur_cheval_en_bronze_vintage_56970623.htm
avito.ma,HASSAN,Cheval,,,2500,,https://www.avito.ma/fr/oulfa/accessoires_pour_animaux/Scelle_western_56987170.htm
avito.ma,Dina Hasnaoui Amri,Cheval,,,4000,,https://www.avito.ma/fr/aïn_diab/autres_loisirs/Selle_d_équitation_cheval_56972505.htm
avito.ma,ISLAM,Cheval,,,5000,,https://www.avito.ma/fr/centre_ville/arts_et_collections/Sculpteur_cheval_en_bronze_vintage_56970623.htm
avito.ma,said,Cheval,,,160000,,https://www.avito.ma/fr/ourika/fourgon_et_minibus/Iveco_Daily_56968408.htm
avito.ma,Alami marrouni,Cheval,,,4500,,https://www.avito.ma/fr/autre_secteur/autre_matériel_professionel/Tendeuse_pour_mouton_____56958139.htm
avito.ma,Hafsa livraison dispo,Cheval,,,1500,,https://www.avito.ma/fr/autre_secteur/arts_et_collections/Statue_en_cuivre_sur_marbre_un_chariot_romain_56951966.htm
avito.ma,Karima,Cheval,,,24000,,https://www.avito.ma/fr/souissi/animaux_de_ferme/_2_Cheveaux_Fantasia_en_bronze_émaillé__56926165.htm
avito.ma,taha lotfi,Cheval,,,22000,,https://www.avito.ma/fr/afaq/animaux_domestique/cheval_pur_sang_arabe__56868854.htm
avito.ma,Tarik,Cheval,,,2300,,https://www.avito.ma/fr/wifak/arts_et_collections/Statuette_décorative_Cheval_cabré_Argenté_40x30cm_56853661.htm
avito.ma,Mohammed,Cheval,,,300000,,https://www.avito.ma/fr/sidi_yahya/terrains_et_fermes/Terrain_à_2km_du_rond_point_sahb_al_khil_56806640.htm
avito.ma,Mehdi,Cheval,,,5000,,https://www.avito.ma/fr/béni_mellal/accessoires_pour_animaux/selle_cheval__56827007.htm
avito.ma,mohammed rahali,Cheval,,,20000,,https://www.avito.ma/fr/sidi_allal_el_bahraoui/animaux_de_ferme/_cheval__jument_et_poulain_pure_sang_arabe_sorec__56812161.htm
avito.ma,جعفر  الطيار,Cheval,,,5000,,https://www.avito.ma/fr/autre_secteur/animaux_de_ferme/sellerie_de_cheval____complete___56786862.htm
avito.ma,جعفر  الطيار,Cheval,,,2500,,https://www.avito.ma/fr/autre_secteur/autres_accessoires_de_mode/selle_de_cheval____avec_Étriers_de_sécurité_56786837.htm
avito.ma,Mohamed,Cheval,,,3000,,https://www.avito.ma/fr/centre/arts_et_collections/Statut_de_cheval_en_Résine__poly_résine__56773876.htm
avito.ma,Mme Ben,Cheval,,,3500,,https://www.avito.ma/fr/souissi/autre_équipement_pour_bébé_et_enfant/Lot_articles_pour_bébé_en_très_bon_état_56758998.htm
avito.ma,Mostafa boaawid,Cheval,,,9000,,https://www.avito.ma/fr/route_de_ouarzazate/animaux_de_ferme/chevale__libgah_marhba_56744919.htm
avito.ma,khall,Cheval,,,6000,,https://www.avito.ma/fr/abbadi/accessoires_pour_animaux/scellé_pour_cheval__56727003.htm
avito.ma,Hajar abbouchane,Cheval,,,7500,,https://www.avito.ma/fr/khénifra/autre_matériel_professionel/Groupe_électrogène__56723863.htm
avito.ma,Redouane,Cheval,,,50000,,https://www.avito.ma/fr/zone_industrielle_moulay_rachid/animaux_de_ferme/pouliche_pur_sang_arabe_56687559.htm
avito.ma,Mohamed touis,Cheval,,,11000,,https://www.avito.ma/fr/sidi_slimane/autre_matériel_professionel/moteur_chambre_a_froid__56685942.htm
avito.ma,bilal ben amre,Cheval,,,7000,,https://www.avito.ma/fr/hay_al_kamal/autre_matériel_professionel/حي_الكمال__56623455.htm
avito.ma,Amir elkohen,Cheval,,,45000,,https://www.avito.ma/fr/ville_verte/décoration/___Sculpture_cheval_noir____Taille_réelle_56553225.htm
avito.ma,khalid anm,Cheval,,,4300,,https://www.avito.ma/fr/aïn_chock/arts_et_collections/2_Tableau_signé_56551758.htm
avito.ma,hicham,Cheval,,,13000,,https://www.avito.ma/fr/hay_ennasr/animaux_de_ferme/Cheval_pur_sang_arabe_56470047.htm
avito.ma,Nabil,Cheval,,,6000,,https://www.avito.ma/fr/bourgogne/arts_et_collections/Art_équin__56492835.htm
avito.ma,Mostafa azddan,Cheval,,,15000,,https://www.avito.ma/fr/dakhla/animaux_domestique/Cheval_de_tbourida_56440663.htm
avito.ma,HASSAN,Cheval,,,4000,,https://www.avito.ma/fr/tamraght/tapis/PANNEAU_MURAL_TAPISSERIE_FRANCAISE_JP_GOBELIN_56419589.htm
avito.ma,Mimoun,Cheval,,,15000,,https://www.avito.ma/fr/hay_fath/animaux_de_ferme/CHEVAL_DE_COURSE_ARABE_BARBE__56418415.htm
avito.ma,Carlos,Cheval,,,15000,,https://www.avito.ma/fr/souani/pièces_et_accessoires_pour_véhicules/Moteur_hors_bord_Yamaha_20HP_56373881.htm
avito.ma,El Mustapha Ouchikh,Cheval,,,1700,,https://www.avito.ma/fr/targa/décoration/Tableau_brodé_vintage_Cheval_au_bord_de_la_rivière_56308610.htm
avito.ma,El Mustapha Ouchikh,Cheval,,,1700,,https://www.avito.ma/fr/targa/arts_et_collections/Tableau_brodé_vintage__Scène_champêtre_aux_chevaux_56308506.htm
avito.ma,hoda,Cheval,,,1500,,https://www.avito.ma/fr/oulfa/arts_et_collections/Tableaux_Artistique__56280782.htm
avito.ma,kyknos stude,Cheval,,,60000,,https://www.avito.ma/fr/azemmour/animaux_domestique/CHEVAUX_PUR_SANG_ARABE_ET_PUR_SANG_ANGLAIS__56280366.htm
avito.ma,Amina,Cheval,,,5000,,https://www.avito.ma/fr/souani/arts_et_collections/Tableau_Peinture_Chevalerie_Fantasia_56259904.htm
avito.ma,Puzzle,Cheval,,,1500,,https://www.avito.ma/fr/mimosas/arts_et_collections/Théière_metal_argenté_antiquité_marocain__56240840.htm
avito.ma,Hamza,Cheval,,,50000,,https://www.avito.ma/fr/autre_secteur/véhicules_frigorifiques/Chambre_froide_egatif_neuf_a_vendre_56228690.htm
avito.ma,khalid,Cheval,,,20000,,https://www.avito.ma/fr/route_de_ouarzazate/matériel_agricole/pompe_eau__pour_puits_56212201.htm
avito.ma,Mustapha,Cheval,,,3000,,https://www.avito.ma/fr/centre_ville/equipement_sportif/selle_d_obstacle_Victoria__56180528.htm
avito.ma,M faiza,Cheval,,,1100,,https://www.avito.ma/fr/bourgogne/arts_et_collections/tête_de_cheval__56129210.htm
avito.ma,Amine Hamza,Cheval,,,30000,,https://www.avito.ma/fr/jbel_kbir/animaux_de_ferme/Cheval___prix_négociable_55407041.htm
avito.ma,bojaman,Cheval,,,2800,,https://www.avito.ma/fr/bir_rami_ouest/animaux_de_ferme/selle_cheval_western__55413751.htm
avito.ma,Hamza,Cheval,,,50000,,https://www.avito.ma/fr/autre_secteur/véhicules_frigorifiques/Chambre_froide_egatif_neuf_a_vendre_56228690.htm
avito.ma,khalid,Cheval,,,20000,,https://www.avito.ma/fr/route_de_ouarzazate/matériel_agricole/pompe_eau__pour_puits_56212201.htm
avito.ma,Mustapha,Cheval,,,3000,,https://www.avito.ma/fr/centre_ville/equipement_sportif/selle_d_obstacle_Victoria__56180528.htm
avito.ma,M faiza,Cheval,,,1100,,https://www.avito.ma/fr/bourgogne/arts_et_collections/tête_de_cheval__56129210.htm
animalsouk.ma,Double ponette 140cm gentille et calme,Cheval,,,6000,,
animalsouk.ma,Jument 9 ans arabe barbe pedigree,Cheval,,,14000,,
animalsouk.ma,Jument 7 ans pur sang arabe pedigree,Cheval,,,15000,,
animalsouk.ma,Cheval barb,Cheval,,,40000,,
animalsouk.ma,Poulain 19 mois,Cheval,,,25000,,
animalsouk.ma,Ânes a vendre sur kenitra,Cheval,,,1200,,
animalsouk.ma,A vendre chiots Spitz nain (Loulou de Poméranie),Cheval,,,1000000,,
animalsouk.ma,Jument 4 ans,Cheval,,,33000,,
animalsouk.ma,Superbe Jument Pur-Sang Arabe,Cheval,,,25000,,
animalsouk.ma,Cheval arabe barbe (étalon) de saut d’obstacle à vendre,Cheval,,,110000,,
animalsouk.ma,Pur sang arabe,Cheval,,,12000,,
animalsouk.ma,Double poney,Cheval,,,9000,,
animalsouk.ma,Jument pur sang arabe,Cheval,,,60000,,
animalsouk.ma,Hongre frison de sept ans,Cheval,,,17000,,
animalsouk.ma,بيع الخيل,Cheval,,,20000,,
animalsouk.ma,Jument arabe barbre,Cheval,,,45000,,
animalsouk.ma,Kénitra,Cheval,,,3000,,
animalsouk.ma,Selle pour cheval,Cheval,,,2300,,
animalsouk.ma,cheval selle français,Cheval,,,180000,,
animalsouk.ma,Jument + poulain à vendre,Cheval,,,4000,,
animalsouk.ma,cheval frison pour débutants et novices,Cheval,,,15000,,
animalsouk.ma,Molina green cheek,Cheval,,,100000,,
animalsouk.ma,Pur sang arabe,Cheval,,,45000,,
animalsouk.ma,Étalon barbe- arabe,Cheval,,,7000,,
animalsouk.ma,Arabe barbe التبوريدة,Cheval,,,55000,,
animalsouk.ma,Pur sang arabe,Cheval,,,78000,,
animalsouk.ma,cheval de promonade,Cheval,,,3650,,
animalsouk.ma,Cheval frison noir guapo pour votre famille,Cheval,,,15000,,
animalsouk.ma,jeune cheval de la famille frisonne de sept ans,Cheval,,,30000,,
animalsouk.ma,Un âne à vendre,Cheval,,,1587,,
animalsouk.ma,Selle cheval,Cheval,,,2800,,
animalsouk.ma,Jument Arabe Barbe,Cheval,,,15000,,
animalsouk.ma,jument,Cheval,,,15000,,
animalsouk.ma,Arabe barbe عود عربي بربري للبيع,Cheval,,,40000,,
animalsouk.ma,Cheval Arabe barbe عودة للبيع,Cheval,,,15000,,
animalsouk.ma,Cheval Arabe barbe,Cheval,,,22000,,
animalsouk.ma,عربي أصيل pur-sang arabe,Cheval,,,50000,,
animalsouk.ma,Arabe barbe,Cheval,,,50000,,
animalsouk.ma,Cheval à vendre,Cheval,,,15000,,
animalsouk.ma,Selle,Cheval,,,2600,,
animalsouk.ma,Cheval,Cheval,,,37000,,
animalsouk.ma,Cheval,Cheval,,,15000,,
animo.ma,Étalon pour sang arabe,Cheval,,,80000,,
animo.ma,cheval frison pour débutants et novices,Cheval,,,17000,,
animo.ma,cheval frison noir guapo pour votre famille,Cheval,,,15000,,
animo.ma,CHEVAL ARABE BARBE DRESSE TBOURIDA,Cheval,,,40000,,
animo.ma,"Mis en ventre d’un cheval CSM , parfait pour saut d’obstacle",Cheval,,,55000,,
animo.ma,سوروج,Cheval,,,1750,,
animo.ma,Un cheval à vendre pour raison d’études,Cheval,,,30000,,
animo.ma,Arabo- frison 4ans,Cheval,,,50000,,
animo.ma,للبيع 7 سنوات بدون أوراق,Cheval,,,50000,,
animo.ma,vente chevaux pur sang arabe,Cheval,,,15000,,
elevageaumaroc.com,cheval de balade,Cheval,,,365000,,
elevageaumaroc.com,jeune cheval de la famille frisonne de sept ans,Cheval,,,3000000,,
elevageaumaroc.com,MAGNIFIQUE DOUBLE PONEY,Cheval,,,1700000,,
elevageaumaroc.com,magnifique cheval de loisir a vendre,Cheval,,,2500000,,
elevageaumaroc.com,vente magnifique ENTIER,Cheval,,,2500000,,
elevageaumaroc.com,Tricolore du lotti,Cheval,,,15000000,,
elevageaumaroc.com,Vente de poney,Cheval,,,1300000,,
elevageaumaroc.com,Poney,Cheval,,,350000,,
elevageaumaroc.com,عاود المليح,Cheval,,,2000000,,
elevageaumaroc.com,عودة,Cheval,,,600000,,
elevageaumaroc.com,POULICHE 1 AN ET 2 ANS,Cheval,,,700000,,
elevageaumaroc.com,Poney,Cheval,,,1500000,,
elevageaumaroc.com,عود دهم ابي,Cheval,,,4000000,,
elevageaumaroc.com,Poney femelle,Cheval,,,2000000,,
ehorses.com,"American Quarter Horse, Mare, 18 years, 14,2 hh, Palomino",American Quarter Horse,Mare,18 years,48150,"Lahn, DE",https://www.ehorses.com/american-quarter-horse-mare-18years-142-hh-palomino-breedinghorses-reininghorses-westernhorses-lahn/4525375.html
ehorses.com,"American Quarter Horse, Gelding, 6 years, 15,2 hh, Perlino",American Quarter Horse,Gelding,6 years,35350,"Santa Fe TN, US",https://www.ehorses.com/american-quarter-horse-gelding-6years-152-hh-perlino-trailhorses-ranch-riding-horses-santa-fe-tn/4333930.html
ehorses.com,"Cruzado Mix, Gelding, 3 years, 16 hh, Grey-Blue-Tan",Cruzado Mix,Gelding,3 years,57779,"Nettetal, DE",https://www.ehorses.com/cruzado-gelding-3years-16-hh-grey-blue-tan-working-equitation-horses-baroquehorses-leisurehorses-dressagehorses-nettetal/4748754.html
ehorses.com,"Oldenburg, Gelding, 9 years, 16,2 hh, Black",Oldenburg,Gelding,9 years,160500,"Dresden Zaschendorf, DE",https://www.ehorses.com/oldenburg-gelding-9years-162-hh-black-dressagehorses-showjumpers-leisurehorses-dresden-zaschendorf/4698018.html
ehorses.com,"Leonhard, Stallion, 2 years, 14 hh, Brown",Leonhard,Stallion,2 years,51360,"Grabenstätt, DE",https://www.ehorses.com/leonhard-stallion-2years-14-hh-brown-leisurehorses-working-equitation-horses-grabenstaett/4670350.html
ehorses.com,"PRE, Stallion, 4 years, 15,2 hh, Brown",PRE,Stallion,4 years,96300,"Santa Marta, ES",https://www.ehorses.com/pre-stallion-4years-152-hh-brown-baroquehorses-leisurehorses-dressagehorses-santa-marta/4714043.html
ehorses.com,"Holstein, Gelding, 16 years, 16,1 hh, Brown",Holstein,Gelding,16 years,155150,"Glandorf, DE",https://www.ehorses.com/holstein-gelding-16years-161-hh-brown-showjumpers-eventinghorses-leisurehorses-glandorf/4598996.html
ehorses.com,"Hungarian Sport Horse, Gelding, 8 years, 16,1 hh, Grey",Hungarian Sport Horse,Gelding,8 years,133750,"Budapest, HU",https://www.ehorses.com/hungarian-sport-horse-gelding-8years-161-hh-grey-showjumpers-leisurehorses-dressagehorses-budapest/4742802.html
ehorses.com,"Hungarian Sport Horse, Gelding, 7 years, 16,1 hh, Chestnut",Hungarian Sport Horse,Gelding,7 years,105395,"Budapest, HU",https://www.ehorses.com/hungarian-sport-horse-gelding-7years-161-hh-chestnut-dressagehorses-showjumpers-leisurehorses-budapest/4738743.html
ehorses.com,"Latvian Warmblood, Mare, 6 years, 16 hh, Bay-Dark",Latvian Warmblood,Mare,6 years,160500,"Helsinki, FI",https://www.ehorses.com/latvian-warmblood-mare-6years-16-hh-bay-dark-showjumpers-dressagehorses-helsinki/4749774.html
ehorses.com,"Hanoverian, Gelding, 4 years, 16 hh, Chestnut-Red",Hanoverian,Gelding,4 years,588500,"Coin, ES",https://www.ehorses.com/hanoverian-gelding-4years-16-hh-chestnut-red-dressagehorses-working-equitation-horses-coin/4735214.html
ehorses.com,"German Sport Horse, Gelding, 8 years, 16,1 hh, Bay-Dark",German Sport Horse,Gelding,8 years,155150,"Grevenbroich, DE",https://www.ehorses.com/german-sport-horse-gelding-8years-161-hh-bay-dark-showjumpers-leisurehorses-dressagehorses-grevenbroich/4749777.html
ehorses.com,"Wuerttemberg, Stallion, 2 years, 15,2 hh, Chestnut-Red",Wuerttemberg,Stallion,2 years,80250,"Bramsche, DE",https://www.ehorses.com/wuerttemberg-stallion-2years-152-hh-chestnut-red-showhunter-showjumpers-bramsche/4731526.html
ehorses.com,"Icelandic Horse, Mare, 12 years, 13,2 hh, Brown",Icelandic Horse,Mare,12 years,192600,"Teisendorf, DE",https://www.ehorses.com/icelandic-horse-mare-12years-132-hh-brown-gaitedhorses-breedinghorses-leisurehorses-teisendorf/4740705.html
ehorses.com,"Oldenburg, Gelding, 7 years, Chestnut-Red",Oldenburg,Gelding,7 years,187250,"WilnsdorfWilnsdorf, DE",https://www.ehorses.com/oldenburg-gelding-7years-chestnut-red-dressagehorses-wilnsdorfwilnsdorf/4532452.html
ehorses.com,"Belgian Warmblood, Mare, 11 years, 17 hh, Brown",Belgian Warmblood,Mare,11 years,187250,"Wilnsdorf, DE",https://www.ehorses.com/belgian-warmblood-mare-11years-17-hh-brown-dressagehorses-leisurehorses-wilnsdorf/4697752.html
ehorses.com,"Welsh B, Mare, 13 years, 11,2 hh, Brown-Light",Welsh B,Mare,13 years,26750,"Nieuw-Vennep, NL",https://www.ehorses.com/welsh-b-mare-13years-112-hh-brown-light-leisurehorses-carriagehorses-nieuw-vennep/4744675.html
ehorses.com,"Hanoverian, Gelding, 7 years, 16,2 hh, Chestnut-Red",Hanoverian,Gelding,7 years,101650,"Yvelines, FR",https://www.ehorses.com/hanoverian-gelding-7years-162-hh-chestnut-red-dressagehorses-yvelines/4749732.html
ehorses.com,"German Riding Pony, Gelding, 2 years, 14,1 hh, Dun",German Riding Pony,Gelding,2 years,80250,"Wegeleben, DE",https://www.ehorses.com/german-riding-pony-gelding-2years-141-hh-dun-dressagehorses-showjumpers-leisurehorses-carriagehorses-wegeleben/4749656.html
ehorses.com,"Oldenburg-International (OS), Mare, 1 year, 13,1 hh, Bay-Dark",Oldenburg-International (OS),Mare,1 year,48150,"Löningen, DE",https://www.ehorses.com/oldenburg-international-os-mare-1year-131-hh-bay-dark-showjumpers-breedinghorses-loeningen/4579160.html
ehorses.com,"Oldenburg-International (OS), Mare, 16 years, 16,2 hh, Chestnut",Oldenburg-International (OS),Mare,16 years,138030,"Löningen, DE",https://www.ehorses.com/oldenburg-international-os-mare-16years-162-hh-chestnut-breedinghorses-showjumpers-loeningen/4580122.html
ehorses.com,"Arabian horses, Mare, 1 year, 15 hh, Chestnut-Red",Arabian horses,Mare,1 year,133750,"Gemünden (Felda), DE",https://www.ehorses.com/arabian-horses-mare-1year-15-hh-chestnut-red-leisurehorses-endurancehorses-breedinghorses-dressagehorses-gemuenden-felda/4749664.html
ehorses.com,"PRE Mix, Mare, 4 years, 15,2 hh, Grey-Blue-Tan",PRE Mix,Mare,4 years,80250,"Aachen, DE",https://www.ehorses.com/pre-mare-4years-152-hh-grey-blue-tan-leisurehorses-aachen/4729484.html
ehorses.com,"Lusitano, Mare, 7 years, 15,2 hh, Brown",Lusitano,Mare,7 years,123049,"Martfeld, DE",https://www.ehorses.com/lusitano-mare-7years-152-hh-brown-dressagehorses-working-equitation-horses-baroquehorses-leisurehorses-martfeld/4704212.html
ehorses.com,"Hungarian Sport Horse, Gelding, 8 years, 16.1 hh, Grey",Hungarian Sport Horse,Gelding,8 years,133750,"Budapest, HU",https://www.ehorses.com/hungarian-sport-horse-gelding-8years-16-1-hh-grey-showjumpers-leisurehorses-dressagehorses-budapest/4742802.html
ehorses.com,"Hungarian Sport Horse, Gelding, 7 years, 16.1 hh, Chestnut",Hungarian Sport Horse,Gelding,7 years,105395,"Budapest, HU",https://www.ehorses.com/hungarian-sport-horse-gelding-7years-16-1-hh-chestnut-dressagehorses-showjumpers-leisurehorses-budapest/4738743.html
ehorses.com,"Latvian Warmblood, Mare, 6 years, 16 hh, Bay-Dark",Latvian Warmblood,Mare,6 years,160500,"Helsinki, FI",https://www.ehorses.com/latvian-warmblood-mare-6years-16-hh-bay-dark-showjumpers-dressagehorses-helsinki/4749774.html
ehorses.com,"Hanoverian, Gelding, 4 years, 16 hh, Chestnut-Red",Hanoverian,Gelding,4 years,588500,"Coin, ES",https://www.ehorses.com/hanoverian-gelding-4years-16-hh-chestnut-red-dressagehorses-working-equitation-horses-coin/4735214.html
ehorses.com,"German Sport Horse, Gelding, 8 years, 16.1 hh, Bay-Dark",German Sport Horse,Gelding,8 years,155150,"Grevenbroich, DE",https://www.ehorses.com/german-sport-horse-gelding-8years-16-1-hh-bay-dark-showjumpers-leisurehorses-dressagehorses-grevenbroich/4749777.html
ehorses.com,"Wuerttemberg, Stallion, 2 years, 15.2 hh, Chestnut-Red",Wuerttemberg,Stallion,2 years,80250,"Bramsche, DE",https://www.ehorses.com/wuerttemberg-stallion-2years-15-2-hh-chestnut-red-showhunter-showjumpers-bramsche/4731526.html
ehorses.com,"Icelandic Horse, Mare, 12 years, 13.2 hh, Brown",Icelandic Horse,Mare,12 years,192600,"Teisendorf, DE",https://www.ehorses.com/icelandic-horse-mare-12years-13-2-hh-brown-gaitedhorses-breedinghorses-leisurehorses-teisendorf/4740705.html
ehorses.com,"Oldenburg, Gelding, 7 years, Chestnut-Red",Oldenburg,Gelding,7 years,187250,"WilnsdorfWilnsdorf, DE",https://www.ehorses.com/oldenburg-gelding-7years-chestnut-red-dressagehorses-wilnsdorfwilnsdorf/4532452.html
ehorses.com,"Belgian Warmblood, Mare, 11 years, 17 hh, Brown",Belgian Warmblood,Mare,11 years,187250,"Wilnsdorf, DE",https://www.ehorses.com/belgian-warmblood-mare-11years-17-hh-brown-dressagehorses-leisurehorses-wilnsdorf/4697752.html
ehorses.com,"PRE Mix, Stallion, 6 years, 15.2 hh, Grey-Dapple",PRE Mix,Stallion,6 years,187250,"Martfeld, DE",https://www.ehorses.com/pre-stallion-6years-15-2-hh-grey-dapple-baroquehorses-showhorses-leisurehorses-dressagehorses-martfeld/4705450.html
ehorses.com,"Andalusian, Gelding, 7 years, 15.2 hh, Palomino",Andalusian,Gelding,7 years,106893,"Valencia, ES",https://www.ehorses.com/andalusian-gelding-7years-15-2-hh-palomino-dressagehorses-valencia/4431691.html
ehorses.com,"PRE, Stallion, 2 years, 15.2 hh",PRE,Stallion,2 years,58849,"Los Rosales, ES",https://www.ehorses.com/pre-stallion-2years-15-2-hh-gaitedhorses-los-rosales/4719006.html
ehorses.com,"German Riding Pony, Gelding, 11 years, 14.2 hh, Chestnut-Red",German Riding Pony,Gelding,11 years,321000,"Schmalfeld, DE",https://www.ehorses.com/german-riding-pony-gelding-11years-14-2-hh-chestnut-red-dressagehorses-showjumpers-schmalfeld/4676738.html
ehorses.com,"Hanoverian, Mare, 2 years",Hanoverian,Mare,2 years,40125,"Den Ham, NL",https://www.ehorses.com/hanoverian-mare-2years-showjumpers-eventinghorses-den-ham/4747849.html
ehorses.com,"Austrian Warmblood, Mare, 7 years, 16 hh, Brown",Austrian Warmblood,Mare,7 years,299600,"Pernegg, AT",https://www.ehorses.com/austrian-warmblood-mare-7years-16-hh-brown-dressagehorses-pernegg/4745348.html
ehorses.com,"Hanoverian, Mare, 5 years, 15.2 hh, Smoky-Black",Hanoverian,Mare,5 years,192600,"Vechelde, DE",https://www.ehorses.com/hanoverian-mare-5years-15-2-hh-smoky-black-dressagehorses-vechelde/4728584.html
ehorses.com,"Andalusian, Mare, 5 years, 15.1 hh, Bay-Dark",Andalusian,Mare,5 years,80250,"Wellheim, DE",https://www.ehorses.com/andalusian-mare-5years-15-1-hh-bay-dark-leisurehorses-wellheim/4749622.html
ehorses.com,"German Sport Horse, Mare, 4 years, 17 hh, Bay-Dark",German Sport Horse,Mare,4 years,159965,"Bad Dürkheim, DE",https://www.ehorses.com/german-sport-horse-mare-4years-17-hh-bay-dark-dressagehorses-breedinghorses-eventinghorses-showjumpers-bad-duerkheim/4741184.html
ehorses.com,"German Sport Horse, Mare, 2 years, Chestnut-Red",German Sport Horse,Mare,2 years,93625,"Bad Dürkheim, DE",https://www.ehorses.com/german-sport-horse-mare-2years-chestnut-red-dressagehorses-breedinghorses-eventinghorses-showjumpers-bad-duerkheim/4741150.html
ehorses.com,"German Sport Horse, Mare, 2 years, Brown",German Sport Horse,Mare,2 years,95123,"Bad Dürkheim, DE",https://www.ehorses.com/german-sport-horse-mare-2years-brown-showjumpers-breedinghorses-leisurehorses-dressagehorses-bad-duerkheim/4655800.html
ehorses.com,"Hungarian Sport Horse, Gelding, 8 years, 16.1 hh, Grey",Hungarian Sport Horse,Gelding,8 years,133750,"Budapest, HU",https://www.ehorses.com/hungarian-sport-horse-gelding-8years-16-1-hh-grey-showjumpers-leisurehorses-dressagehorses-budapest/4742802.html
ehorses.com,"Hungarian Sport Horse, Gelding, 7 years, 16.1 hh, Chestnut",Hungarian Sport Horse,Gelding,7 years,105395,"Budapest, HU",https://www.ehorses.com/hungarian-sport-horse-gelding-7years-16-1-hh-chestnut-dressagehorses-showjumpers-leisurehorses-budapest/4738743.html
ehorses.com,"Latvian Warmblood, Mare, 6 years, 16 hh, Bay-Dark",Latvian Warmblood,Mare,6 years,160500,"Helsinki, FI",https://www.ehorses.com/latvian-warmblood-mare-6years-16-hh-bay-dark-showjumpers-dressagehorses-helsinki/4749774.html
ehorses.com,"Hanoverian, Gelding, 4 years, 16 hh, Chestnut-Red",Hanoverian,Gelding,4 years,588500,"Coin, ES",https://www.ehorses.com/hanoverian-gelding-4years-16-hh-chestnut-red-dressagehorses-working-equitation-horses-coin/4735214.html
ehorses.com,"German Sport Horse, Gelding, 8 years, 16.1 hh, Bay-Dark",German Sport Horse,Gelding,8 years,155150,"Grevenbroich, DE",https://www.ehorses.com/german-sport-horse-gelding-8years-16-1-hh-bay-dark-showjumpers-leisurehorses-dressagehorses-grevenbroich/4749777.html
ehorses.com,"Wuerttemberg, Stallion, 2 years, 15.2 hh, Chestnut-Red",Wuerttemberg,Stallion,2 years,80250,"Bramsche, DE",https://www.ehorses.com/wuerttemberg-stallion-2years-15-2-hh-chestnut-red-showhunter-showjumpers-bramsche/4731526.html
ehorses.com,"Icelandic Horse, Mare, 12 years, 13.2 hh, Brown",Icelandic Horse,Mare,12 years,192600,"Teisendorf, DE",https://www.ehorses.com/icelandic-horse-mare-12years-13-2-hh-brown-gaitedhorses-breedinghorses-leisurehorses-teisendorf/4740705.html
ehorses.com,"Oldenburg, Gelding, 7 years, Chestnut-Red",Oldenburg,Gelding,7 years,187250,"WilnsdorfWilnsdorf, DE",https://www.ehorses.com/oldenburg-gelding-7years-chestnut-red-dressagehorses-wilnsdorfwilnsdorf/4532452.html
ehorses.com,"Belgian Warmblood, Mare, 11 years, 17 hh, Brown",Belgian Warmblood,Mare,11 years,187250,"Wilnsdorf, DE",https://www.ehorses.com/belgian-warmblood-mare-11years-17-hh-brown-dressagehorses-leisurehorses-wilnsdorf/4697752.html
ehorses.com,"Andalusian, Mare, 6 years, 15.2 hh, Brown",Andalusian,Mare,6 years,80250,"Wellheim, DE",https://www.ehorses.com/andalusian-mare-6years-15-2-hh-brown-leisurehorses-showjumpers-dressagehorses-wellheim/4749601.html
ehorses.com,"Hanoverian, Gelding, 4 years, 15.2 hh, Chestnut",Hanoverian,Gelding,4 years,160500,"Hilkenbrook, DE",https://www.ehorses.com/hanoverian-gelding-4years-15-2-hh-chestnut-dressagehorses-showjumpers-leisurehorses-hilkenbrook/4693399.html
ehorses.com,"Hanoverian, Mare, 6 years, 16 hh, Brown",Hanoverian,Mare,6 years,160500,"Esterwegen, DE",https://www.ehorses.com/hanoverian-mare-6years-16-hh-brown-dressagehorses-showjumpers-esterwegen/4707586.html
ehorses.com,"Haflinger, Mare, 4 years, 14.1 hh",Haflinger,Mare,4 years,94160,"Hainsfarth, DE",https://www.ehorses.com/haflinger-mare-4years-14-1-hh-dressagehorses-showhorses-showjumpers-carriagehorses-hainsfarth/4749574.html
ehorses.com,"Knabstrup, Mare, 13 years, 14.3 hh, Leopard-Piebald",Knabstrup,Mare,13 years,133750,"Mohrkirch, DE",https://www.ehorses.com/knabstrup-mare-13years-14-3-hh-leopard-piebald-breedinghorses-leisurehorses-carriagehorses-mohrkirch/4700117.html
ehorses.com,"Knabstrup, Stallion, 4 years, 15 hh, Leopard-Piebald",Knabstrup,Stallion,4 years,80250,"Mohrkirch, DE",https://www.ehorses.com/knabstrup-stallion-4years-15-hh-leopard-piebald-breedinghorses-leisurehorses-carriagehorses-mohrkirch/4699854.html
ehorses.com,"Knabstrup, Stallion, 4 years, 15 hh, White",Knabstrup,Stallion,4 years,85600,"Mohrkirch, DE",https://www.ehorses.com/knabstrup-stallion-4years-15-hh-white-breedinghorses-showhorses-baroquehorses-leisurehorses-mohrkirch/4699841.html
ehorses.com,"Knabstrup, Mare, 3 years, 15 hh, Leopard-Piebald",Knabstrup,Mare,3 years,80250,"Mohrkirch, DE",https://www.ehorses.com/knabstrup-mare-3years-15-hh-leopard-piebald-leisurehorses-baroquehorses-sire-mohrkirch/4699249.html
ehorses.com,"Holstein, Gelding, 11 years, 16.2 hh, Brown",Holstein,Gelding,11 years,909499,"Bissendorf, DE",https://www.ehorses.com/holstein-gelding-11years-16-2-hh-brown-showjumpers-bissendorf/4723193.html
ehorses.com,"Oldenburg-International (OS), Mare, 7 years, 15.2 hh, Chestnut-Red",Oldenburg-International (OS),Mare,7 years,321000,"Bissendorf, DE",https://www.ehorses.com/oldenburg-international-os-mare-7years-15-2-hh-chestnut-red-showjumpers-bissendorf/4713272.html
ehorses.com,"PRE Mix, Gelding, 3 years, 15.2 hh, Grey",PRE Mix,Gelding,3 years,133750,"Stipsdorf, DE",https://www.ehorses.com/pre-gelding-3years-15-2-hh-grey-leisurehorses-working-equitation-horses-baroquehorses-dressagehorses-stipsdorf/4749579.html
ehorses.com,"PRE, Mare, Foal (01/2026), Black",PRE,Mare,Foal (01/2026),80250,"Jemeppe sur sambre, BE",https://www.ehorses.com/pre-mare-foals-black-dressagehorses-breedinghorses-jemeppe-sur-sambre/4749589.html
ehorses.com,"Kladruby, Mare, 13 years, 16 hh, White",Kladruby,Mare,13 years,588500,"Dubai, AE",https://www.ehorses.com/kladruby-mare-13years-16-hh-white-dressagehorses-dubai/4747807.html
ehorses.com,"Friesian horses, Stallion, 5 years, 15.3 hh, Black",Friesian horses,Stallion,5 years,588500,"Dubai, AE",https://www.ehorses.com/friesian-horses-stallion-5years-15-3-hh-black-dressagehorses-dubai/4747787.html
ehorses.com,"KWPN, Mare, 5 years, 15.2 hh, Bay-Dark",KWPN,Mare,5 years,588500,"Dubai, AE",https://www.ehorses.com/kwpn-mare-5years-15-2-hh-bay-dark-dressagehorses-showjumpers-leisurehorses-dubai/4747820.html
ehorses.com,"Belgian Sport Horse, Gelding, 5 years, 16.2 hh, Chestnut",Belgian Sport Horse,Gelding,5 years,321000,"Dubai, AE",https://www.ehorses.com/belgian-sport-horse-gelding-5years-16-2-hh-chestnut-dressagehorses-dubai/4747979.html
ehorses.com,"Friesian horses, Mare, 9 years, 16 hh, Black",Friesian horses,Mare,9 years,588500,"Dubai, AE",https://www.ehorses.com/friesian-horses-mare-9years-16-hh-black-dressagehorses-dubai/4748042.html
ehorses.com,"Friesian horses, Stallion, 4 years, 16 hh, Black",Friesian horses,Stallion,4 years,321000,"Dubai, US",https://www.ehorses.com/friesian-horses-stallion-4years-16-hh-black-dressagehorses-dubai/4748006.html
ehorses.com,"Friesian horses, Stallion, 4 years, 16 hh, Black",Friesian horses,Stallion,4 years,588500,"Dubai, US",https://www.ehorses.com/friesian-horses-stallion-4years-16-hh-black-dressagehorses-dubai/4747996.html
ehorses.com,"Other Warmbloods, Mare, 5 years, 16.1 hh, Brown",Other Warmbloods,Mare,5 years,80250,"Wellheim, DE",https://www.ehorses.com/other-warmbloods-mare-5years-16-1-hh-brown-leisurehorses-showjumpers-dressagehorses-wellheim/4749569.html
ehorses.com,"Other Breeds Mix, Stallion, 8 years, 15,1 hh, Overo-all-colors",Other Breeds Mix,Stallion,8 years,133750,"Gijon, ES",https://www.ehorses.com/other-breeds-stallion-8years-151-hh-overo-all-colors-dressagehorses-leisurehorses-gijon/4031048.html
ehorses.com,"Straight Egyptian, Mare, 11 years, 15,1 hh, Brown",Straight Egyptian,Mare,11 years,105930,"BlankenhainNiedersynderstedt, DE",https://www.ehorses.com/straight-egyptian-mare-11years-151-hh-brown-breedinghorses-leisurehorses-sire-blankenhainniedersynderstedt/4723386.html
ehorses.com,"Oldenburg-International (OS), Mare, 6 years, 17,2 hh, Bay",Oldenburg-International (OS),Mare,6 years,187250,"Zduchovice, CZ",https://www.ehorses.com/oldenburg-international-os-mare-6years-172-hh-bay-showjumpers-dressagehorses-zduchovice/4355683.html
ehorses.com,"Lusitano, Stallion, 2 years, 15,2 hh, Buckskin",Lusitano,Stallion,2 years,155150,"Herborn, DE",https://www.ehorses.com/lusitano-stallion-2years-152-hh-buckskin-showhorses-working-equitation-horses-breedinghorses-dressagehorses-herborn/4684749.html
ehorses.com,"KWPN, Mare, 15 years, 16 hh, Black",KWPN,Mare,15 years,192600,"Ense, DE",https://www.ehorses.com/kwpn-mare-15years-16-hh-black-dressagehorses-ense/4711618.html
ehorses.com,"Azteca, Mare, 1 year, 15,3 hh, Buckskin",Azteca,Mare,1 year,84530,"Rödinghausen, DE",https://www.ehorses.com/azteca-mare-1year-153-hh-buckskin-working-equitation-horses-doma-vaquera-ranch-riding-horses-baroquehorses-roedinghausen/4720181.html
ehorses.com,"PRE, Stallion, 1 year, 16 hh, Grey",PRE,Stallion,1 year,80250,"Rerik OT Russow, DE",https://www.ehorses.com/pre-stallion-1year-16-hh-grey-working-equitation-horses-baroquehorses-westernhorses-dressagehorses-rerik-ot-russow/4608976.html
ehorses.com,"German Riding Pony, Gelding, 4 years, 14,1 hh",German Riding Pony,Gelding,4 years,107000,"Hainsfarth, DE",https://www.ehorses.com/german-riding-pony-gelding-4years-141-hh-dressagehorses-showjumpers-hainsfarth/4749552.html
ehorses.com,"PRE, Mare, 6 years, 15,2 hh, Black",PRE,Mare,6 years,95230,"Traventhal, DE",https://www.ehorses.com/pre-mare-6years-152-hh-black-baroquehorses-showhorses-leisurehorses-dressagehorses-traventhal/4671320.html
ehorses.com,"PRE Mix, Gelding, 5 years, 16,2 hh, Dun",PRE Mix,Gelding,5 years,187250,"Traventhal, DE",https://www.ehorses.com/pre-gelding-5years-162-hh-dun-leisurehorses-working-equitation-horses-baroquehorses-dressagehorses-traventhal/4721652.html
ehorses.com,"German Riding Pony, Stallion, 4 years, Bay-Dark",German Riding Pony,Stallion,4 years,133750,"Hamm, DE",https://www.ehorses.com/german-riding-pony-stallion-4years-bay-dark-dressagehorses-eventinghorses-showjumpers-leisurehorses-hamm/4749554.html
ehorses.com,"PRE Mix, Gelding, 4 years, 15,1 hh, Dun",PRE Mix,Gelding,4 years,187250,"Traventhal, DE",https://www.ehorses.com/pre-gelding-4years-151-hh-dun-leisurehorses-working-equitation-horses-baroquehorses-dressagehorses-traventhal/4730270.html
ehorses.com,"PRE Mix, Gelding, 4 years, 16 hh, Black",PRE Mix,Gelding,4 years,187250,"Traventhal, DE",https://www.ehorses.com/pre-gelding-4years-16-hh-black-leisurehorses-working-equitation-horses-baroquehorses-dressagehorses-traventhal/4721662.html
ehorses.com,"PRE, Stallion, 5 years, 16,1 hh, Dun",PRE,Stallion,5 years,321000,"Traventhal, DE",https://www.ehorses.com/pre-stallion-5years-161-hh-dun-leisurehorses-baroquehorses-sire-dressagehorses-traventhal/4721642.html
ehorses.com,"PRE, Gelding, 5 years, 15,2 hh, Grey",PRE,Gelding,5 years,133750,"Traventhal, DE",https://www.ehorses.com/pre-gelding-5years-152-hh-grey-leisurehorses-working-equitation-horses-baroquehorses-dressagehorses-traventhal/4745091.html
ehorses.com,"PRE Mix, Gelding, 13 years, 15,2 hh, Grey",PRE Mix,Gelding,13 years,133750,"Stipsdorf, DE",https://www.ehorses.com/pre-gelding-13years-152-hh-grey-baroquehorses-working-equitation-horses-showhorses-leisurehorses-stipsdorf/4749541.html
ehorses.com,"KWPN, Mare, 5 years, 16,2 hh, Brown",KWPN,Mare,5 years,203300,"Gard, FR",https://www.ehorses.com/kwpn-mare-5years-162-hh-brown-dressagehorses-gard/4749529.html
ehorses.com,"Oldenburg, Mare, 5 years, 16,2 hh, Brown",Oldenburg,Mare,5 years,187250,"Radeberg, DE",https://www.ehorses.com/oldenburg-mare-5years-162-hh-brown-dressagehorses-showjumpers-radeberg/4599977.html
ehorses.com,"KWPN, Gelding, 9 years, 17,3 hh, Brown",KWPN,Gelding,9 years,80250,"Meckenheim, DE",https://www.ehorses.com/kwpn-gelding-9years-173-hh-brown-dressagehorses-meckenheim/4717119.html
ehorses.com,"German Sport Horse, Gelding, 7 years, 16,1 hh, Black",German Sport Horse,Gelding,7 years,272850,"Budapest, HU",https://www.ehorses.com/german-sport-horse-gelding-7years-161-hh-black-dressagehorses-leisurehorses-budapest/4739351.html
ehorses.com,"German Sport Horse, Gelding, 5 years, 16,1 hh, Brown",German Sport Horse,Gelding,5 years,267500,"Budapest, HU",https://www.ehorses.com/german-sport-horse-gelding-5years-161-hh-brown-showhunter-showjumpers-budapest/4739328.html
ehorses.com,"Lipizzaner, Gelding, 11 years, 15,2 hh, Roan-Blue",Lipizzaner,Gelding,11 years,56709,"Móricgát, HU",https://www.ehorses.com/lipizzaner-gelding-11years-152-hh-roan-blue-leisurehorses-baroquehorses-carriagehorses-dressagehorses-moricgat/4713615.html
ehorses.com,"Hanoverian, Gelding, 14 years, 16,2 hh, Black",Hanoverian,Gelding,14 years,64199,"PERATALLADA, ES",https://www.ehorses.com/hanoverian-gelding-14years-162-hh-black-leisurehorses-english-pleasure-showjumpers-peratallada/4646083.html
ehorses.com,"American Paint Horse, Mare, 1 year, Pinto",American Paint Horse,Mare,1 year,48150,"Boccaleone, IT",https://www.ehorses.com/american-paint-horse-mare-1year-pinto-breedinghorses-boccaleone/4749517.html
ehorses.com,"KWPN, Mare, 4 years, 16,1 hh, Black",KWPN,Mare,4 years,240749,"Groot-Ammers, NL",https://www.ehorses.com/kwpn-mare-4years-161-hh-black-dressagehorses-groot-ammers/4726957.html
ehorses.com,"Lusitano, Stallion, 2 years, 15,1 hh, Dun",Lusitano,Stallion,2 years,80250,"Las Piñas, ES",https://www.ehorses.com/lusitano-stallion-2years-151-hh-dun-dressagehorses-working-equitation-horses-las-pinas/4576811.html
ehorses.com,"American Quarter Horse, Gelding, 6 years, 15 hh, Roan-Bay",American Quarter Horse,Gelding,6 years,35350,"Mountain Grove MO, US",https://www.ehorses.com/american-quarter-horse-gelding-6years-15-hh-roan-bay-trailhorses-ranch-riding-horses-mountain-grove-mo/4247963.html
ehorses.com,"Danish Warmblood, Gelding, 11 years, 16,2 hh, Brown",Danish Warmblood,Gelding,11 years,187250,"Süderlügum, DE",https://www.ehorses.com/danish-warmblood-gelding-11years-162-hh-brown-dressagehorses-suederluegum/4707447.html
ehorses.com,"Haflinger, Gelding, 11 years, 13 hh, Chestnut",Haflinger,Gelding,11 years,35350,"Canyon TX, US",https://www.ehorses.com/haflinger-gelding-11years-13-hh-chestnut-trailhorses-ranch-riding-horses-canyon-tx/4592696.html
ehorses.com,"Westphalian, Gelding, 5 years, 16 hh, Sorrel",Westphalian,Gelding,5 years,155150,"Gummersbach, DE",https://www.ehorses.com/westphalian-gelding-5years-16-hh-sorrel-showjumpers-eventinghorses-leisurehorses-dressagehorses-gummersbach/4662797.html
ehorses.com,"German Riding Pony, Mare, 3 years, 14,1 hh, Chestnut-Red",German Riding Pony,Mare,3 years,160500,"Lünen, DE",https://www.ehorses.com/german-riding-pony-mare-3years-141-hh-chestnut-red-dressagehorses-breedinghorses-showjumpers-leisurehorses-luenen/4722193.html
ehorses.com,"Trakehner, Gelding, 8 years, 16 hh, Black",Trakehner,Gelding,8 years,321000,"Region Brno, DE",https://www.ehorses.com/trakehner-gelding-8years-16-hh-black-showjumpers-region-brno/4676419.html
ehorses.com,"Mecklenburg Warmblood, Mare, 10 years, 16,1 hh, Chestnut-Red",Mecklenburg Warmblood,Mare,10 years,588500,"Kamen, DE",https://www.ehorses.com/mecklenburg-warmblood-mare-10years-161-hh-chestnut-red-dressagehorses-breedinghorses-showjumpers-kamen/4739468.html
ehorses.com,"PRE, Stallion, 3 years, 16 hh, Perlino",PRE,Stallion,3 years,133750,"Alcoi/Alcoy, ES",https://www.ehorses.com/pre-stallion-3years-16-hh-perlino-showhorses-working-equitation-horses-breedinghorses-alcoialcoy/4497033.html
ehorses.com,"Lusitano Mix, Mare, 5 years, 16 hh, Palomino",Lusitano Mix,Mare,5 years,133750,"Alcoi/Alcoy, ES",https://www.ehorses.com/lusitano-mare-5years-16-hh-palomino-working-equitation-horses-showhorses-endurancehorses-leisurehorses-alcoialcoy/4572772.html
ehorses.com,"German Riding Pony, Mare, 5 years, 14,2 hh, Buckskin",German Riding Pony,Mare,5 years,235399,"Wehringen, DE",https://www.ehorses.com/german-riding-pony-mare-5years-142-hh-buckskin-dressagehorses-breedinghorses-showjumpers-wehringen/4749432.html
ehorses.com,"Oldenburg-International (OS), Mare, 4 years, 16,2 hh, Grey",Oldenburg-International (OS),Mare,4 years,96300,"Zülpich, DE",https://www.ehorses.com/oldenburg-international-os-mare-4years-162-hh-grey-showjumpers-breedinghorses-zuelpich/4614712.html
ehorses.com,"Zangersheider, Stallion, 3 years, 16,1 hh, Chestnut-Red",Zangersheider,Stallion,3 years,321000,"Gersten, DE",https://www.ehorses.com/zangersheider-stallion-3years-161-hh-chestnut-red-showjumpers-showhunter-gersten/4749416.html
ehorses.com,"German Riding Pony, Stallion, 1 year, Dun",German Riding Pony,Stallion,1 year,42800,"Aitrang, DE",https://www.ehorses.com/german-riding-pony-stallion-1year-dun-dressagehorses-eventinghorses-showjumpers-leisurehorses-aitrang/4489444.html
ehorses.com,"Hungarian Sport Horse, Gelding, 5 years, 17,1 hh, Grey",Hungarian Sport Horse,Gelding,5 years,213893,"Szatymaz, HU",https://www.ehorses.com/hungarian-sport-horse-gelding-5years-171-hh-grey-showjumpers-szatymaz/4711930.html
ehorses.com,"Oldenburg-International (OS), Gelding, 12 years, 17,3 hh, Chestnut-Red",Oldenburg-International (OS),Gelding,12 years,1498000,"Leoncin, PL",https://www.ehorses.com/oldenburg-international-os-gelding-12years-173-hh-chestnut-red-showjumpers-leoncin/4624207.html
ehorses.com,"Gypsy Horse, Mare, 3 years, 15,1 hh, Pinto",Gypsy Horse,Mare,3 years,55639,"Nettersheim, DE",https://www.ehorses.com/gypsy-horse-mare-3years-151-hh-pinto-leisurehorses-nettersheim/4749405.html
ehorses.com,"Hanoverian, Gelding, 8 years, 16,2 hh, Grey",Hanoverian,Gelding,8 years,856000,"Secymin Polski, PL",https://www.ehorses.com/hanoverian-gelding-8years-162-hh-grey-showjumpers-secymin-polski/4740081.html
ehorses.com,"Polish sport horse, Mare, 6 years, 16,1 hh, Brown",Polish sport horse,Mare,6 years,235399,"Leoncin, PL",https://www.ehorses.com/polish-sport-horse-mare-6years-161-hh-brown-showjumpers-leoncin/4623137.html
ehorses.com,"Oldenburg-International (OS), Stallion, 4 years, 16,1 hh, Black",Oldenburg-International (OS),Stallion,4 years,52965,"Zieuwent, NL",https://www.ehorses.com/oldenburg-international-os-stallion-4years-161-hh-black-showjumpers-eventinghorses-sire-zieuwent/4749404.html
ehorses.com,"Westphalian, Gelding, 11 years, 16 hh, Bay-Dark",Westphalian,Gelding,11 years,116629,"Overath, DE",https://www.ehorses.com/westphalian-gelding-11years-16-hh-bay-dark-showjumpers-leisurehorses-dressagehorses-overath/4707469.html
ehorses.com,"PRE Mix, Gelding, 6 years, 16,2 hh, Grey",PRE Mix,Gelding,6 years,133750,"Barcelona, ES",https://www.ehorses.com/pre-gelding-6years-162-hh-grey-dressagehorses-leisurehorses-barcelona/4749387.html
ehorses.com,"PRE Mix, Mare, 7 years, 15,2 hh, Bay",PRE Mix,Mare,7 years,80250,"Alicante/Alacant, ES",https://www.ehorses.com/pre-mare-7years-152-hh-bay-dressagehorses-leisurehorses-alicantealacant/4749381.html
ehorses.com,"Murgese, Stallion, 3 years, 16 hh, Black",Murgese,Stallion,3 years,89880,"Martina Franca, IT",https://www.ehorses.com/murgese-stallion-3years-16-hh-black-baroquehorses-working-equitation-horses-leisurehorses-carriagehorses-martina-franca/4634603.html
ehorses.com,"PRE Mix, Stallion, 4 years, 15,1 hh, Chestnut-Red",PRE Mix,Stallion,4 years,80250,"Rafelguaraf, ES",https://www.ehorses.com/pre-stallion-4years-151-hh-chestnut-red-baroquehorses-working-equitation-horses-leisurehorses-dressagehorses-rafelguaraf/3600069.html
ehorses.com,"American Quarter Horse, Gelding, 8 years, 15,1 hh, Grey-Dapple",American Quarter Horse,Gelding,8 years,35350,"Pleasant Grove CA, US",https://www.ehorses.com/american-quarter-horse-gelding-8years-151-hh-grey-dapple-trailhorses-ranch-riding-horses-pleasant-grove-ca/4090843.html
ehorses.com,"Akhal-Teke, Stallion, 4 years, 15,2 hh, Black",Akhal-Teke,Stallion,4 years,588500,"Malaga, ES",https://www.ehorses.com/akhal-teke-stallion-4years-152-hh-black-dressagehorses-endurancehorses-eventinghorses-showjumpers-malaga/4649365.html
ehorses.com,"Andalusian, Stallion, 7 years, 15,2 hh, Perlino",Andalusian,Stallion,7 years,267500,"Ermelo, NL",https://www.ehorses.com/andalusian-stallion-7years-152-hh-perlino-dressagehorses-working-equitation-horses-baroquehorses-leisurehorses-ermelo/4737246.html
ehorses.com,"Belgian Warmblood, Mare, 12 years, 16,2 hh, Brown-Light",Belgian Warmblood,Mare,12 years,588500,"AREZZO, IT",https://www.ehorses.com/belgian-warmblood-mare-12years-162-hh-brown-light-showjumpers-arezzo/4672239.html
ehorses.com,"PRE Mix, Stallion, 4 years, 17,1 hh, Grey",PRE Mix,Stallion,4 years,321000,"Sevilla, ES",https://www.ehorses.com/pre-stallion-4years-171-hh-grey-dressagehorses-leisurehorses-sevilla/4749370.html
ehorses.com,"Bavarian Warmblood, Mare, 16 years, 16 hh, Chestnut-Red",Bavarian Warmblood,Mare,16 years,42800,"Zell an der Pram, AT",https://www.ehorses.com/bavarian-warmblood-mare-16years-16-hh-chestnut-red-breedinghorses-leisurehorses-zell-an-der-pram/4738541.html
ehorses.com,"Westphalian, Gelding, 7 years, 16,2 hh, Brown",Westphalian,Gelding,7 years,315650,"Dornburg, DE",https://www.ehorses.com/westphalian-gelding-7years-162-hh-brown-showjumpers-eventinghorses-showhunter-dressagehorses-dornburg/4553365.html
ehorses.com,"Other Warmbloods, Mare, 9 years, 16,3 hh, Chestnut-Red",Other Warmbloods,Mare,9 years,69550,"Dornburg, DE",https://www.ehorses.com/other-warmbloods-mare-9years-163-hh-chestnut-red-breedinghorses-dornburg/4646839.html
ehorses.com,"Haflinger, Gelding, 13 years, 14,2 hh, Chestnut-Red",Haflinger,Gelding,13 years,26750,"RiedersdorfPabneukirchen, AT",https://www.ehorses.com/haflinger-gelding-13years-142-hh-chestnut-red-leisurehorses-dressagehorses-riedersdorfpabneukirchen/4745862.html
ehorses.com,"Haflinger, Gelding, 13 years, 14,2 hh, Chestnut-Red",Haflinger,Gelding,13 years,26750,"Pabneukirchen, AT",https://www.ehorses.com/haflinger-gelding-13years-142-hh-chestnut-red-leisurehorses-dressagehorses-pabneukirchen/4747605.html
ehorses.com,"Selle Français, Gelding, 6 years, 15,2 hh, Brown",Selle Français,Gelding,6 years,26750,"Uzeste, FR",https://www.ehorses.com/selle-francais-gelding-6years-152-hh-brown-showjumpers-uzeste/4748428.html
ehorses.com,"American Quarter Horse, Gelding, 3 years, 15,1 hh, Palomino",American Quarter Horse,Gelding,3 years,133750,"Wasserburg am Inn, DE",https://www.ehorses.com/american-quarter-horse-gelding-3years-151-hh-palomino-westernhorses-leisurehorses-wasserburg-am-inn/4749142.html
ehorses.com,"Haflinger, Stallion, 2 years, 14,2 hh",Haflinger,Stallion,2 years,32099,"Suhlendorf, DE",https://www.ehorses.com/haflinger-stallion-2years-142-hh-dressagehorses-showjumpers-carriagehorses-suhlendorf/4021169.html
ehorses.com,"Holstein, Mare, 7 years, 16 hh, Brown",Holstein,Mare,7 years,230049,"Lörrach, DE",https://www.ehorses.com/holstein-mare-7years-16-hh-brown-showjumpers-eventinghorses-leisurehorses-dressagehorses-loerrach/4453451.html
ehorses.com,"German Sport Horse, Mare, 7 years, 16,2 hh, Brown",German Sport Horse,Mare,7 years,160393,"Leipzig, DE",https://www.ehorses.com/german-sport-horse-mare-7years-162-hh-brown-showjumpers-leipzig/4691852.html
ehorses.com,"Hucul, Gelding, 4 years, 13,2 hh, Brown",Hucul,Gelding,4 years,40125,"Mertendorf, DE",https://www.ehorses.com/hucul-gelding-4years-132-hh-brown-dressagehorses-leisurehorses-carriagehorses-mertendorf/4749327.html
ehorses.com,"Missouri Foxtrotter, Mare, 17 years, 14,2 hh, Black",Missouri Foxtrotter,Mare,17 years,58849,"Zehdenick, DE",https://www.ehorses.com/missouri-foxtrotter-mare-17years-142-hh-black-leisurehorses-dressagehorses-zehdenick/4749325.html
ehorses.com,"American Quarter Horse, Stallion, 1 year, 14,2 hh",American Quarter Horse,Stallion,1 year,85600,"Liebenau, DE",https://www.ehorses.com/american-quarter-horse-stallion-1year-142-hh-westernhorses-showhorses-leisurehorses-liebenau/4749311.html
ehorses.com,"American Paint Horse, Stallion, 1 year, 14,1 hh, Buckskin",American Paint Horse,Stallion,1 year,85600,"Liebenau, DE",https://www.ehorses.com/american-paint-horse-stallion-1year-141-hh-buckskin-westernhorses-showhorses-leisurehorses-liebenau/4749308.html
ehorses.com,"German Sport Horse, Gelding, 5 years, 16,1 hh, Chestnut",German Sport Horse,Gelding,5 years,513599,"Rochau, DE",https://www.ehorses.com/german-sport-horse-gelding-5years-161-hh-chestnut-dressagehorses-leisurehorses-rochau/4749301.html
ehorses.com,"Hanoverian, Mare, 6 years, 16,1 hh, Bay-Dark",Hanoverian,Mare,6 years,267500,"Isernhagen, DE",https://www.ehorses.com/hanoverian-mare-6years-161-hh-bay-dark-dressagehorses-breedinghorses-leisurehorses-isernhagen/4707121.html
ehorses.com,"American Paint Horse, Mare, 4 years, 14,2 hh, Tobiano-all-colors",American Paint Horse,Mare,4 years,74889,"betteldorf, DE",https://www.ehorses.com/american-paint-horse-mare-4years-142-hh-tobiano-all-colors-westernhorses-betteldorf/3218180.html
ehorses.com,"American Quarter Horse, Mare, 10 years, 15 hh, Brown",American Quarter Horse,Mare,10 years,160500,"München, DE",https://www.ehorses.com/american-quarter-horse-mare-10years-15-hh-brown-leisurehorses-reininghorses-westernhorses-muenchen/4644889.html
ehorses.com,"Wuerttemberg, Mare, 8 years, 16,1 hh, Chestnut-Red",Wuerttemberg,Mare,8 years,53500,"Heistenbach, DE",https://www.ehorses.com/wuerttemberg-mare-8years-161-hh-chestnut-red-breedinghorses-dressagehorses-heistenbach/4695169.html
ehorses.com,"Shire Horse, Gelding, 5 years, 16 hh, Can be white",Shire Horse,Gelding,5 years,116629,"Ried im Innkreis, AT",https://www.ehorses.com/shire-horse-gelding-5years-16-hh-can-be-white-leisurehorses-ried-im-innkreis/4435510.html
ehorses.com,"American Quarter Horse, Gelding, 9 years, 14,1 hh, Palomino",American Quarter Horse,Gelding,9 years,35339,"Galax, VA, US",https://www.ehorses.com/american-quarter-horse-gelding-9years-141-hh-palomino-trailhorses-ranch-riding-horses-galax-va/4601483.html
ehorses.com,"Andalusian, Gelding, 11 years, 16,1 hh, Grey-Dapple",Andalusian,Gelding,11 years,35350,"Ocala FL, US",https://www.ehorses.com/andalusian-gelding-11years-161-hh-grey-dapple-trailhorses-ranch-riding-horses-ocala-fl/4103068.html
ehorses.com,"Hanoverian, Mare, 4 years, 16 hh, Chestnut-Red",Hanoverian,Mare,4 years,90950,"Surwold, DE",https://www.ehorses.com/hanoverian-mare-4years-16-hh-chestnut-red-dressagehorses-eventinghorses-showjumpers-leisurehorses-surwold/4690813.html
ehorses.com,"Andalusian, Stallion, 5 years, 16,1 hh, Brown",Andalusian,Stallion,5 years,144450,"Ermelo, NL",https://www.ehorses.com/andalusian-stallion-5years-161-hh-brown-dressagehorses-working-equitation-horses-eventinghorses-leisurehorses-ermelo/4747555.html
ehorses.com,"Andalusian, Stallion, 5 years, 16,2 hh, White",Andalusian,Stallion,5 years,165850,"Ermelo, NL",https://www.ehorses.com/andalusian-stallion-5years-162-hh-white-dressagehorses-working-equitation-horses-baroquehorses-leisurehorses-ermelo/4746581.html
ehorses.com,"Andalusian, Stallion, 7 years, 15,2 hh, Perlino",Andalusian,Stallion,7 years,267500,"Ermelo, NL",https://www.ehorses.com/andalusian-stallion-7years-152-hh-perlino-dressagehorses-working-equitation-horses-baroquehorses-leisurehorses-ermelo/4737246.html
ehorses.com,"Andalusian, Stallion, 4 years, 15,2 hh, Grey-Dapple",Andalusian,Stallion,4 years,160500,"Ermelo, NL",https://www.ehorses.com/andalusian-stallion-4years-152-hh-grey-dapple-dressagehorses-working-equitation-horses-baroquehorses-leisurehorses-ermelo/4739548.html
ehorses.com,"Classic Pony, Gelding, 5 years, 12 hh, Grey",Classic Pony,Gelding,5 years,107000,"Xabia/Javea, ES",https://www.ehorses.com/classic-pony-gelding-5years-12-hh-grey-dressagehorses-showjumpers-xabiajavea/4699708.html
ehorses.com,"Hanoverian, Stallion, 7 years, 17 hh, Brown",Hanoverian,Stallion,7 years,321000,"El Catllar, DE",https://www.ehorses.com/hanoverian-stallion-7years-17-hh-brown-dressagehorses-showjumpers-el-catllar/4749243.html
ehorses.com,"Hungarian Sport Horse, Gelding, 8 years, 16.1 hh, Grey",Hungarian Sport Horse,Gelding,8 years,133750,"Budapest, HU",https://www.ehorses.com/hungarian-sport-horse-gelding-8years-16-1-hh-grey-showjumpers-leisurehorses-dressagehorses-budapest/4742802.html
ehorses.com,"Hungarian Sport Horse, Gelding, 7 years, 16.1 hh, Chestnut",Hungarian Sport Horse,Gelding,7 years,105395,"Budapest, HU",https://www.ehorses.com/hungarian-sport-horse-gelding-7years-16-1-hh-chestnut-dressagehorses-showjumpers-leisurehorses-budapest/4738743.html
ehorses.com,"Latvian Warmblood, Mare, 6 years, 16 hh, Bay-Dark",Latvian Warmblood,Mare,6 years,160500,"Helsinki, FI",https://www.ehorses.com/latvian-warmblood-mare-6years-16-hh-bay-dark-showjumpers-dressagehorses-helsinki/4749774.html
ehorses.com,"Hanoverian, Gelding, 4 years, 16 hh, Chestnut-Red",Hanoverian,Gelding,4 years,588500,"Coin, ES",https://www.ehorses.com/hanoverian-gelding-4years-16-hh-chestnut-red-dressagehorses-working-equitation-horses-coin/4735214.html
ehorses.com,"German Sport Horse, Gelding, 8 years, 16.1 hh, Bay-Dark",German Sport Horse,Gelding,8 years,155150,"Grevenbroich, DE",https://www.ehorses.com/german-sport-horse-gelding-8years-16-1-hh-bay-dark-showjumpers-leisurehorses-dressagehorses-grevenbroich/4749777.html
ehorses.com,"Wuerttemberg, Stallion, 2 years, 15.2 hh, Chestnut-Red",Wuerttemberg,Stallion,2 years,80250,"Bramsche, DE",https://www.ehorses.com/wuerttemberg-stallion-2years-15-2-hh-chestnut-red-showhunter-showjumpers-bramsche/4731526.html
ehorses.com,"Icelandic Horse, Mare, 12 years, 13.2 hh, Brown",Icelandic Horse,Mare,12 years,192600,"Teisendorf, DE",https://www.ehorses.com/icelandic-horse-mare-12years-13-2-hh-brown-gaitedhorses-breedinghorses-leisurehorses-teisendorf/4740705.html
ehorses.com,"Oldenburg, Gelding, 7 years, Chestnut-Red",Oldenburg,Gelding,7 years,187250,"WilnsdorfWilnsdorf, DE",https://www.ehorses.com/oldenburg-gelding-7years-chestnut-red-dressagehorses-wilnsdorfwilnsdorf/4532452.html
ehorses.com,"Belgian Warmblood, Mare, 11 years, 17 hh, Brown",Belgian Warmblood,Mare,11 years,187250,"Wilnsdorf, DE",https://www.ehorses.com/belgian-warmblood-mare-11years-17-hh-brown-dressagehorses-leisurehorses-wilnsdorf/4697752.html
ehorses.com,"Polish Coldblood, Gelding, 3 years, 15.2 hh, Brown",Polish Coldblood,Gelding,3 years,44940,"Someren, NL",https://www.ehorses.com/polish-coldblood-gelding-3years-15-2-hh-brown-carriagehorses-leisurehorses-someren/4748959.html
ehorses.com,"Austrian Warmblood, Stallion, 2 years, Can be white",Austrian Warmblood,Stallion,2 years,55639,"Selzthal, AT",https://www.ehorses.com/austrian-warmblood-stallion-2years-can-be-white-showjumpers-selzthal/4749223.html
ehorses.com,"KWPN, Gelding, 6 years, 16.1 hh, Black",KWPN,Gelding,6 years,160500,"Weil am Rhein, DE",https://www.ehorses.com/kwpn-gelding-6years-16-1-hh-black-leisurehorses-dressagehorses-weil-am-rhein/4545896.html
ehorses.com,"Oldenburg, Gelding, 4 years, 16.1 hh, Smoky-Black",Oldenburg,Gelding,4 years,83460,"Mügeln, DE",https://www.ehorses.com/oldenburg-gelding-4years-16-1-hh-smoky-black-dressagehorses-eventinghorses-leisurehorses-muegeln/4663511.html
ehorses.com,"Hanoverian, Mare, 2 years, Bay-Dark",Hanoverian,Mare,2 years,69550,"Selzthal, AT",https://www.ehorses.com/hanoverian-mare-2years-bay-dark-dressagehorses-selzthal/4749224.html
ehorses.com,"Shetland Ponies, Gelding, 15 years",Shetland Ponies,Gelding,15 years,8024,"Selzthal, AT",https://www.ehorses.com/shetland-ponies-gelding-15years-leisurehorses-selzthal/4735349.html
ehorses.com,"Danish Warmblood, Gelding, 6 years, 16.2 hh, Brown",Danish Warmblood,Gelding,6 years,588500,"Nieuw-Vennep, NL",https://www.ehorses.com/danish-warmblood-gelding-6years-16-2-hh-brown-dressagehorses-nieuw-vennep/4744619.html
ehorses.com,"Thoroughbred, Mare, 4 years, 16.2 hh, Brown",Thoroughbred,Mare,4 years,80250,"Renswoude, NL",https://www.ehorses.com/thoroughbred-mare-4years-16-2-hh-brown-showjumpers-hunter-eventinghorses-leisurehorses-renswoude/4742378.html
ehorses.com,"KWPN, Mare, 12 years, 16.3 hh, Smoky-Black",KWPN,Mare,12 years,321000,"Dordrecht, NL",https://www.ehorses.com/kwpn-mare-12years-16-3-hh-smoky-black-dressagehorses-dordrecht/4607662.html
ehorses.com,"Zangersheider, Mare, 6 years, 15,1 hh, Palomino",Zangersheider,Mare,6 years,80250,"Beaumont-Pied-de-Buf, FR",https://www.ehorses.com/zangersheider-mare-6years-151-hh-palomino-breedinghorses-beaumont-pied-de-buf/4679627.html
ehorses.com,"Latvian Warmblood Mix, Mare, 5 years, 15 hh, Bay",Latvian Warmblood Mix,Mare,5 years,80250,"Ogre, LV",https://www.ehorses.com/latvian-warmblood-mare-5years-15-hh-bay-dressagehorses-showjumpers-ogre/4716941.html
ehorses.com,"American Paint Horse, Gelding, 8 years, 14 hh, Overo-all-colors",American Paint Horse,Gelding,8 years,35350,"Weatherford TX, US",https://www.ehorses.com/american-paint-horse-gelding-8years-14-hh-overo-all-colors-trailhorses-ranch-riding-horses-weatherford-tx/4582150.html
ehorses.com,"Hungarian Sport Horse, Gelding, 7 years, 16 hh, Buckskin",Hungarian Sport Horse,Gelding,7 years,133750,"Marcali, HU",https://www.ehorses.com/hungarian-sport-horse-gelding-7years-16-hh-buckskin-showjumpers-leisurehorses-marcali/2907732.html
ehorses.com,"German Riding Pony, Gelding, 5 years, 14 hh, Grey",German Riding Pony,Gelding,5 years,160500,"Buchen (Odenwald), DE",https://www.ehorses.com/german-riding-pony-gelding-5years-14-hh-grey-showjumpers-showhunter-dressagehorses-buchen-odenwald/4689527.html
ehorses.com,"American Quarter Horse, Gelding, 8 years, 14,3 hh, Roan-Bay",American Quarter Horse,Gelding,8 years,35350,"Cleburne TX, US",https://www.ehorses.com/american-quarter-horse-gelding-8years-143-hh-roan-bay-trailhorses-ranch-riding-horses-cleburne-tx/4248027.html
ehorses.com,"Oldenburg, Mare, 5 years, 17 hh, Grey",Oldenburg,Mare,5 years,321000,"Sankt Wolfgang, DE",https://www.ehorses.com/oldenburg-mare-5years-17-hh-grey-dressagehorses-showjumpers-sankt-wolfgang/4067018.html
ehorses.com,"PRE Mix, Stallion, 5 years, 16,1 hh, Bay-Dark",PRE Mix,Stallion,5 years,267500,"Martfeld, DE",https://www.ehorses.com/pre-stallion-5years-161-hh-bay-dark-dressagehorses-showhorses-baroquehorses-leisurehorses-martfeld/4709558.html
ehorses.com,"Andalusian, Stallion, 3 years, Palomino",Andalusian,Stallion,3 years,37450,"Chiclana, ES",https://www.ehorses.com/andalusian-stallion-3years-palomino-leisurehorses-chiclana/4732465.html
ehorses.com,"Welsh B, Gelding, 3 years, 12 hh, Grey",Welsh B,Gelding,3 years,30494,"Aalten, NL",https://www.ehorses.com/welsh-b-gelding-3years-12-hh-grey-showhunter-aalten/4749148.html
ehorses.com,"Andalusian, Mare, 5 years, 15,2 hh, Brown",Andalusian,Mare,5 years,42586,"Vejer de la Frontera, ES",https://www.ehorses.com/andalusian-mare-5years-152-hh-brown-leisurehorses-vejer-de-la-frontera/4749135.html
ehorses.com,"Westphalian, Gelding, 5 years, 17 hh, Bay-Dark",Westphalian,Gelding,5 years,214000,"Rosendahl, DE",https://www.ehorses.com/westphalian-gelding-5years-17-hh-bay-dark-dressagehorses-leisurehorses-rosendahl/4683634.html
ehorses.com,"Belgian Warmblood, Mare, 2 years, 15,2 hh, Black",Belgian Warmblood,Mare,2 years,42800,"Ruiselede, BE",https://www.ehorses.com/belgian-warmblood-mare-2years-152-hh-black-dressagehorses-breedinghorses-ruiselede/4748967.html
ehorses.com,"KWPN, Gelding, 6 years, 15,3 hh, Black",KWPN,Gelding,6 years,262150,"Neuss, DE",https://www.ehorses.com/kwpn-gelding-6years-153-hh-black-dressagehorses-leisurehorses-neuss/4731804.html
ehorses.com,"Other Warmbloods, Mare, 9 years, 16,1 hh",Other Warmbloods,Mare,9 years,262150,"Neuss, DE",https://www.ehorses.com/other-warmbloods-mare-9years-161-hh-dressagehorses-breedinghorses-leisurehorses-neuss/4744715.html
ehorses.com,"KWPN, Gelding, 3 years, 16 hh, Bay-Dark",KWPN,Gelding,3 years,53500,"Neuss, DE",https://www.ehorses.com/kwpn-gelding-3years-16-hh-bay-dark-dressagehorses-leisurehorses-neuss/4733557.html
ehorses.com,"German Sport Horse, Stallion, 2 years, 15,1 hh, Chestnut-Red",German Sport Horse,Stallion,2 years,133750,"Ritzing, AT",https://www.ehorses.com/german-sport-horse-stallion-2years-151-hh-chestnut-red-dressagehorses-ritzing/4728056.html
ehorses.com,"Oldenburg, Stallion, 8 years, 17 hh, Brown",Oldenburg,Stallion,8 years,1070000,"Ritzing, AT",https://www.ehorses.com/oldenburg-stallion-8years-17-hh-brown-dressagehorses-ritzing/4630903.html
ehorses.com,"More ponies/small horses, Mare, 7 years, 14,2 hh, Brown",More ponies/small horses,Mare,7 years,37450,"Mezőhegyes, HU",https://www.ehorses.com/more-poniessmall-horses-mare-7years-142-hh-brown-leisurehorses-mezohegyes/4736593.html
ehorses.com,"Oldenburg, Gelding, 6 years, 17,1 hh, Brown",Oldenburg,Gelding,6 years,267500,"Börrstadt, DE",https://www.ehorses.com/oldenburg-gelding-6years-171-hh-brown-dressagehorses-boerrstadt/4716781.html
ehorses.com,"German Riding Horse, Gelding, 4 years, 17 hh, Brown",German Riding Horse,Gelding,4 years,321000,"Leipheim, DE",https://www.ehorses.com/german-riding-horse-gelding-4years-17-hh-brown-dressagehorses-leipheim/4749090.html
ehorses.com,"Trakehner, Mare, 3 years, 15 hh, Bay-Dark",Trakehner,Mare,3 years,42800,"Mügeln, DE",https://www.ehorses.com/trakehner-mare-3years-15-hh-bay-dark-eventinghorses-breedinghorses-leisurehorses-dressagehorses-muegeln/4749073.html
ehorses.com,"More ponies/small horses, Mare, 9 years, 14,2 hh, Grey",More ponies/small horses,Mare,9 years,48150,"Békéscsaba, HU",https://www.ehorses.com/more-poniessmall-horses-mare-9years-142-hh-grey-leisurehorses-showjumpers-bekescsaba/4749092.html
ehorses.com,"Oldenburg-International (OS), Gelding, 5 years, 16,1 hh, Brown",Oldenburg-International (OS),Gelding,5 years,321000,"Lindern (Oldenburg), DE",https://www.ehorses.com/oldenburg-international-os-gelding-5years-161-hh-brown-showjumpers-leisurehorses-lindern-oldenburg/4733891.html
ehorses.com,"More ponies/small horses, Mare, 5 years, 12 hh, Pinto",More ponies/small horses,Mare,5 years,21400,"Békés, HU",https://www.ehorses.com/more-poniessmall-horses-mare-5years-12-hh-pinto-leisurehorses-bekes/4749080.html
ehorses.com,"Other Warmbloods, Gelding, 10 years, 16,1 hh, Pinto",Other Warmbloods,Gelding,10 years,58849,"Gyula, HU",https://www.ehorses.com/other-warmbloods-gelding-10years-161-hh-pinto-leisurehorses-gyula/4749068.html
ehorses.com,"Other Warmbloods, Gelding, 5 years, 15,2 hh, Grey",Other Warmbloods,Gelding,5 years,41730,"Gyula, HU",https://www.ehorses.com/other-warmbloods-gelding-5years-152-hh-grey-leisurehorses-gyula/4749064.html
ehorses.com,"KWPN, Gelding, 9 years, 16,1 hh, Brown",KWPN,Gelding,9 years,213465,"Neuss, DE",https://www.ehorses.com/kwpn-gelding-9years-161-hh-brown-dressagehorses-neuss/4749057.html
ehorses.com,"More ponies/small horses, Mare, 9 years, 14,1 hh, Chestnut-Red",More ponies/small horses,Mare,9 years,41730,"bekes, HU",https://www.ehorses.com/more-poniessmall-horses-mare-9years-141-hh-chestnut-red-leisurehorses-bekes/4749053.html
ehorses.com,"Arabian horses, Mare, 2 years, Grey",Arabian horses,Mare,2 years,74900,"Reichraming, AT",https://www.ehorses.com/arabian-horses-mare-2years-grey-breedinghorses-showhorses-westernhorses-leisurehorses-reichraming/4354792.html
ehorses.com,"Andalusian, Mare, 7 years, Grey",Andalusian,Mare,7 years,85839,"Corona, CA, US",https://www.ehorses.com/andalusian-mare-7years-grey-dressagehorses-showhorses-breedinghorses-eventinghorses-corona-ca/4687612.html
ehorses.com,"American Paint Horse, Gelding, 13 years, 15,1 hh, Tobiano-all-colors",American Paint Horse,Gelding,13 years,35350,"Level Green KY, US",https://www.ehorses.com/american-paint-horse-gelding-13years-151-hh-tobiano-all-colors-trailhorses-ranch-riding-horses-level-green-ky/4247954.html
ehorses.com,"American Paint Horse, Gelding, 9 years, 15 hh, Tobiano-all-colors",American Paint Horse,Gelding,9 years,35350,"Granbury TX, US",https://www.ehorses.com/american-paint-horse-gelding-9years-15-hh-tobiano-all-colors-trailhorses-ranch-riding-horses-granbury-tx/4224614.html
ehorses.com,"American Quarter Horse, Gelding, 5 years, 14 hh, Tobiano-all-colors",American Quarter Horse,Gelding,5 years,166650,"Mount Vernon, KY, US",https://www.ehorses.com/american-quarter-horse-gelding-5years-14-hh-tobiano-all-colors-trailhorses-ranch-riding-horses-mount-vernon-ky/4519040.html
ehorses.com,"PRE, Stallion, 5 years, 15,3 hh, Black",PRE,Stallion,5 years,133750,"Provinz Malaga, ES",https://www.ehorses.com/pre-stallion-5years-153-hh-black-dressagehorses-working-equitation-horses-breedinghorses-leisurehorses-provinz-malaga/4525270.html
ehorses.com,"Welsh A (Mountain Pony), Gelding, 5 years, 11 hh, Leopard-Piebald",Welsh A (Mountain Pony),Gelding,5 years,39590,"Poznań, PL",https://www.ehorses.com/welsh-a-mountain-pony-gelding-5years-11-hh-leopard-piebald-showjumpers-reininghorses-leisurehorses-dressagehorses-poznan/4616687.html
ehorses.com,"Hanoverian, Mare, 8 years, 15,3 hh, Chestnut",Hanoverian,Mare,8 years,160500,"Götzendorf an der Leitha, AT",https://www.ehorses.com/hanoverian-mare-8years-153-hh-chestnut-dressagehorses-breedinghorses-showjumpers-leisurehorses-goetzendorf-an-der-leitha/4688363.html
ehorses.com,"American Quarter Horse, Stallion, 2 years, Chestnut-Red",American Quarter Horse,Stallion,2 years,251449,"Bedburg-Hau, DE",https://www.ehorses.com/american-quarter-horse-stallion-2years-chestnut-red-reininghorses-bedburg-hau/4119134.html
ehorses.com,"American Quarter Horse, Mare, 2 years, Brown",American Quarter Horse,Mare,2 years,294250,"Bedburg-Hau, DE",https://www.ehorses.com/american-quarter-horse-mare-2years-brown-reininghorses-bedburg-hau/4119177.html
ehorses.com,"Icelandic Horse, Gelding, 13 years, 14 hh, Chestnut-Red",Icelandic Horse,Gelding,13 years,106465,"Langeln, DE",https://www.ehorses.com/icelandic-horse-gelding-13years-14-hh-chestnut-red-leisurehorses-gaitedhorses-langeln/4749018.html
ehorses.com,"Other Heavy Horses, Gelding, 11 years, 16,1 hh, Grey",Other Heavy Horses,Gelding,11 years,90950,"Buchholz in der Nordheide, DE",https://www.ehorses.com/other-heavy-horses-gelding-11years-161-hh-grey-leisurehorses-hunter-carriagehorses-buchholz-in-der-nordheide/4743664.html
ehorses.com,"More ponies/small horses, Mare, 5 years, 14,2 hh, Brown",More ponies/small horses,Mare,5 years,41730,"Békéscsaba, HU",https://www.ehorses.com/more-poniessmall-horses-mare-5years-142-hh-brown-leisurehorses-bekescsaba/4749022.html
ehorses.com,"Hanoverian, Gelding, 4 years, 16,1 hh, Chestnut-Red",Hanoverian,Gelding,4 years,133750,"Mijas, ES",https://www.ehorses.com/hanoverian-gelding-4years-161-hh-chestnut-red-dressagehorses-leisurehorses-mijas/4744020.html
ehorses.com,"KWPN, Gelding, 5 years, 16,2 hh, Brown",KWPN,Gelding,5 years,160500,"Jesteburg, DE",https://www.ehorses.com/kwpn-gelding-5years-162-hh-brown-dressagehorses-showjumpers-showhunter-leisurehorses-jesteburg/4656916.html
ehorses.com,"Hanoverian, Gelding, 5 years, 16,3 hh, Black",Hanoverian,Gelding,5 years,187250,"Puebla De Guzman, ES",https://www.ehorses.com/hanoverian-gelding-5years-163-hh-black-dressagehorses-eventinghorses-showjumpers-leisurehorses-puebla-de-guzman/4743807.html
ehorses.com,"Westphalian, Gelding, 5 years, 16,3 hh, Black",Westphalian,Gelding,5 years,321000,"Rees, DE",https://www.ehorses.com/westphalian-gelding-5years-163-hh-black-dressagehorses-rees/4748991.html
ehorses.com,"Danish Warmblood, Gelding, 5 years, 17 hh, Grey",Danish Warmblood,Gelding,5 years,588500,"Lienen, DE",https://www.ehorses.com/danish-warmblood-gelding-5years-17-hh-grey-dressagehorses-leisurehorses-lienen/4746439.html
ehorses.com,"Hanoverian, Mare, 4 years, 16,1 hh, Chestnut-Red",Hanoverian,Mare,4 years,321000,"Lienen, DE",https://www.ehorses.com/hanoverian-mare-4years-161-hh-chestnut-red-dressagehorses-eventinghorses-showjumpers-showhunter-lienen/4747090.html
ehorses.com,"Trakehner, Gelding, 5 years, 16,1 hh, Brown",Trakehner,Gelding,5 years,321000,"Dorsten, DE",https://www.ehorses.com/trakehner-gelding-5years-161-hh-brown-showjumpers-dorsten/4748972.html
ehorses.com,"KWPN, Mare, 3 years, 15,2 hh, Bay-Dark",KWPN,Mare,3 years,80250,"Lierde, BE",https://www.ehorses.com/kwpn-mare-3years-152-hh-bay-dark-dressagehorses-lierde/4587246.html
ehorses.com,"Other Breeds, Gelding, 17 years, 15,1 hh, Bay-Dark",Other Breeds,Gelding,17 years,26215,"Achtmaal, NL",https://www.ehorses.com/other-breeds-gelding-17years-151-hh-bay-dark-leisurehorses-carriagehorses-achtmaal/4748973.html
ehorses.com,"KWPN, Gelding, 9 years, 15,3 hh, Grey",KWPN,Gelding,9 years,133750,"Lonsee, DE",https://www.ehorses.com/kwpn-gelding-9years-153-hh-grey-leisurehorses-trailhorses-endurancehorses-dressagehorses-lonsee/4748964.html
ehorses.com,"PRE Mix, Gelding, 6 years, 16,2 hh, Grey",PRE Mix,Gelding,6 years,80250,"Sleidinge, BE",https://www.ehorses.com/pre-gelding-6years-162-hh-grey-dressagehorses-working-equitation-horses-showjumpers-sleidinge/4726231.html
ehorses.com,"Hanoverian, Mare, 7 years, 17 hh, Grey",Hanoverian,Mare,7 years,321000,"Bad Dürrheim, DE",https://www.ehorses.com/hanoverian-mare-7years-17-hh-grey-showhunter-showjumpers-bad-duerrheim/4696523.html
ehorses.com,"Polish riding pony, Gelding, 3 years, 14,1 hh, Leopard-Piebald",Polish riding pony,Gelding,3 years,84530,"uelsen, DE",https://www.ehorses.com/polish-riding-pony-gelding-3years-141-hh-leopard-piebald-westernhorses-baroquehorses-leisurehorses-uelsen/4633736.html
ehorses.com,"Irish Sport Horse Mix, Gelding, 6 years, 16 hh, Brown",Irish Sport Horse Mix,Gelding,6 years,80250,"uelsen, DE",https://www.ehorses.com/irish-sport-horse-gelding-6years-16-hh-brown-leisurehorses-eventinghorses-showjumpers-uelsen/4740335.html
ehorses.com,"Irish Sport Horse Mix, Gelding, 6 years, 16 hh, Bay-Dark",Irish Sport Horse Mix,Gelding,6 years,80250,"uelsen, DE",https://www.ehorses.com/irish-sport-horse-gelding-6years-16-hh-bay-dark-leisurehorses-eventinghorses-uelsen/4740339.html
ehorses.com,"KWPN, Gelding, 5 years, 17 hh, Chestnut",KWPN,Gelding,5 years,235399,"Riga, LV",https://www.ehorses.com/kwpn-gelding-5years-17-hh-chestnut-dressagehorses-riga/4618067.html
ehorses.com,"American Quarter Horse, Gelding, 15 years, 14,1 hh, Roan-Bay",American Quarter Horse,Gelding,15 years,35350,"Weatherford TX, US",https://www.ehorses.com/american-quarter-horse-gelding-15years-141-hh-roan-bay-trailhorses-ranch-riding-horses-weatherford-tx/4304435.html
ehorses.com,"Westphalian, Gelding, 7 years, 17 hh, Grey-Dapple",Westphalian,Gelding,7 years,321000,"ArnsbergArnsberg, DE",https://www.ehorses.com/westphalian-gelding-7years-17-hh-grey-dapple-showjumpers-dressagehorses-arnsbergarnsberg/4472681.html
ehorses.com,"Shetland Ponies, Stallion, 1 year, 8,1 hh, Black",Shetland Ponies,Stallion,1 year,9095,"Hästveda, SE",https://www.ehorses.com/shetland-ponies-stallion-1year-81-hh-black-breedinghorses-showhorses-carriagehorses-haestveda/4703780.html
ehorses.com,"Bavarian Warmblood, Gelding, 19 years, Chestnut-Red",Bavarian Warmblood,Gelding,19 years,10700,"Herzberg, DE",https://www.ehorses.com/bavarian-warmblood-gelding-19years-chestnut-red-leisurehorses-dressagehorses-herzberg/4602248.html
ehorses.com,"Lusitano, Stallion, 2 years, 15,2 hh, Buckskin",Lusitano,Stallion,2 years,155150,"Herborn, DE",https://www.ehorses.com/lusitano-stallion-2years-152-hh-buckskin-showhorses-working-equitation-horses-breedinghorses-dressagehorses-herborn/4684749.html
ehorses.com,"Friesian horses, Stallion, 5 years, 15,1 hh",Friesian horses,Stallion,5 years,46010,"Tzummarum, NL",https://www.ehorses.com/friesian-horses-stallion-5years-151-hh-eventinghorses-tzummarum/1706201.html
ehorses.com,"American Quarter Horse, Gelding, 5 years, 15,3 hh, Chestnut",American Quarter Horse,Gelding,5 years,35350,"Greenville KY, US",https://www.ehorses.com/american-quarter-horse-gelding-5years-153-hh-chestnut-trailhorses-ranch-riding-horses-greenville-ky/4421488.html
ehorses.com,"Irish Sport Horse Mix, Gelding, 7 years, 15,3 hh, Bay-Dark",Irish Sport Horse Mix,Gelding,7 years,80250,"uelsen, DE",https://www.ehorses.com/irish-sport-horse-gelding-7years-153-hh-bay-dark-leisurehorses-eventinghorses-uelsen/4740346.html
ehorses.com,"KWPN, Mare, 3 years, 15,2 hh, Bay-Dark",KWPN,Mare,3 years,52430,"uelsen, DE",https://www.ehorses.com/kwpn-mare-3years-152-hh-bay-dark-dressagehorses-leisurehorses-uelsen/4740393.html
ehorses.com,"German Sport Horse, Mare, 19 years, 16,1 hh, Brown",German Sport Horse,Mare,19 years,10700,"Zossen, DE",https://www.ehorses.com/german-sport-horse-mare-19years-161-hh-brown-carriagehorses-zossen/4748941.html
ehorses.com,"Oldenburg, Mare, 1 year, Bay-Dark",Oldenburg,Mare,1 year,63129,"Dassel, DE",https://www.ehorses.com/oldenburg-mare-1year-bay-dark-dressagehorses-dassel/4738868.html
ehorses.com,"Andalusian, Gelding, 5 years, 15,2 hh, Brown",Andalusian,Gelding,5 years,53500,"Hinojosa Del Duque, ES",https://www.ehorses.com/andalusian-gelding-5years-152-hh-brown-dressagehorses-working-equitation-horses-showhorses-leisurehorses-hinojosa-del-duque/4742113.html
ehorses.com,"Andalusian, Mare, 6 years, 15,2 hh, Perlino",Andalusian,Mare,6 years,32099,"Hinojosa Del Duque, ES",https://www.ehorses.com/andalusian-mare-6years-152-hh-perlino-leisurehorses-baroquehorses-dressagehorses-hinojosa-del-duque/4747683.html
ehorses.com,"Andalusian, Stallion, 8 years, 15,2 hh, Grey-Dapple",Andalusian,Stallion,8 years,53500,"Hinojosa Del Duque, ES",https://www.ehorses.com/andalusian-stallion-8years-152-hh-grey-dapple-dressagehorses-working-equitation-horses-baroquehorses-leisurehorses-hinojosa-del-duque/4742652.html
ehorses.com,"PRE Mix, Mare, 1 year, 15,2 hh, Pearl",PRE Mix,Mare,1 year,127329,"Stahnsdorf, DE",https://www.ehorses.com/pre-mare-1year-152-hh-pearl-baroquehorses-working-equitation-horses-breedinghorses-stahnsdorf/4520393.html
ehorses.com,"Oldenburg, Gelding, 4 years, 16,2 hh, Brown",Oldenburg,Gelding,4 years,224699,"Hemmoor, DE",https://www.ehorses.com/oldenburg-gelding-4years-162-hh-brown-dressagehorses-showjumpers-leisurehorses-carriagehorses-hemmoor/4748926.html
ehorses.com,"Ardennes, Stallion, 1 year, 15,1 hh, Brown",Ardennes,Stallion,1 year,16049,"Daleiden, DE",https://www.ehorses.com/ardennes-stallion-1year-151-hh-brown-leisurehorses-breedinghorses-carriagehorses-daleiden/4737044.html
ehorses.com,"Cruzado, Mare, 5 years, 14,3 hh, Dunalino",Cruzado,Mare,5 years,90939,"Daleiden, DE",https://www.ehorses.com/cruzado-mare-5years-143-hh-dunalino-dressagehorses-trailhorses-showjumpers-leisurehorses-daleiden/4728764.html
ehorses.com,"PRE Mix, Mare, 4 years, 15 hh, Black",PRE Mix,Mare,4 years,95230,"Daleiden, DE",https://www.ehorses.com/pre-mare-4years-15-hh-black-dressagehorses-showjumpers-leisurehorses-daleiden/4736735.html
ehorses.com,"Oldenburg, Mare, Foal (01/2026)",Oldenburg,Mare,Foal (01/2026),133750,"Wülfrath, DE",https://www.ehorses.com/oldenburg-mare-foals-dressagehorses-wuelfrath/3068517.html
ehorses.com,"Oldenburg, Mare, 8 years, 17,1 hh, Brown",Oldenburg,Mare,8 years,1070000,"Kronberg im Taunus, DE",https://www.ehorses.com/oldenburg-mare-8years-171-hh-brown-dressagehorses-kronberg-im-taunus/4626183.html
ehorses.com,"PRE Mix, Gelding, 7 years, 15,2 hh, Brown",PRE Mix,Gelding,7 years,85065,"Breda, NL",https://www.ehorses.com/pre-gelding-7years-152-hh-brown-dressagehorses-leisurehorses-breda/4748913.html
ehorses.com,"KWPN, Gelding, 9 years, 16,2 hh, Brown",KWPN,Gelding,9 years,321000,"Gerstetten, DE",https://www.ehorses.com/kwpn-gelding-9years-162-hh-brown-showjumpers-gerstetten/4748837.html
ehorses.com,"Welsh A (Mountain Pony), Mare, 10 years, 11,1 hh, Buckskin",Welsh A (Mountain Pony),Mare,10 years,37450,"Didam, NL",https://www.ehorses.com/welsh-a-mountain-pony-mare-10years-111-hh-buckskin-leisurehorses-didam/4748887.html
ehorses.com,"Oldenburg, Stallion, 3 years, 16 hh, Grey",Oldenburg,Stallion,3 years,321000,"Neumarkt in der Oberpfalz, DE",https://www.ehorses.com/oldenburg-stallion-3years-16-hh-grey-dressagehorses-neumarkt-in-der-oberpfalz/4642151.html
ehorses.com,"Friesian horses, Gelding, 8 years, 15,2 hh, Tobiano-all-colors",Friesian horses,Gelding,8 years,35350,"Wallingford KY, US",https://www.ehorses.com/friesian-horses-gelding-8years-152-hh-tobiano-all-colors-trailhorses-showhorses-wallingford-ky/4145721.html
ehorses.com,"Swiss Warmblood, Gelding, 7 years, 16,2 hh, Brown",Swiss Warmblood,Gelding,7 years,588500,"Aeugst, CH",https://www.ehorses.com/swiss-warmblood-gelding-7years-162-hh-brown-showjumpers-aeugst/4603183.html
ehorses.com,"PRE, Stallion, 4 years, 16 hh, Bay",PRE,Stallion,4 years,133750,"Hamburg, DE",https://www.ehorses.com/pre-stallion-4years-16-hh-bay-dressagehorses-working-equitation-horses-baroquehorses-leisurehorses-hamburg/4727280.html
ehorses.com,"Westphalian, Mare, 13 years, 16 hh, Brown",Westphalian,Mare,13 years,80250,"Dortmund, DE",https://www.ehorses.com/westphalian-mare-13years-16-hh-brown-breedinghorses-dressagehorses-dortmund/4685914.html
ehorses.com,"American Quarter Horse, Gelding, 8 years, 14,3 hh, Buckskin",American Quarter Horse,Gelding,8 years,35350,"Weatherford TX, US",https://www.ehorses.com/american-quarter-horse-gelding-8years-143-hh-buckskin-trailhorses-ranch-riding-horses-weatherford-tx/4199042.html
ehorses.com,"Welsh D (Cob), Gelding, 6 years, 14,1 hh, Grey",Welsh D (Cob),Gelding,6 years,40125,"Murska Soboda, SI",https://www.ehorses.com/welsh-d-cob-gelding-6years-141-hh-grey-showjumpers-carriagehorses-murska-soboda/4738331.html
ehorses.com,"German Riding Horse, Stallion, 3 years, Bay-Dark",German Riding Horse,Stallion,3 years,80250,"Neuenkirchen-Vörden, DE",https://www.ehorses.com/german-riding-horse-stallion-3years-bay-dark-dressagehorses-neuenkirchen-voerden/3827370.html
ehorses.com,"Mecklenburg Warmblood, Gelding, 6 years, 16,1 hh, Chestnut-Red",Mecklenburg Warmblood,Gelding,6 years,235399,"Plau am See, DE",https://www.ehorses.com/mecklenburg-warmblood-gelding-6years-161-hh-chestnut-red-showjumpers-eventinghorses-leisurehorses-plau-am-see/4744743.html
ehorses.com,"French riding pony, Gelding, 6 years, 14,2 hh, Black",French riding pony,Gelding,6 years,321000,"Mérignies, FR",https://www.ehorses.com/french-riding-pony-gelding-6years-142-hh-black-dressagehorses-merignies/4748865.html
ehorses.com,"Hanoverian, Gelding, 4 years, 16,3 hh, Chestnut-Red",Hanoverian,Gelding,4 years,321000,"Visbek, DE",https://www.ehorses.com/hanoverian-gelding-4years-163-hh-chestnut-red-dressagehorses-leisurehorses-visbek/4723792.html
ehorses.com,"Oldenburg, Gelding, 5 years, 16,1 hh, Brown",Oldenburg,Gelding,5 years,187250,"Visbek, DE",https://www.ehorses.com/oldenburg-gelding-5years-161-hh-brown-dressagehorses-leisurehorses-visbek/4677955.html
ehorses.com,"Hanoverian, Gelding, 7 years, 16,2 hh, Black",Hanoverian,Gelding,7 years,136960,"Blekendorf, DE",https://www.ehorses.com/hanoverian-gelding-7years-162-hh-black-dressagehorses-blekendorf/4748853.html
ehorses.com,"Icelandic Horse, Mare, 6 years, 13,2 hh",Icelandic Horse,Mare,6 years,126259,"Blunk, DE",https://www.ehorses.com/icelandic-horse-mare-6years-132-hh-leisurehorses-breedinghorses-blunk/4604705.html
ehorses.com,"Icelandic Horse, Mare, 14 years, 13 hh, Chestnut-Red",Icelandic Horse,Mare,14 years,95230,"Nehms, DE",https://www.ehorses.com/icelandic-horse-mare-14years-13-hh-chestnut-red-leisurehorses-gaitedhorses-nehms/4731082.html
ehorses.com,"Icelandic Horse, Mare, 4 years, 13,2 hh",Icelandic Horse,Mare,4 years,95230,"Blunk, DE",https://www.ehorses.com/icelandic-horse-mare-4years-132-hh-gaitedhorses-breedinghorses-leisurehorses-blunk/4282202.html
ehorses.com,"Icelandic Horse, Mare, 4 years, 13,2 hh",Icelandic Horse,Mare,4 years,95230,"Blunk, DE",https://www.ehorses.com/icelandic-horse-mare-4years-132-hh-leisurehorses-gaitedhorses-breedinghorses-blunk/4282173.html
ehorses.com,"Icelandic Horse, Mare, 4 years, 13,2 hh, Chestnut-Red",Icelandic Horse,Mare,4 years,98440,"Blunk, DE",https://www.ehorses.com/icelandic-horse-mare-4years-132-hh-chestnut-red-breedinghorses-gaitedhorses-leisurehorses-blunk/4282127.html
ehorses.com,"Icelandic Horse, Mare, 4 years, 13,2 hh",Icelandic Horse,Mare,4 years,98440,"Blunk, DE",https://www.ehorses.com/icelandic-horse-mare-4years-132-hh-breedinghorses-blunk/4282157.html
ehorses.com,"Icelandic Horse, Mare, 4 years, 13,2 hh, Black",Icelandic Horse,Mare,4 years,95230,"Bunk, DE",https://www.ehorses.com/icelandic-horse-mare-4years-132-hh-black-leisurehorses-gaitedhorses-breedinghorses-bunk/4282112.html
ehorses.com,"German Sport Horse, Gelding, 5 years, 16,1 hh, Chestnut-Red",German Sport Horse,Gelding,5 years,321000,"Michaelisbruch, DE",https://www.ehorses.com/german-sport-horse-gelding-5years-161-hh-chestnut-red-eventinghorses-showjumpers-dressagehorses-michaelisbruch/4748839.html
ehorses.com,"Irish Thoroughbred, Gelding, 8 years, 16,1 hh, Grey",Irish Thoroughbred,Gelding,8 years,160500,"Verden (Aller), DE",https://www.ehorses.com/irish-thoroughbred-gelding-8years-161-hh-grey-showjumpers-eventinghorses-leisurehorses-dressagehorses-verden-aller/950362.html
ehorses.com,"German Riding Pony, Mare, 7 years, 14,1 hh, Bay-Dark",German Riding Pony,Mare,7 years,83460,"Verden (Aller), DE",https://www.ehorses.com/german-riding-pony-mare-7years-141-hh-bay-dark-dressagehorses-breedinghorses-showjumpers-showhunter-verden-aller/949535.html
ehorses.com,"Belgian Sport Horse, Mare, 13 years, 16,1 hh, Bay",Belgian Sport Horse,Mare,13 years,235399,"Tök, HU",https://www.ehorses.com/belgian-sport-horse-mare-13years-161-hh-bay-showjumpers-breedinghorses-toek/4684944.html
ehorses.com,"Belgian Warmblood, Mare, 12 years, 15,3 hh, Chestnut",Belgian Warmblood,Mare,12 years,321000,"Forville, BE",https://www.ehorses.com/belgian-warmblood-mare-12years-153-hh-chestnut-showjumpers-forville/4174446.html
ehorses.com,"Freiberger, Mare, 10 years, 15,2 hh, Bay-Dark",Freiberger,Mare,10 years,73830,"Linkenbach, DE",https://www.ehorses.com/freiberger-mare-10years-152-hh-bay-dark-leisurehorses-trailhorses-westernhorses-dressagehorses-linkenbach/4748821.html
ehorses.com,"Hungarian Sport Horse, Gelding, 8 years, 16.1 hh, Grey",Hungarian Sport Horse,Gelding,8 years,133750,"Budapest, HU",https://www.ehorses.com/hungarian-sport-horse-gelding-8years-16-1-hh-grey-showjumpers-leisurehorses-dressagehorses-budapest/4742802.html
ehorses.com,"Hungarian Sport Horse, Gelding, 7 years, 16.1 hh, Chestnut",Hungarian Sport Horse,Gelding,7 years,105395,"Budapest, HU",https://www.ehorses.com/hungarian-sport-horse-gelding-7years-16-1-hh-chestnut-dressagehorses-showjumpers-leisurehorses-budapest/4738743.html
ehorses.com,"Latvian Warmblood, Mare, 6 years, 16 hh, Bay-Dark",Latvian Warmblood,Mare,6 years,160500,"Helsinki, FI",https://www.ehorses.com/latvian-warmblood-mare-6years-16-hh-bay-dark-showjumpers-dressagehorses-helsinki/4749774.html
ehorses.com,"Hanoverian, Gelding, 4 years, 16 hh, Chestnut-Red",Hanoverian,Gelding,4 years,588500,"Coin, ES",https://www.ehorses.com/hanoverian-gelding-4years-16-hh-chestnut-red-dressagehorses-working-equitation-horses-coin/4735214.html
ehorses.com,"German Sport Horse, Gelding, 8 years, 16.1 hh, Bay-Dark",German Sport Horse,Gelding,8 years,155150,"Grevenbroich, DE",https://www.ehorses.com/german-sport-horse-gelding-8years-16-1-hh-bay-dark-showjumpers-leisurehorses-dressagehorses-grevenbroich/4749777.html
ehorses.com,"Wuerttemberg, Stallion, 2 years, 15.2 hh, Chestnut-Red",Wuerttemberg,Stallion,2 years,80250,"Bramsche, DE",https://www.ehorses.com/wuerttemberg-stallion-2years-15-2-hh-chestnut-red-showhunter-showjumpers-bramsche/4731526.html
ehorses.com,"Icelandic Horse, Mare, 12 years, 13.2 hh, Brown",Icelandic Horse,Mare,12 years,192600,"Teisendorf, DE",https://www.ehorses.com/icelandic-horse-mare-12years-13-2-hh-brown-gaitedhorses-breedinghorses-leisurehorses-teisendorf/4740705.html
ehorses.com,"Oldenburg, Gelding, 7 years, Chestnut-Red",Oldenburg,Gelding,7 years,187250,"WilnsdorfWilnsdorf, DE",https://www.ehorses.com/oldenburg-gelding-7years-chestnut-red-dressagehorses-wilnsdorfwilnsdorf/4532452.html
ehorses.com,"Belgian Warmblood, Mare, 11 years, 17 hh, Brown",Belgian Warmblood,Mare,11 years,187250,"Wilnsdorf, DE",https://www.ehorses.com/belgian-warmblood-mare-11years-17-hh-brown-dressagehorses-leisurehorses-wilnsdorf/4697752.html
ehorses.com,"Belgian Warmblood, Gelding, 12 years, 16.1 hh, Bay",Belgian Warmblood,Gelding,12 years,856000,"Doetinchem, NL",https://www.ehorses.com/belgian-warmblood-gelding-12years-16-1-hh-bay-dressagehorses-doetinchem/4748816.html
ehorses.com,"Belgian Warmblood, Gelding, 4 years, 16.1 hh, Chestnut",Belgian Warmblood,Gelding,4 years,203300,"Muiden, NL",https://www.ehorses.com/belgian-warmblood-gelding-4years-16-1-hh-chestnut-dressagehorses-muiden/4748809.html
ehorses.com,"Rhinelander, Gelding, 6 years, 16 hh, Bay-Dark",Rhinelander,Gelding,6 years,80250,"Niederkassel, DE",https://www.ehorses.com/rhinelander-gelding-6years-16-hh-bay-dark-showjumpers-eventinghorses-leisurehorses-dressagehorses-niederkassel/4693375.html
ehorses.com,"Icelandic Horse, Gelding, 5 years, 13.2 hh, Buckskin",Icelandic Horse,Gelding,5 years,171200,"Euskirchen, DE",https://www.ehorses.com/icelandic-horse-gelding-5years-13-2-hh-buckskin-gaitedhorses-leisurehorses-euskirchen/4748800.html
ehorses.com,"Westphalian, Mare, 7 years, 16.1 hh, Brown",Westphalian,Mare,7 years,117699,"Rheine, DE",https://www.ehorses.com/westphalian-mare-7years-16-1-hh-brown-dressagehorses-showjumpers-leisurehorses-rheine/4700285.html
ehorses.com,"Holstein, Mare, 11 years, 16.1 hh, Grey",Holstein,Mare,11 years,267500,"Kollmar, DE",https://www.ehorses.com/holstein-mare-11years-16-1-hh-grey-showjumpers-kollmar/4748751.html
ehorses.com,"Oldenburg, Mare, 6 years, 16 hh, Black",Oldenburg,Mare,6 years,171200,"Schwäbisch Hall, DE",https://www.ehorses.com/oldenburg-mare-6years-16-hh-black-dressagehorses-showjumpers-leisurehorses-schwaebisch-hall/4748315.html
ehorses.com,"German Riding Horse, Gelding, 6 years, 17 hh, Brown",German Riding Horse,Gelding,6 years,321000,"Neißeaue, DE",https://www.ehorses.com/german-riding-horse-gelding-6years-17-hh-brown-eventinghorses-showjumpers-dressagehorses-neisseaue/4663535.html
ehorses.com,"Cruzado Mix, Gelding, 3 years, 16 hh, Grey-Blue-Tan",Cruzado Mix,Gelding,3 years,57779,"Nettetal, DE",https://www.ehorses.com/cruzado-gelding-3years-16-hh-grey-blue-tan-working-equitation-horses-baroquehorses-leisurehorses-dressagehorses-nettetal/4748754.html
ehorses.com,"Hanoverian, Mare, 4 years, 16 hh, Black",Hanoverian,Mare,4 years,347750,"Tornesch, DE",https://www.ehorses.com/hanoverian-mare-4years-16-hh-black-dressagehorses-tornesch/4748753.html
ehorses.com,"KWPN, Mare, 10 years, 16 hh, Black",KWPN,Mare,10 years,95230,"Nettetal, DE",https://www.ehorses.com/kwpn-mare-10years-16-hh-black-dressagehorses-breedinghorses-showjumpers-nettetal/4748744.html
ehorses.com,"Irish Sport Horse, Gelding, 8 years, 16 hh, Brown",Irish Sport Horse,Gelding,8 years,38520,"Norderstedt, DE",https://www.ehorses.com/irish-sport-horse-gelding-8years-16-hh-brown-showjumpers-eventinghorses-leisurehorses-dressagehorses-norderstedt/4699421.html
ehorses.com,"Irish Thoroughbred, Mare, 7 years, Brown",Irish Thoroughbred,Mare,7 years,38520,"Norderstedt, DE",https://www.ehorses.com/irish-thoroughbred-mare-7years-brown-dressagehorses-leisurehorses-norderstedt/4697898.html
ehorses.com,"Irish Sport Horse, Mare, 12 years, 15.2 hh, Brown",Irish Sport Horse,Mare,12 years,38520,"Norderstedt, DE",https://www.ehorses.com/irish-sport-horse-mare-12years-15-2-hh-brown-leisurehorses-norderstedt/4706524.html
ehorses.com,"Arabian Partbred, Gelding, 7 years, 14.2 hh, Grey",Arabian Partbred,Gelding,7 years,80250,"Gomadingen, DE",https://www.ehorses.com/arabian-partbred-gelding-7years-14-2-hh-grey-leisurehorses-trailhorses-endurancehorses-eventinghorses-gomadingen/4748740.html
ehorses.com,"Westphalian, Gelding, 4 years, 15.1 hh, Chestnut-Red",Westphalian,Gelding,4 years,107000,"Herten, DE",https://www.ehorses.com/westphalian-gelding-4years-15-1-hh-chestnut-red-dressagehorses-showjumpers-herten/4721245.html
ehorses.com,"Duelmen, Gelding, 3 years, 13.1 hh, Grullo",Duelmen,Gelding,3 years,42800,"Herten, DE",https://www.ehorses.com/duelmen-gelding-3years-13-1-hh-grullo-leisurehorses-showjumpers-dressagehorses-herten/4721282.html
ehorses.com,"KWPN, Mare, 6 years, 16.1 hh, Smoky-Black",KWPN,Mare,6 years,230049,"Goch, DE",https://www.ehorses.com/kwpn-mare-6years-16-1-hh-smoky-black-dressagehorses-breedinghorses-leisurehorses-goch/4664032.html
ehorses.com,"Holstein, Mare, 16 years, 16,1 hh, Brown",Holstein,Mare,16 years,96300,"tingev, DK",https://www.ehorses.com/holstein-mare-16years-161-hh-brown-leisurehorses-tingev/4056412.html
ehorses.com,"PRE Mix, Gelding, 7 years, 15,3 hh, Brown",PRE Mix,Gelding,7 years,144450,"Santa Olalla Del Cala, ES",https://www.ehorses.com/pre-gelding-7years-153-hh-brown-dressagehorses-leisurehorses-santa-olalla-del-cala/4715284.html
ehorses.com,"PRE, Mare, 5 years, Black",PRE,Mare,5 years,159430,"Klettgau, DE",https://www.ehorses.com/pre-mare-5years-black-dressagehorses-working-equitation-horses-breedinghorses-leisurehorses-klettgau/4170725.html
ehorses.com,"German Riding Pony, Mare, 11 years, 14,1 hh, Roan-Red",German Riding Pony,Mare,11 years,80250,"Gudensberg, DE",https://www.ehorses.com/german-riding-pony-mare-11years-141-hh-roan-red-dressagehorses-breedinghorses-showjumpers-leisurehorses-gudensberg/4711214.html
ehorses.com,"Czech Warmblood, Stallion, 1 year, Can be white",Czech Warmblood,Stallion,1 year,66340,"Krsice, CZ",https://www.ehorses.com/czech-warmblood-stallion-1year-can-be-white-showjumpers-breedinghorses-eventinghorses-dressagehorses-krsice/4647539.html
ehorses.com,"Noriker, Stallion, 9 years, 15,2 hh",Noriker,Stallion,9 years,58849,"Obertilliach, AT",https://www.ehorses.com/noriker-stallion-9years-152-hh-leisurehorses-obertilliach/3476643.html
ehorses.com,"PRE, Stallion, 3 years, 15,2 hh, Perlino",PRE,Stallion,3 years,133750,"Vejer de la Frontera, ES",https://www.ehorses.com/pre-stallion-3years-152-hh-perlino-breedinghorses-baroquehorses-leisurehorses-dressagehorses-vejer-de-la-frontera/4672064.html
ehorses.com,"Icelandic Horse, Gelding, 12 years, 13,1 hh, Brown",Icelandic Horse,Gelding,12 years,267500,"Zwingenberg, DE",https://www.ehorses.com/icelandic-horse-gelding-12years-131-hh-brown-gaitedhorses-leisurehorses-dressagehorses-zwingenberg/4737151.html
ehorses.com,"Haflinger Mix, Gelding, 11 years, 15 hh, Chestnut-Red",Haflinger Mix,Gelding,11 years,63129,"Nettetal, DE",https://www.ehorses.com/haflinger-gelding-11years-15-hh-chestnut-red-leisurehorses-baroquehorses-westernhorses-carriagehorses-nettetal/4748667.html
ehorses.com,"German Riding Pony, Stallion, 1 year, Chestnut",German Riding Pony,Stallion,1 year,37450,"Vreden, DE",https://www.ehorses.com/german-riding-pony-stallion-1year-chestnut-dressagehorses-vreden/4633196.html
ehorses.com,"PRE Mix, Stallion, 5 years, 16,1 hh, Bay-Dark",PRE Mix,Stallion,5 years,80250,"Galaroza (Huelva), ES",https://www.ehorses.com/pre-stallion-5years-161-hh-bay-dark-english-pleasure-leisurehorses-sire-dressagehorses-galaroza-huelva/4748699.html
ehorses.com,"Other Warmbloods, Mare, 11 years, 15,2 hh, Chestnut-Red",Other Warmbloods,Mare,11 years,66340,"Minden, DE",https://www.ehorses.com/other-warmbloods-mare-11years-152-hh-chestnut-red-leisurehorses-showjumpers-minden/4744430.html
ehorses.com,"Hanoverian, Mare, 13 years, 16,2 hh, Brown",Hanoverian,Mare,13 years,74900,"Minden, DE",https://www.ehorses.com/hanoverian-mare-13years-162-hh-brown-breedinghorses-minden/4721108.html
ehorses.com,"Holstein, Mare, 3 years, 15,3 hh, Grey",Holstein,Mare,3 years,90950,"Nusse, DE",https://www.ehorses.com/holstein-mare-3years-153-hh-grey-showjumpers-nusse/4726445.html
ehorses.com,"Holstein, Mare, 4 years, 16,1 hh, Bay-Dark",Holstein,Mare,4 years,160500,"Nusse, DE",https://www.ehorses.com/holstein-mare-4years-161-hh-bay-dark-dressagehorses-showjumpers-nusse/4682610.html
ehorses.com,"Holstein, Mare, 9 years, 16,1 hh, Brown",Holstein,Mare,9 years,90950,"Nusse, DE",https://www.ehorses.com/holstein-mare-9years-161-hh-brown-breedinghorses-nusse/4652102.html
ehorses.com,"Irish Sport Horse, Mare, 5 years, 16,1 hh, Black",Irish Sport Horse,Mare,5 years,197950,"Stadl-Paura, AT",https://www.ehorses.com/irish-sport-horse-mare-5years-161-hh-black-eventinghorses-showjumpers-stadl-paura/4723340.html
ehorses.com,"Irish Sport Horse, Gelding, 7 years, 16,1 hh, Bay-Dark",Irish Sport Horse,Gelding,7 years,310300,"Stadl-Paura, AT",https://www.ehorses.com/irish-sport-horse-gelding-7years-161-hh-bay-dark-eventinghorses-stadl-paura/4718750.html
ehorses.com,"Irish Thoroughbred, Gelding, 7 years, 16,1 hh, Chestnut",Irish Thoroughbred,Gelding,7 years,64199,"Stadl-Paura, AT",https://www.ehorses.com/irish-thoroughbred-gelding-7years-161-hh-chestnut-leisurehorses-eventinghorses-stadl-paura/4743724.html
ehorses.com,"Irish Thoroughbred, Gelding, 6 years, 16,1 hh, Bay-Dark",Irish Thoroughbred,Gelding,6 years,74900,"Stadl-Paura, AT",https://www.ehorses.com/irish-thoroughbred-gelding-6years-161-hh-bay-dark-leisurehorses-stadl-paura/4744518.html
ehorses.com,"German Sport Horse, Mare, 4 years, 16,3 hh, Black",German Sport Horse,Mare,4 years,85600,"Libbesdorf, DE",https://www.ehorses.com/german-sport-horse-mare-4years-163-hh-black-dressagehorses-breedinghorses-leisurehorses-libbesdorf/4704079.html
ehorses.com,"German Riding Horse, Gelding, 7 years, 15,2 hh, Grey",German Riding Horse,Gelding,7 years,116629,"Mettlach, DE",https://www.ehorses.com/german-riding-horse-gelding-7years-152-hh-grey-dressagehorses-showjumpers-mettlach/4748634.html
ehorses.com,"Hanoverian, Mare, 4 years, 16,3 hh, Black",Hanoverian,Mare,4 years,53500,"Wolnzach, DE",https://www.ehorses.com/hanoverian-mare-4years-163-hh-black-dressagehorses-breedinghorses-wolnzach/4748680.html
ehorses.com,"Holstein, Gelding, 9 years, 16,3 hh, Bay-Dark",Holstein,Gelding,9 years,588500,"Issum, DE",https://www.ehorses.com/holstein-gelding-9years-163-hh-bay-dark-showjumpers-issum/4748632.html
ehorses.com,"German Sport Horse, Mare, 8 years, 16,3 hh, Bay-Dark",German Sport Horse,Mare,8 years,492199,"PARDUBICE, CZ",https://www.ehorses.com/german-sport-horse-mare-8years-163-hh-bay-dark-showjumpers-pardubice/4582055.html
ehorses.com,"Hungarian Sport Horse, Gelding, 8 years, 16.1 hh, Grey",Hungarian Sport Horse,Gelding,8 years,133750,"Budapest, HU",https://www.ehorses.com/hungarian-sport-horse-gelding-8years-16-1-hh-grey-showjumpers-leisurehorses-dressagehorses-budapest/4742802.html
ehorses.com,"Hungarian Sport Horse, Gelding, 7 years, 16.1 hh, Chestnut",Hungarian Sport Horse,Gelding,7 years,105395,"Budapest, HU",https://www.ehorses.com/hungarian-sport-horse-gelding-7years-16-1-hh-chestnut-dressagehorses-showjumpers-leisurehorses-budapest/4738743.html
ehorses.com,"Latvian Warmblood, Mare, 6 years, 16 hh, Bay-Dark",Latvian Warmblood,Mare,6 years,160500,"Helsinki, FI",https://www.ehorses.com/latvian-warmblood-mare-6years-16-hh-bay-dark-showjumpers-dressagehorses-helsinki/4749774.html
ehorses.com,"Hanoverian, Gelding, 4 years, 16 hh, Chestnut-Red",Hanoverian,Gelding,4 years,588500,"Coin, ES",https://www.ehorses.com/hanoverian-gelding-4years-16-hh-chestnut-red-dressagehorses-working-equitation-horses-coin/4735214.html
ehorses.com,"German Sport Horse, Gelding, 8 years, 16.1 hh, Bay-Dark",German Sport Horse,Gelding,8 years,155150,"Grevenbroich, DE",https://www.ehorses.com/german-sport-horse-gelding-8years-16-1-hh-bay-dark-showjumpers-leisurehorses-dressagehorses-grevenbroich/4749777.html
ehorses.com,"Wuerttemberg, Stallion, 2 years, 15.2 hh, Chestnut-Red",Wuerttemberg,Stallion,2 years,80250,"Bramsche, DE",https://www.ehorses.com/wuerttemberg-stallion-2years-15-2-hh-chestnut-red-showhunter-showjumpers-bramsche/4731526.html
ehorses.com,"Icelandic Horse, Mare, 12 years, 13.2 hh, Brown",Icelandic Horse,Mare,12 years,192600,"Teisendorf, DE",https://www.ehorses.com/icelandic-horse-mare-12years-13-2-hh-brown-gaitedhorses-breedinghorses-leisurehorses-teisendorf/4740705.html
ehorses.com,"Oldenburg, Gelding, 7 years, Chestnut-Red",Oldenburg,Gelding,7 years,187250,"WilnsdorfWilnsdorf, DE",https://www.ehorses.com/oldenburg-gelding-7years-chestnut-red-dressagehorses-wilnsdorfwilnsdorf/4532452.html
ehorses.com,"Belgian Warmblood, Mare, 11 years, 17 hh, Brown",Belgian Warmblood,Mare,11 years,187250,"Wilnsdorf, DE",https://www.ehorses.com/belgian-warmblood-mare-11years-17-hh-brown-dressagehorses-leisurehorses-wilnsdorf/4697752.html
ehorses.com,"Westphalian, Mare, 5 years, 17.2 hh, Bay-Dark",Westphalian,Mare,5 years,181900,"Sankt Augustin, DE",https://www.ehorses.com/westphalian-mare-5years-17-2-hh-bay-dark-dressagehorses-sankt-augustin/4734971.html
ehorses.com,"Hanoverian, Gelding, 3 years, 16.2 hh, Bay-Dark",Hanoverian,Gelding,3 years,160500,"Sankt Augustin, DE",https://www.ehorses.com/hanoverian-gelding-3years-16-2-hh-bay-dark-dressagehorses-sankt-augustin/4735004.html
ehorses.com,"Hanoverian, Mare, 5 years, 15.2 hh, Brown",Hanoverian,Mare,5 years,41730,"Sankt Augustin, DE",https://www.ehorses.com/hanoverian-mare-5years-15-2-hh-brown-leisurehorses-working-equitation-horses-breedinghorses-dressagehorses-sankt-augustin/4735187.html
ehorses.com,"Westphalian, Mare, 4 years, 16.1 hh, Bay-Dark",Westphalian,Mare,4 years,53500,"Sankt Augustin, DE",https://www.ehorses.com/westphalian-mare-4years-16-1-hh-bay-dark-dressagehorses-breedinghorses-leisurehorses-sankt-augustin/4735412.html
ehorses.com,"Oldenburg-International (OS), Gelding, 13 years, 16.1 hh, Chestnut",Oldenburg-International (OS),Gelding,13 years,32099,"Paris 17, FR",https://www.ehorses.com/oldenburg-international-os-gelding-13years-16-1-hh-chestnut-showjumpers-leisurehorses-paris-17/4721745.html
ehorses.com,"Hungarian Sport Horse, Mare, 15 years, 16.1 hh, Brown",Hungarian Sport Horse,Mare,15 years,31029,"Szentes, HU",https://www.ehorses.com/hungarian-sport-horse-mare-15years-16-1-hh-brown-showjumpers-szentes/4724941.html
ehorses.com,"Thoroughbred, Gelding, 4 years, 15.1 hh, Brown",Thoroughbred,Gelding,4 years,28889,"Le Breil, Vieux-Pont-en-Auge, FR",https://www.ehorses.com/thoroughbred-gelding-4years-15-1-hh-brown-dressagehorses-showjumpers-le-breil-vieux-pont-en-auge/4733621.html
ehorses.com,"German Sport Horse, Gelding, 10 years, 16.1 hh, Bay-Dark",German Sport Horse,Gelding,10 years,26750,"Boulogne-Billancourt, FR",https://www.ehorses.com/german-sport-horse-gelding-10years-16-1-hh-bay-dark-gaitedhorses-showjumpers-boulogne-billancourt/4742294.html
ehorses.com,"German Sport Horse, Stallion, 3 years, 16.1 hh, Dun",German Sport Horse,Stallion,3 years,107000,"Békéscsaba, HU",https://www.ehorses.com/german-sport-horse-stallion-3years-16-1-hh-dun-showjumpers-leisurehorses-bekescsaba/4725084.html
ehorses.com,"Hanoverian, Gelding, 7 years, 16.2 hh, Bay-Dark",Hanoverian,Gelding,7 years,321000,"Kempen, DE",https://www.ehorses.com/hanoverian-gelding-7years-16-2-hh-bay-dark-dressagehorses-showhunter-leisurehorses-kempen/4746106.html
ehorses.com,"PRE, Mare, 19 years, 15.2 hh, Grullo",PRE,Mare,19 years,19795,"Achstetten, DE",https://www.ehorses.com/pre-mare-19years-15-2-hh-grullo-leisurehorses-breedinghorses-achstetten/4747754.html
ehorses.com,"PRE, Mare, 7 years, 15 hh, Grey",PRE,Mare,7 years,23540,"Jardinito, El (Cordoba) (Finca)Córdoba, ES",https://www.ehorses.com/pre-mare-7years-15-hh-grey-sire-leisurehorses-jardinito-el-cordoba-fincacordoba/4746166.html
ehorses.com,"PRE, Stallion, 1 year",PRE,Stallion,1 year,80250,"Las Piñas, ES",https://www.ehorses.com/pre-stallion-1year-dressagehorses-las-pinas/4309043.html
ehorses.com,"German Sport Horse, Mare, 6 years, Brown",German Sport Horse,Mare,6 years,909499,"Vechta, DE",https://www.ehorses.com/german-sport-horse-mare-6years-brown-dressagehorses-vechta/4748565.html
ehorses.com,"American Quarter Horse, Stallion, 3 years, 15 hh, Chestnut-Red",American Quarter Horse,Stallion,3 years,144450,"Alfeld (Leine), DE",https://www.ehorses.com/american-quarter-horse-stallion-3years-15-hh-chestnut-red-reininghorses-breedinghorses-westernhorses-alfeld-leine/4414196.html
ehorses.com,"PRE, Stallion, 6 years, 16.3 hh, Buckskin",PRE,Stallion,6 years,187250,"La Cabrera, ES",https://www.ehorses.com/pre-stallion-6years-16-3-hh-buckskin-baroquehorses-breedinghorses-sire-dressagehorses-la-cabrera/4745549.html
ehorses.com,"PRE, Stallion, 3 years, 17 hh, Black",PRE,Stallion,3 years,128399,"El Real De La Jara, ES",https://www.ehorses.com/pre-stallion-3years-17-hh-black-dressagehorses-working-equitation-horses-baroquehorses-leisurehorses-el-real-de-la-jara/4655716.html
ehorses.com,"Heavy Warmblood, Gelding, 6 years, 16 hh, Grey-Dapple",Heavy Warmblood,Gelding,6 years,74900,"Kamenz, DE",https://www.ehorses.com/heavy-warmblood-gelding-6years-16-hh-grey-dapple-carriagehorses-leisurehorses-kamenz/4742988.html
ehorses.com,"Lusitano, Stallion, 10 years, 16 hh, Black",Lusitano,Stallion,10 years,909499,"Santa Perpetua de Mogoda, ES",https://www.ehorses.com/lusitano-stallion-10years-16-hh-black-dressagehorses-working-equitation-horses-showhorses-breedinghorses-santa-perpetua-de-mogoda/4653461.html
ehorses.com,"American Quarter Horse, Gelding, 14 years, 14,3 hh, Palomino",American Quarter Horse,Gelding,14 years,35350,"Stephenville, TX, US",https://www.ehorses.com/american-quarter-horse-gelding-14years-143-hh-palomino-trailhorses-stephenville-tx/4634848.html
ehorses.com,"American Quarter Horse, Gelding, 7 years, Palomino",American Quarter Horse,Gelding,7 years,35350,"Salem IL, US",https://www.ehorses.com/american-quarter-horse-gelding-7years-palomino-trailhorses-ranch-riding-horses-salem-il/4592842.html
ehorses.com,"American Quarter Horse, Gelding, 13 years, 14,3 hh, Tobiano-all-colors",American Quarter Horse,Gelding,13 years,35350,"Lipan TX, US",https://www.ehorses.com/american-quarter-horse-gelding-13years-143-hh-tobiano-all-colors-trailhorses-ranch-riding-horses-lipan-tx/4406147.html
ehorses.com,"Oldenburg, Mare, 10 years, 16,1 hh, Black",Oldenburg,Mare,10 years,133750,"Bramsche, DE",https://www.ehorses.com/oldenburg-mare-10years-161-hh-black-breedinghorses-showjumpers-dressagehorses-bramsche/4387231.html
ehorses.com,"Welsh B, Gelding, 7 years, 12,1 hh, Chestnut-Red",Welsh B,Gelding,7 years,37450,"Rechnitz, AT",https://www.ehorses.com/welsh-b-gelding-7years-121-hh-chestnut-red-leisurehorses-showjumpers-carriagehorses-dressagehorses-rechnitz/4727846.html
ehorses.com,"PRE, Gelding, 1 year, 16 hh, Grey",PRE,Gelding,1 year,26750,"Córdoba, ES",https://www.ehorses.com/pre-gelding-1year-16-hh-grey-dressagehorses-leisurehorses-carriagehorses-cordoba/4745386.html
ehorses.com,"PRE, Stallion, 1 year, 16 hh, Brown",PRE,Stallion,1 year,28889,"Córdoba, ES",https://www.ehorses.com/pre-stallion-1year-16-hh-brown-eventinghorses-dressagehorses-cordoba/4745377.html
ehorses.com,"PRE, Gelding, 14 years, 15,1 hh, Brown",PRE,Gelding,14 years,41730,"Neustadt (Wied), DE",https://www.ehorses.com/pre-gelding-14years-151-hh-brown-leisurehorses-working-equitation-horses-showjumpers-dressagehorses-neustadt-wied/4745287.html
ehorses.com,"PRE, Stallion, 1 year, 16 hh, Brown",PRE,Stallion,1 year,26750,"Córdoba, ES",https://www.ehorses.com/pre-stallion-1year-16-hh-brown-eventinghorses-dressagehorses-cordoba/4745365.html
ehorses.com,"PRE, Gelding, 17 years, 15,2 hh, Grey",PRE,Gelding,17 years,31029,"Neustadt (Wied), DE",https://www.ehorses.com/pre-gelding-17years-152-hh-grey-leisurehorses-dressagehorses-neustadt-wied/4745284.html
ehorses.com,"Oldenburg-International (OS), Mare, 3 years, 16,2 hh, Grey-Dapple",Oldenburg-International (OS),Mare,3 years,321000,"Lübtheen, DE",https://www.ehorses.com/oldenburg-international-os-mare-3years-162-hh-grey-dapple-showjumpers-breedinghorses-eventinghorses-dressagehorses-luebtheen/4748545.html
ehorses.com,"Other Warmbloods, Mare, 7 years, 16 hh",Other Warmbloods,Mare,7 years,321000,"Riga, LV",https://www.ehorses.com/other-warmbloods-mare-7years-16-hh-showjumpers-eventinghorses-dressagehorses-riga/4741783.html
ehorses.com,"PRE, Gelding, 6 years, 16,1 hh, Grey",PRE,Gelding,6 years,80250,"Asperup, DK",https://www.ehorses.com/pre-gelding-6years-161-hh-grey-dressagehorses-baroquehorses-showjumpers-asperup/4744166.html
ehorses.com,"PRE, Stallion, 1 year, 16 hh, Grey",PRE,Stallion,1 year,26750,"Jardinito, El (Cordoba) (Finca), ES",https://www.ehorses.com/pre-stallion-1year-16-hh-grey-eventinghorses-dressagehorses-jardinito-el-cordoba-finca/4744006.html
ehorses.com,"PRE, Stallion, 3 years, 15,2 hh, Grey-Dapple",PRE,Stallion,3 years,48150,"Tabernas, ES",https://www.ehorses.com/pre-stallion-3years-152-hh-grey-dapple-eventinghorses-working-equitation-horses-leisurehorses-dressagehorses-tabernas/4743951.html
ehorses.com,"KWPN, Stallion, 3 years, 16,2 hh, Grey-Dapple",KWPN,Stallion,3 years,74900,"Békés, HU",https://www.ehorses.com/kwpn-stallion-3years-162-hh-grey-dapple-showjumpers-bekes/4676926.html
ehorses.com,"PRE, Stallion, 4 years, 15,2 hh, Dun",PRE,Stallion,4 years,64199,"Tabernas, ES",https://www.ehorses.com/pre-stallion-4years-152-hh-dun-eventinghorses-working-equitation-horses-breedinghorses-leisurehorses-tabernas/4743934.html
ehorses.com,"PRE, Stallion, 3 years, 15,3 hh, Perlino",PRE,Stallion,3 years,187250,"Povinz Malaga, ES",https://www.ehorses.com/pre-stallion-3years-153-hh-perlino-breedinghorses-working-equitation-horses-baroquehorses-dressagehorses-povinz-malaga/4743929.html
ehorses.com,"More ponies/small horses, Mare, 5 years, 15,1 hh, Grey-Dapple",More ponies/small horses,Mare,5 years,32099,"Békéscsaba, HU",https://www.ehorses.com/more-poniessmall-horses-mare-5years-151-hh-grey-dapple-leisurehorses-bekescsaba/4744867.html
ehorses.com,"PRE, Stallion, 2 years, 15,2 hh, Brown",PRE,Stallion,2 years,26750,"Tabernas, ES",https://www.ehorses.com/pre-stallion-2years-152-hh-brown-eventinghorses-doma-vaquera-working-equitation-horses-leisurehorses-tabernas/4743902.html
ehorses.com,"Trakehner, Gelding, 4 years, 16 hh, Bay-Dark",Trakehner,Gelding,4 years,85600,"Westerstede, DE",https://www.ehorses.com/trakehner-gelding-4years-16-hh-bay-dark-dressagehorses-eventinghorses-showjumpers-westerstede/4636928.html
ehorses.com,"PRE, Stallion, 4 years, 16 hh, Grey-Dark-Tan",PRE,Stallion,4 years,133750,"Vejer de la Frontera, ES",https://www.ehorses.com/pre-stallion-4years-16-hh-grey-dark-tan-leisurehorses-working-equitation-horses-dressagehorses-vejer-de-la-frontera/4743763.html
ehorses.com,"PRE, Mare, 2 years, 15,2 hh, Brown",PRE,Mare,2 years,133750,"vejer de la frontera, ES",https://www.ehorses.com/pre-mare-2years-152-hh-brown-dressagehorses-working-equitation-horses-leisurehorses-vejer-de-la-frontera/4743706.html
ehorses.com,"American Quarter Horse, Stallion, 9 years, 13,3 hh, Palomino",American Quarter Horse,Stallion,9 years,192600,"Neukirchen am Walde, AT",https://www.ehorses.com/american-quarter-horse-stallion-9years-133-hh-palomino-reininghorses-neukirchen-am-walde/4730377.html
ehorses.com,"American Quarter Horse, Gelding, 12 years, 14,2 hh, Palomino",American Quarter Horse,Gelding,12 years,35350,"Weatherford TX, US",https://www.ehorses.com/american-quarter-horse-gelding-12years-142-hh-palomino-trailhorses-ranch-riding-horses-weatherford-tx/4355531.html
ehorses.com,"Oldenburg, Mare, 6 years, 16,1 hh, Chestnut-Red",Oldenburg,Mare,6 years,133750,"Achtrup, DE",https://www.ehorses.com/oldenburg-mare-6years-161-hh-chestnut-red-dressagehorses-breedinghorses-showjumpers-leisurehorses-achtrup/4654039.html
ehorses.com,"Appaloosa, Gelding, 11 years, 14,1 hh, Roan-Bay",Appaloosa,Gelding,11 years,35350,"Paicines CA, US",https://www.ehorses.com/appaloosa-gelding-11years-141-hh-roan-bay-trailhorses-ranch-riding-horses-paicines-ca/4436563.html
ehorses.com,"Hungarian Sport Horse, Mare, 6 years, 16,1 hh, Chestnut",Hungarian Sport Horse,Mare,6 years,909499,"Debrecen, HU",https://www.ehorses.com/hungarian-sport-horse-mare-6years-161-hh-chestnut-dressagehorses-debrecen/4592101.html
ehorses.com,"PRE Mix, Gelding, 13 years, 15,2 hh, Grey",PRE Mix,Gelding,13 years,133750,"Stipsdorf, DE",https://www.ehorses.com/pre-gelding-13years-152-hh-grey-baroquehorses-working-equitation-horses-showhorses-leisurehorses-stipsdorf/4749541.html
ehorses.com,"Friesian horses, Mare, 4 years, 16,1 hh",Friesian horses,Mare,4 years,96300,"Dalen, NL",https://www.ehorses.com/friesian-horses-mare-4years-161-hh-leisurehorses-dalen/4512865.html
ehorses.com,"American Quarter Horse, Gelding, 8 years, 15 hh, Roan-Red",American Quarter Horse,Gelding,8 years,35350,"Level Green KY, US",https://www.ehorses.com/american-quarter-horse-gelding-8years-15-hh-roan-red-trailhorses-ranch-riding-horses-level-green-ky/4117515.html
ehorses.com,"Oldenburg, Mare, 16 years, 16 hh, Bay-Dark",Oldenburg,Mare,16 years,40125,"Dassel, DE",https://www.ehorses.com/oldenburg-mare-16years-16-hh-bay-dark-dressagehorses-showjumpers-dassel/4623869.html
ehorses.com,"Trakehner, Gelding, 3 years, Chestnut-Red",Trakehner,Gelding,3 years,80250,"Crivitz, DE",https://www.ehorses.com/trakehner-gelding-3years-chestnut-red-eventinghorses-showjumpers-carriagehorses-dressagehorses-crivitz/3709594.html
ehorses.com,"Anglo European Studbook, Gelding, 5 years, 15,3 hh, Brown",Anglo European Studbook,Gelding,5 years,63129,"Zieuwent, NL",https://www.ehorses.com/anglo-european-studbook-gelding-5years-153-hh-brown-showjumpers-eventinghorses-dressagehorses-zieuwent/4748511.html
ehorses.com,"Arabian horses, Mare, 4 years, 15,1 hh, Chestnut-Red",Arabian horses,Mare,4 years,85600,"Amtzell, DE",https://www.ehorses.com/arabian-horses-mare-4years-151-hh-chestnut-red-endurancehorses-breedinghorses-leisurehorses-dressagehorses-amtzell/4206638.html
ehorses.com,"Arabian horses, Mare, 12 years, 14,3 hh, Grey",Arabian horses,Mare,12 years,85600,"Amtzell, DE",https://www.ehorses.com/arabian-horses-mare-12years-143-hh-grey-leisurehorses-amtzell/4742202.html
ehorses.com,"KWPN, Gelding, 5 years, 16 hh, Black",KWPN,Gelding,5 years,133750,"Oosterhout, NL",https://www.ehorses.com/kwpn-gelding-5years-16-hh-black-sire-oosterhout/4748060.html
ehorses.com,"Cruzado Mix, Gelding, 5 years, 15,3 hh, Grey-Dark-Tan",Cruzado Mix,Gelding,5 years,26750,"Westerheim, DE",https://www.ehorses.com/cruzado-gelding-5years-153-hh-grey-dark-tan-leisurehorses-westerheim/4748169.html
ehorses.com,"Westphalian, Mare, 4 years, 15,3 hh, Black",Westphalian,Mare,4 years,105930,"Wachtendonk, DE",https://www.ehorses.com/westphalian-mare-4years-153-hh-black-dressagehorses-showjumpers-leisurehorses-wachtendonk/4723412.html
ehorses.com,"Hungarian Sport Horse, Gelding, 8 years, 16.1 hh, Grey",Hungarian Sport Horse,Gelding,8 years,133750,"Budapest, HU",https://www.ehorses.com/hungarian-sport-horse-gelding-8years-16-1-hh-grey-showjumpers-leisurehorses-dressagehorses-budapest/4742802.html
ehorses.com,"Hungarian Sport Horse, Gelding, 7 years, 16.1 hh, Chestnut",Hungarian Sport Horse,Gelding,7 years,105395,"Budapest, HU",https://www.ehorses.com/hungarian-sport-horse-gelding-7years-16-1-hh-chestnut-dressagehorses-showjumpers-leisurehorses-budapest/4738743.html
ehorses.com,"Latvian Warmblood, Mare, 6 years, 16 hh, Bay-Dark",Latvian Warmblood,Mare,6 years,160500,"Helsinki, FI",https://www.ehorses.com/latvian-warmblood-mare-6years-16-hh-bay-dark-showjumpers-dressagehorses-helsinki/4749774.html
ehorses.com,"Hanoverian, Gelding, 4 years, 16 hh, Chestnut-Red",Hanoverian,Gelding,4 years,588500,"Coin, ES",https://www.ehorses.com/hanoverian-gelding-4years-16-hh-chestnut-red-dressagehorses-working-equitation-horses-coin/4735214.html
ehorses.com,"German Sport Horse, Gelding, 8 years, 16.1 hh, Bay-Dark",German Sport Horse,Gelding,8 years,155150,"Grevenbroich, DE",https://www.ehorses.com/german-sport-horse-gelding-8years-16-1-hh-bay-dark-showjumpers-leisurehorses-dressagehorses-grevenbroich/4749777.html
ehorses.com,"Wuerttemberg, Stallion, 2 years, 15.2 hh, Chestnut-Red",Wuerttemberg,Stallion,2 years,80250,"Bramsche, DE",https://www.ehorses.com/wuerttemberg-stallion-2years-15-2-hh-chestnut-red-showhunter-showjumpers-bramsche/4731526.html
ehorses.com,"Icelandic Horse, Mare, 12 years, 13.2 hh, Brown",Icelandic Horse,Mare,12 years,192600,"Teisendorf, DE",https://www.ehorses.com/icelandic-horse-mare-12years-13-2-hh-brown-gaitedhorses-breedinghorses-leisurehorses-teisendorf/4740705.html
ehorses.com,"Oldenburg, Gelding, 7 years, Chestnut-Red",Oldenburg,Gelding,7 years,187250,"WilnsdorfWilnsdorf, DE",https://www.ehorses.com/oldenburg-gelding-7years-chestnut-red-dressagehorses-wilnsdorfwilnsdorf/4532452.html
ehorses.com,"Belgian Warmblood, Mare, 11 years, 17 hh, Brown",Belgian Warmblood,Mare,11 years,187250,"Wilnsdorf, DE",https://www.ehorses.com/belgian-warmblood-mare-11years-17-hh-brown-dressagehorses-leisurehorses-wilnsdorf/4697752.html
ehorses.com,"Connemara Mix, Gelding, 10 years, 14.2 hh, Grey",Connemara Mix,Gelding,10 years,105930,"Wachtendonk, DE",https://www.ehorses.com/connemara-gelding-10years-14-2-hh-grey-showjumpers-leisurehorses-dressagehorses-wachtendonk/4737452.html
ehorses.com,"Holstein, Mare, 14 years, 16 hh, Smoky-Black",Holstein,Mare,14 years,95230,"Wachtendonk, DE",https://www.ehorses.com/holstein-mare-14years-16-hh-smoky-black-showjumpers-leisurehorses-dressagehorses-wachtendonk/4747107.html
ehorses.com,"Hanoverian, Mare, 6 years, 16 hh, Bay-Dark",Hanoverian,Mare,6 years,133750,"Kempen, DE",https://www.ehorses.com/hanoverian-mare-6years-16-hh-bay-dark-dressagehorses-showjumpers-showhunter-leisurehorses-kempen/4721595.html
ehorses.com,"KWPN, Gelding, 5 years, 16 hh",KWPN,Gelding,5 years,267500,"Schladming, AT",https://www.ehorses.com/kwpn-gelding-5years-16-hh-showjumpers-schladming/4498498.html
ehorses.com,"Hanoverian, Gelding, 12 years, 17 hh, Grey",Hanoverian,Gelding,12 years,149800,"Heinsberg, DE",https://www.ehorses.com/hanoverian-gelding-12years-17-hh-grey-showjumpers-hunter-leisurehorses-dressagehorses-heinsberg/4739325.html
ehorses.com,"PRE, Stallion, 4 years, 16 hh, Grey-Dapple",PRE,Stallion,4 years,64199,"Sagunt/Sagunto, ES",https://www.ehorses.com/pre-stallion-4years-16-hh-grey-dapple-working-equitation-horses-doma-vaquera-gaitedhorses-baroquehorses-saguntsagunto/4231893.html
ehorses.com,"Hanoverian, Gelding, 5 years, 16.3 hh, Brown",Hanoverian,Gelding,5 years,235399,"Burscheid, DE",https://www.ehorses.com/hanoverian-gelding-5years-16-3-hh-brown-dressagehorses-burscheid/4728705.html
ehorses.com,"Hanoverian, Gelding, 4 years, 16 hh, Chestnut-Red",Hanoverian,Gelding,4 years,187250,"Tiddische, DE",https://www.ehorses.com/hanoverian-gelding-4years-16-hh-chestnut-red-dressagehorses-eventinghorses-tiddische/4520626.html
ehorses.com,"PRE Mix, Stallion, 3 years, 15.3 hh, Buckskin",PRE Mix,Stallion,3 years,101650,"Logroño, ES",https://www.ehorses.com/pre-stallion-3years-15-3-hh-buckskin-leisurehorses-working-equitation-horses-logrono/4748445.html
ehorses.com,"More ponies/small horses, Gelding, 9 years, 14.2 hh, Chestnut-Red",More ponies/small horses,Gelding,9 years,31029,"Plaue, DE",https://www.ehorses.com/more-poniessmall-horses-gelding-9years-14-2-hh-chestnut-red-westernhorses-leisurehorses-plaue/4730311.html
ehorses.com,"Hungarian Sport Horse, Gelding, 8 years, 16.1 hh, Grey",Hungarian Sport Horse,Gelding,8 years,133750,"Budapest, HU",https://www.ehorses.com/hungarian-sport-horse-gelding-8years-16-1-hh-grey-showjumpers-leisurehorses-dressagehorses-budapest/4742802.html
ehorses.com,"Hungarian Sport Horse, Gelding, 7 years, 16.1 hh, Chestnut",Hungarian Sport Horse,Gelding,7 years,105395,"Budapest, HU",https://www.ehorses.com/hungarian-sport-horse-gelding-7years-16-1-hh-chestnut-dressagehorses-showjumpers-leisurehorses-budapest/4738743.html
ehorses.com,"Latvian Warmblood, Mare, 6 years, 16 hh, Bay-Dark",Latvian Warmblood,Mare,6 years,160500,"Helsinki, FI",https://www.ehorses.com/latvian-warmblood-mare-6years-16-hh-bay-dark-showjumpers-dressagehorses-helsinki/4749774.html
ehorses.com,"Hanoverian, Gelding, 4 years, 16 hh, Chestnut-Red",Hanoverian,Gelding,4 years,588500,"Coin, ES",https://www.ehorses.com/hanoverian-gelding-4years-16-hh-chestnut-red-dressagehorses-working-equitation-horses-coin/4735214.html
ehorses.com,"German Sport Horse, Gelding, 8 years, 16.1 hh, Bay-Dark",German Sport Horse,Gelding,8 years,155150,"Grevenbroich, DE",https://www.ehorses.com/german-sport-horse-gelding-8years-16-1-hh-bay-dark-showjumpers-leisurehorses-dressagehorses-grevenbroich/4749777.html
ehorses.com,"Wuerttemberg, Stallion, 2 years, 15.2 hh, Chestnut-Red",Wuerttemberg,Stallion,2 years,80250,"Bramsche, DE",https://www.ehorses.com/wuerttemberg-stallion-2years-15-2-hh-chestnut-red-showhunter-showjumpers-bramsche/4731526.html
ehorses.com,"Icelandic Horse, Mare, 12 years, 13.2 hh, Brown",Icelandic Horse,Mare,12 years,192600,"Teisendorf, DE",https://www.ehorses.com/icelandic-horse-mare-12years-13-2-hh-brown-gaitedhorses-breedinghorses-leisurehorses-teisendorf/4740705.html
ehorses.com,"Oldenburg, Gelding, 7 years, Chestnut-Red",Oldenburg,Gelding,7 years,187250,"WilnsdorfWilnsdorf, DE",https://www.ehorses.com/oldenburg-gelding-7years-chestnut-red-dressagehorses-wilnsdorfwilnsdorf/4532452.html
ehorses.com,"Belgian Warmblood, Mare, 11 years, 17 hh, Brown",Belgian Warmblood,Mare,11 years,187250,"Wilnsdorf, DE",https://www.ehorses.com/belgian-warmblood-mare-11years-17-hh-brown-dressagehorses-leisurehorses-wilnsdorf/4697752.html
ehorses.com,"Oldenburg-International (OS), Mare, 12 years, 15.2 hh, Brown",Oldenburg-International (OS),Mare,12 years,208650,"Werlte, DE",https://www.ehorses.com/oldenburg-international-os-mare-12years-15-2-hh-brown-showjumpers-breedinghorses-werlte/4620429.html
ehorses.com,"KWPN, Mare, 6 years, 16.2 hh, Brown",KWPN,Mare,6 years,588500,"Joure, NL",https://www.ehorses.com/kwpn-mare-6years-16-2-hh-brown-dressagehorses-joure/4748378.html
ehorses.com,"Trakehner Mix, Mare, 14 years, 15.2 hh, Chestnut",Trakehner Mix,Mare,14 years,37450,"Wasserburg am Inn, DE",https://www.ehorses.com/trakehner-mare-14years-15-2-hh-chestnut-leisurehorses-wasserburg-am-inn/4733793.html
ehorses.com,"American Quarter Horse, Mare, 8 years, 15.1 hh, Palomino",American Quarter Horse,Mare,8 years,112349,"Wasserburg am Inn, DE",https://www.ehorses.com/american-quarter-horse-mare-8years-15-1-hh-palomino-reininghorses-leisurehorses-wasserburg-am-inn/4733778.html
ehorses.com,"German Riding Pony, Gelding, 5 years, 14.1 hh, Brown",German Riding Pony,Gelding,5 years,187250,"Frelsdorf, DE",https://www.ehorses.com/german-riding-pony-gelding-5years-14-1-hh-brown-dressagehorses-showjumpers-showhunter-leisurehorses-frelsdorf/4748355.html
ehorses.com,"Hanoverian Mix, Mare, 1 year, 16 hh, Brown",Hanoverian Mix,Mare,1 year,80250,"Générac, FR",https://www.ehorses.com/hanoverian-mare-1year-16-hh-brown-dressagehorses-breedinghorses-leisurehorses-generac/4748357.html
ehorses.com,"Westphalian, Mare, 6 years, 16.1 hh, Black",Westphalian,Mare,6 years,251449,"Bad Wörishofen, DE",https://www.ehorses.com/westphalian-mare-6years-16-1-hh-black-dressagehorses-breedinghorses-leisurehorses-bad-woerishofen/4748347.html
ehorses.com,"Lusitano Mix, Mare, 1 year, 15.2 hh, Black",Lusitano Mix,Mare,1 year,80250,"Générac, FR",https://www.ehorses.com/lusitano-mare-1year-15-2-hh-black-dressagehorses-working-equitation-horses-showhorses-leisurehorses-generac/4748345.html
ehorses.com,"Westphalian, Gelding, 10 years, 17.1 hh, Smoky-Black",Westphalian,Gelding,10 years,588500,"Mainburg, DE",https://www.ehorses.com/westphalian-gelding-10years-17-1-hh-smoky-black-showjumpers-showhunter-dressagehorses-mainburg/4732307.html
ehorses.com,"German Sport Horse, Mare, 5 years, 16 hh, Chestnut-Red",German Sport Horse,Mare,5 years,374500,"Bad Wörishofen, DE",https://www.ehorses.com/german-sport-horse-mare-5years-16-hh-chestnut-red-dressagehorses-breedinghorses-leisurehorses-bad-woerishofen/4748327.html
ehorses.com,"Holstein, Mare, 6 years, 16 hh, Brown",Holstein,Mare,6 years,321000,"Lohne (Oldenburg), DE",https://www.ehorses.com/holstein-mare-6years-16-hh-brown-showjumpers-breedinghorses-leisurehorses-dressagehorses-lohne-oldenburg/4577366.html
ehorses.com,"Oldenburg-International (OS), Mare, 5 years, 16.1 hh, Bay-Dark",Oldenburg-International (OS),Mare,5 years,133750,"Lohne (Oldenburg), DE",https://www.ehorses.com/oldenburg-international-os-mare-5years-16-1-hh-bay-dark-showjumpers-breedinghorses-leisurehorses-dressagehorses-lohne-oldenburg/4680850.html
ehorses.com,"Oldenburg-International (OS), Mare, 6 years, 15.3 hh, Bay-Dark",Oldenburg-International (OS),Mare,6 years,321000,"Lohne (Oldenburg), DE",https://www.ehorses.com/oldenburg-international-os-mare-6years-15-3-hh-bay-dark-showjumpers-breedinghorses-showhunter-dressagehorses-lohne-oldenburg/4680863.html
ehorses.com,"Hanoverian, Mare, 7 years, 16.2 hh, Black",Hanoverian,Mare,7 years,80250,"Gifhorn, DE",https://www.ehorses.com/hanoverian-mare-7years-16-2-hh-black-dressagehorses-breedinghorses-leisurehorses-gifhorn/4612530.html
ehorses.com,"Oldenburg, Gelding, 6 years, 17 hh, Bay-Dark",Oldenburg,Gelding,6 years,588500,"Jüchen, DE",https://www.ehorses.com/oldenburg-gelding-6years-17-hh-bay-dark-dressagehorses-juechen/4745405.html
ehorses.com,"German Sport Horse, Gelding, 8 years, 17.2 hh, Brown",German Sport Horse,Gelding,8 years,288900,"Wiernsheim, DE",https://www.ehorses.com/german-sport-horse-gelding-8years-17-2-hh-brown-showjumpers-leisurehorses-dressagehorses-wiernsheim/4748248.html
ehorses.com,"Gypsy Horse, Mare, 7 years, 12.2 hh, Champagne",Gypsy Horse,Mare,7 years,23540,"Issum, DE",https://www.ehorses.com/gypsy-horse-mare-7years-12-2-hh-champagne-leisurehorses-issum/4716021.html
ehorses.com,"Gypsy Horse, Stallion, 1 year, 12 hh, Champagne",Gypsy Horse,Stallion,1 year,31029,"Issum, DE",https://www.ehorses.com/gypsy-horse-stallion-1year-12-hh-champagne-leisurehorses-issum/4716069.html
ehorses.com,"KWPN, Stallion, 1 year, 12.2 hh, Smoky-Black",KWPN,Stallion,1 year,48150,"Issum, DE",https://www.ehorses.com/kwpn-stallion-1year-12-2-hh-smoky-black-dressagehorses-issum/4719437.html
ehorses.com,"American Quarter Horse, Gelding, 6 years, 15 hh, Buckskin",American Quarter Horse,Gelding,6 years,35350,"Weatherford TX, US",https://www.ehorses.com/american-quarter-horse-gelding-6years-15-hh-buckskin-trailhorses-ranch-riding-horses-weatherford-tx/4515872.html
ehorses.com,"German Riding Pony, Mare, 5 years, 14,1 hh, Chestnut-Red",German Riding Pony,Mare,5 years,50825,"Extertal, DE",https://www.ehorses.com/german-riding-pony-mare-5years-141-hh-chestnut-red-dressagehorses-breedinghorses-showjumpers-leisurehorses-extertal/4734583.html
ehorses.com,"Lusitano, Stallion, 6 years, 15,3 hh, Grey",Lusitano,Stallion,6 years,321000,"Navas Del Madroño, ES",https://www.ehorses.com/lusitano-stallion-6years-153-hh-grey-dressagehorses-navas-del-madrono/4668017.html
ehorses.com,"Oldenburg, Gelding, 3 years, 16,1 hh, Brown",Oldenburg,Gelding,3 years,53500,"Damme, DE",https://www.ehorses.com/oldenburg-gelding-3years-161-hh-brown-dressagehorses-damme/4520158.html
ehorses.com,"Danish Warmblood, Gelding, 8 years, 17,1 hh, Smoky-Black",Danish Warmblood,Gelding,8 years,909499,"Oberstadion, DE",https://www.ehorses.com/danish-warmblood-gelding-8years-171-hh-smoky-black-dressagehorses-oberstadion/4104225.html
ehorses.com,"Thoroughbred, Mare, 17 years, 17 hh, Bay",Thoroughbred,Mare,17 years,65650,"Fort Collins, CO, US",https://www.ehorses.com/thoroughbred-mare-17years-17-hh-bay-trailhorses-english-pleasure-showjumpers-dressagehorses-fort-collins-co/4463752.html
ehorses.com,"Anglo European Studbook, Stallion, 5 years, 16,1 hh, Chestnut",Anglo European Studbook,Stallion,5 years,80250,"Békéscsaba, HU",https://www.ehorses.com/anglo-european-studbook-stallion-5years-161-hh-chestnut-showjumpers-showhunter-bekescsaba/4416869.html
ehorses.com,"Draft Horse, Gelding, 4 years, 16,1 hh, Black",Draft Horse,Gelding,4 years,35350,"Jacksboro TX, US",https://www.ehorses.com/draft-horse-gelding-4years-161-hh-black-trailhorses-ranch-riding-horses-jacksboro-tx/4509214.html
ehorses.com,"Shetland Ponies, Stallion, 1 year, 8,1 hh, Chestnut-Red",Shetland Ponies,Stallion,1 year,8560,"Issum, DE",https://www.ehorses.com/shetland-ponies-stallion-1year-81-hh-chestnut-red-cowhorses-issum/4719446.html
ehorses.com,"Konik Mix, Stallion, 1 year, 12,1 hh, Dun",Konik Mix,Stallion,1 year,31029,"Issum, DE",https://www.ehorses.com/konik-stallion-1year-121-hh-dun-baroquehorses-issum/4720356.html
ehorses.com,"Other Warmbloods, Gelding, 11 years, 16,2 hh, Grey",Other Warmbloods,Gelding,11 years,84530,"Issum, DE",https://www.ehorses.com/other-warmbloods-gelding-11years-162-hh-grey-dressagehorses-issum/4719454.html
ehorses.com,"Other Thoroughbred Breeds, Mare, 7 years, 15,2 hh, Grey-Fleabitten",Other Thoroughbred Breeds,Mare,7 years,49220,"Issum, DE",https://www.ehorses.com/other-thoroughbred-breeds-mare-7years-152-hh-grey-fleabitten-endurancehorses-issum/4720046.html
ehorses.com,"Icelandic Horse, Mare, 5 years, 13,3 hh, Pinto",Icelandic Horse,Mare,5 years,187250,"Oberzent, DE",https://www.ehorses.com/icelandic-horse-mare-5years-133-hh-pinto-gaitedhorses-breedinghorses-leisurehorses-dressagehorses-oberzent/4748190.html
ehorses.com,"Czech Warmblood, Gelding, 15 years, 12 hh, Brown",Czech Warmblood,Gelding,15 years,40660,"Bergamo, IT",https://www.ehorses.com/czech-warmblood-gelding-15years-12-hh-brown-ranch-riding-horses-trailhorses-leisurehorses-bergamo/4748262.html
ehorses.com,"More ponies/small horses, Mare, 14 years, 12,2 hh, Pinto",More ponies/small horses,Mare,14 years,27819,"Ursensollen, DE",https://www.ehorses.com/more-poniessmall-horses-mare-14years-122-hh-pinto-leisurehorses-ursensollen/4748268.html
ehorses.com,"Hanoverian, Gelding, 3 years, 16,2 hh, Brown",Hanoverian,Gelding,3 years,112349,"Isernhagen, DE",https://www.ehorses.com/hanoverian-gelding-3years-162-hh-brown-dressagehorses-isernhagen/4707200.html
ehorses.com,"Hanoverian, Mare, 6 years, 16,1 hh, Bay-Dark",Hanoverian,Mare,6 years,267500,"Isernhagen, DE",https://www.ehorses.com/hanoverian-mare-6years-161-hh-bay-dark-dressagehorses-breedinghorses-leisurehorses-isernhagen/4707121.html
ehorses.com,"Anglo European Studbook, Mare, 7 years, 15,3 hh, Brown",Anglo European Studbook,Mare,7 years,627000,"Gossau SG, CH",https://www.ehorses.com/anglo-european-studbook-mare-7years-153-hh-brown-showjumpers-gossau-sg/4748183.html
ehorses.com,"Other Warmbloods, Gelding, 9 years, 15,1 hh, Brown",Other Warmbloods,Gelding,9 years,101650,"Ankum, DE",https://www.ehorses.com/other-warmbloods-gelding-9years-151-hh-brown-leisurehorses-showjumpers-ankum/4748172.html
ehorses.com,"Lusitano, Stallion, 8 years, 15,2 hh, Grey",Lusitano,Stallion,8 years,535000,"Sanlucar De Barrameda, ES",https://www.ehorses.com/lusitano-stallion-8years-152-hh-grey-dressagehorses-working-equitation-horses-baroquehorses-breedinghorses-sanlucar-de-barrameda/4748160.html
ehorses.com,"German Sport Horse, Gelding, 5 years, 16,2 hh, Bay-Dark",German Sport Horse,Gelding,5 years,69550,"Blekendorf, DE",https://www.ehorses.com/german-sport-horse-gelding-5years-162-hh-bay-dark-dressagehorses-leisurehorses-blekendorf/4680916.html
ehorses.com,"More ponies/small horses, Mare, 6 years, 14,1 hh, Black",More ponies/small horses,Mare,6 years,48150,"Blekendorf, DE",https://www.ehorses.com/more-poniessmall-horses-mare-6years-141-hh-black-leisurehorses-showjumpers-dressagehorses-blekendorf/4692984.html
ehorses.com,"Trakehner, Gelding, 7 years, 17 hh, Black",Trakehner,Gelding,7 years,181900,"Blekendorf, DE",https://www.ehorses.com/trakehner-gelding-7years-17-hh-black-dressagehorses-showjumpers-leisurehorses-blekendorf/4734554.html
ehorses.com,"Swiss Warmblood, Mare, 11 years, 15,2 hh, Bay-Dark",Swiss Warmblood,Mare,11 years,228000,"Bern, CH",https://www.ehorses.com/swiss-warmblood-mare-11years-152-hh-bay-dark-leisurehorses-showjumpers-dressagehorses-bern/4748151.html
ehorses.com,"Oldenburg, Mare, 4 years, Bay-Dark",Oldenburg,Mare,4 years,16049,"Fuldabrück, DE",https://www.ehorses.com/oldenburg-mare-4years-bay-dark-leisurehorses-fuldabrueck/4748071.html
ehorses.com,"Lusitano Mix, Gelding, 12 years, 14,3 hh, Dun",Lusitano Mix,Gelding,12 years,77040,"Jerez de la Frontera, ES",https://www.ehorses.com/lusitano-gelding-12years-143-hh-dun-leisurehorses-working-equitation-horses-carriagehorses-jerez-de-la-frontera/4748026.html
ehorses.com,"German Riding Pony, Gelding, 3 years, 14,3 hh, Dun",German Riding Pony,Gelding,3 years,64199,"Marsberg, DE",https://www.ehorses.com/german-riding-pony-gelding-3years-143-hh-dun-dressagehorses-marsberg/4738788.html
ehorses.com,"Lusitano, Mare, 5 years, 15,2 hh, Grey",Lusitano,Mare,5 years,214000,"Blankenberge, BE",https://www.ehorses.com/lusitano-mare-5years-152-hh-grey-dressagehorses-equitation-portugesa-working-equitation-horses-blankenberge/4722607.html
ehorses.com,"Hucul, Mare, 3 years, 13,2 hh, Dun",Hucul,Mare,3 years,40125,"Eggermühlen, DE",https://www.ehorses.com/hucul-mare-3years-132-hh-dun-leisurehorses-eggermuehlen/4687939.html
ehorses.com,"German Riding Pony, Gelding, 4 years, 14,2 hh, Palomino",German Riding Pony,Gelding,4 years,234329,"Kempen, DE",https://www.ehorses.com/german-riding-pony-gelding-4years-142-hh-palomino-dressagehorses-showjumpers-leisurehorses-kempen/4710517.html
ehorses.com,"PRE Mix, Mare, 3 years, 16,2 hh, Grey",PRE Mix,Mare,3 years,80250,"El Catllar, ES",https://www.ehorses.com/pre-mare-3years-162-hh-grey-dressagehorses-showjumpers-el-catllar/4053347.html
ehorses.com,"PRE Mix, Stallion, 15 years, 15,2 hh, White",PRE Mix,Stallion,15 years,321000,"Bas Rhin, FR",https://www.ehorses.com/pre-stallion-15years-152-hh-white-dressagehorses-bas-rhin/4739586.html
ehorses.com,"American Quarter Horse, Gelding, 7 years, 14,2 hh, Chestnut",American Quarter Horse,Gelding,7 years,35350,"Weatherford TX, US",https://www.ehorses.com/american-quarter-horse-gelding-7years-142-hh-chestnut-trailhorses-ranch-riding-horses-weatherford-tx/4429342.html
ehorses.com,"American Quarter Horse, Gelding, 8 years, 14,3 hh, Roan-Bay",American Quarter Horse,Gelding,8 years,35350,"Cleburne TX, US",https://www.ehorses.com/american-quarter-horse-gelding-8years-143-hh-roan-bay-trailhorses-ranch-riding-horses-cleburne-tx/4248027.html
ehorses.com,"KWPN, Gelding, 14 years, 16,2 hh, Bay",KWPN,Gelding,14 years,909499,"Mol, BE",https://www.ehorses.com/kwpn-gelding-14years-162-hh-bay-dressagehorses-mol/4642387.html
ehorses.com,"Westphalian, Mare, 1 year, 16 hh, Bay-Dark",Westphalian,Mare,1 year,80250,"Siegen, DE",https://www.ehorses.com/westphalian-mare-1year-16-hh-bay-dark-dressagehorses-breedinghorses-leisurehorses-siegen/4506785.html
ehorses.com,"Oldenburg, Gelding, 6 years, 17,1 hh, Bay-Dark",Oldenburg,Gelding,6 years,321000,"Siegen, DE",https://www.ehorses.com/oldenburg-gelding-6years-171-hh-bay-dark-dressagehorses-working-equitation-horses-leisurehorses-siegen/4687462.html
ehorses.com,"Trakehner, Gelding, 3 years, 16,1 hh, Chestnut-Red",Trakehner,Gelding,3 years,214000,"Löbau, DE",https://www.ehorses.com/trakehner-gelding-3years-161-hh-chestnut-red-dressagehorses-eventinghorses-leisurehorses-loebau/4676734.html
ehorses.com,"Connemara, Gelding, 5 years, 14,3 hh, Grey",Connemara,Gelding,5 years,108800,"Mountrath, IE",https://www.ehorses.com/connemara-gelding-5years-143-hh-grey-eventinghorses-showjumpers-leisurehorses-dressagehorses-mountrath/4681744.html
ehorses.com,"PRE, Stallion, 9 years, 15,2 hh",PRE,Stallion,9 years,909499,"Vinkeveen, NL",https://www.ehorses.com/pre-stallion-9years-152-hh-dressagehorses-vinkeveen/4361834.html
ehorses.com,"PRE Mix, Gelding, 6 years, 17 hh",PRE Mix,Gelding,6 years,909499,"Vinkeveen, NL",https://www.ehorses.com/pre-gelding-6years-17-hh-dressagehorses-vinkeveen/4482824.html
ehorses.com,"PRE Mix, Stallion, 7 years, 16,2 hh",PRE Mix,Stallion,7 years,588500,"Vinkeveen, NL",https://www.ehorses.com/pre-stallion-7years-162-hh-dressagehorses-vinkeveen/4482841.html
ehorses.com,"PRE, Stallion, 4 years, 14,2 hh, Buckskin",PRE,Stallion,4 years,80250,"Vejer de la Frontera, DE",https://www.ehorses.com/pre-stallion-4years-142-hh-buckskin-leisurehorses-baroquehorses-dressagehorses-vejer-de-la-frontera/4730490.html
ehorses.com,"Lusitano, Gelding, 6 years, 15,2 hh, Bay-Dark",Lusitano,Gelding,6 years,80250,"Vejer de la Frontera, ES",https://www.ehorses.com/lusitano-gelding-6years-152-hh-bay-dark-working-equitation-horses-leisurehorses-vejer-de-la-frontera/4730464.html
ehorses.com,"KWPN, Mare, 15 years, 16,2 hh, Brown",KWPN,Mare,15 years,85600,"Manche, FR",https://www.ehorses.com/kwpn-mare-15years-162-hh-brown-dressagehorses-breedinghorses-manche/4748032.html
ehorses.com,"Anglo European Studbook, Gelding, 5 years, 15,3 hh, Grey",Anglo European Studbook,Gelding,5 years,588500,"Piła, PL",https://www.ehorses.com/anglo-european-studbook-gelding-5years-153-hh-grey-showjumpers-endurancehorses-showhunter-leisurehorses-pia/4725624.html
ehorses.com,"Hanoverian, Mare, 6 years, 16 hh, Chestnut-Red",Hanoverian,Mare,6 years,588500,"Münster, DE",https://www.ehorses.com/hanoverian-mare-6years-16-hh-chestnut-red-dressagehorses-breedinghorses-leisurehorses-muenster/4700638.html
ehorses.com,"Oldenburg, Gelding, 5 years, 16,1 hh, Black",Oldenburg,Gelding,5 years,321000,"Münster, DE",https://www.ehorses.com/oldenburg-gelding-5years-161-hh-black-dressagehorses-leisurehorses-muenster/4700657.html
ehorses.com,"Holstein, Gelding, 9 years, 16,3 hh, Brown",Holstein,Gelding,9 years,588500,"Gadow, DE",https://www.ehorses.com/holstein-gelding-9years-163-hh-brown-showjumpers-dressagehorses-gadow/4748001.html
ehorses.com,"Selle Français, Gelding, 2 years, 16,2 hh, Brown",Selle Français,Gelding,2 years,160500,"Gironde, FR",https://www.ehorses.com/selle-francais-gelding-2years-162-hh-brown-dressagehorses-gironde/4747999.html
ehorses.com,"Oldenburg, Gelding, 9 years, 17 hh, Black",Oldenburg,Gelding,9 years,428000,"Ahrensburg, DE",https://www.ehorses.com/oldenburg-gelding-9years-17-hh-black-dressagehorses-leisurehorses-ahrensburg/4711528.html
ehorses.com,"Andalusian, Stallion, 7 years, 15,3 hh, Bay-Dark",Andalusian,Stallion,7 years,518949,"Ermelo, NL",https://www.ehorses.com/andalusian-stallion-7years-153-hh-bay-dark-dressagehorses-working-equitation-horses-baroquehorses-leisurehorses-ermelo/4737525.html
ehorses.com,"Lusitano, Stallion, 9 years, 16 hh, Cremello",Lusitano,Stallion,9 years,476149,"Ermelo, NL",https://www.ehorses.com/lusitano-stallion-9years-16-hh-cremello-dressagehorses-working-equitation-horses-baroquehorses-leisurehorses-ermelo/4731727.html
ehorses.com,"Andalusian, Stallion, 10 years, 16,1 hh, Grey-Dapple",Andalusian,Stallion,10 years,476149,"Ermelo, NL",https://www.ehorses.com/andalusian-stallion-10years-161-hh-grey-dapple-dressagehorses-working-equitation-horses-baroquehorses-leisurehorses-ermelo/4730033.html
ehorses.com,"Hanoverian, Mare, 4 years, 16,1 hh, Brown",Hanoverian,Mare,4 years,251449,"Scheeßel, DE",https://www.ehorses.com/hanoverian-mare-4years-161-hh-brown-dressagehorses-scheessel/4747982.html
ehorses.com,"KWPN, Gelding, 6 years, 16 hh, Brown",KWPN,Gelding,6 years,428000,"Gieten, NL",https://www.ehorses.com/kwpn-gelding-6years-16-hh-brown-dressagehorses-gieten/4207870.html
ehorses.com,"American Quarter Horse, Gelding, 6 years, 15,1 hh, Brown",American Quarter Horse,Gelding,6 years,144450,"Wilhelmsburg, AT",https://www.ehorses.com/american-quarter-horse-gelding-6years-151-hh-brown-trailhorses-leisurehorses-wilhelmsburg/4744404.html
ehorses.com,"Icelandic Horse, Mare, 5 years, 13,3 hh, Pinto",Icelandic Horse,Mare,5 years,187250,"Oberzent, DE",https://www.ehorses.com/icelandic-horse-mare-5years-133-hh-pinto-gaitedhorses-breedinghorses-leisurehorses-dressagehorses-oberzent/4748190.html
ehorses.com,"Hispano Arabian, Stallion, 14 years, 15,2 hh, Palomino",Hispano Arabian,Stallion,14 years,133750,"Hamburg, DE",https://www.ehorses.com/hispano-arabian-stallion-14years-152-hh-palomino-leisurehorses-working-equitation-horses-breedinghorses-dressagehorses-hamburg/4670848.html
ehorses.com,"Rhinelander, Gelding, 12 years, 17 hh, Smoky-Black",Rhinelander,Gelding,12 years,321000,"Krefeld, DE",https://www.ehorses.com/rhinelander-gelding-12years-17-hh-smoky-black-dressagehorses-leisurehorses-krefeld/4731638.html
ehorses.com,"NRPS, Gelding, 4 years, 16,2 hh, Black",NRPS,Gelding,4 years,187250,"Oosterhout, NL",https://www.ehorses.com/nrps-gelding-4years-162-hh-black-dressagehorses-oosterhout/4656952.html
ehorses.com,"Austrian Warmblood, Mare, 18 years, 15,2 hh, Brown",Austrian Warmblood,Mare,18 years,31029,"Zell an der Pram, AT",https://www.ehorses.com/austrian-warmblood-mare-18years-152-hh-brown-breedinghorses-leisurehorses-zell-an-der-pram/4738558.html
ehorses.com,"Other Warmbloods, Mare, 7 years, 16 hh",Other Warmbloods,Mare,7 years,321000,"Riga, LV",https://www.ehorses.com/other-warmbloods-mare-7years-16-hh-showjumpers-eventinghorses-dressagehorses-riga/4741783.html
ehorses.com,"Fjord Horses Mix, Stallion, 9 years, 13,2 hh, Buckskin",Fjord Horses Mix,Stallion,9 years,32099,"Békés, HU",https://www.ehorses.com/fjord-horses-stallion-9years-132-hh-buckskin-leisurehorses-bekes/4727250.html
ehorses.com,"Hanoverian, Mare, 5 years, 16,1 hh, Brown",Hanoverian,Mare,5 years,197950,"Stoetze, DE",https://www.ehorses.com/hanoverian-mare-5years-161-hh-brown-dressagehorses-stoetze/4683169.html
ehorses.com,"PRE Mix, Stallion, 6 years, 16 hh, Brown",PRE Mix,Stallion,6 years,187250,"Calañas, ES",https://www.ehorses.com/pre-stallion-6years-16-hh-brown-dressagehorses-doma-vaquera-working-equitation-horses-leisurehorses-calanas/4747956.html
ehorses.com,"Mecklenburg Warmblood, Gelding, 4 years, 15,2 hh, Palomino",Mecklenburg Warmblood,Gelding,4 years,321000,"Loewenberger Land, 30 min. von Berlin, DE",https://www.ehorses.com/mecklenburg-warmblood-gelding-4years-152-hh-palomino-dressagehorses-loewenberger-land-30-min--von-berlin/4631285.html
ehorses.com,"Westphalian, Gelding, 10 years, 17 hh, Brown",Westphalian,Gelding,10 years,85600,"Créteil, FR",https://www.ehorses.com/westphalian-gelding-10years-17-hh-brown-showjumpers-creteil/4747919.html
ehorses.com,"Oldenburg, Mare, 15 years, 16,1 hh, Brown",Oldenburg,Mare,15 years,90950,"Sankt Peter am Kammersberg, AT",https://www.ehorses.com/oldenburg-mare-15years-161-hh-brown-dressagehorses-breedinghorses-leisurehorses-sankt-peter-am-kammersberg/4747955.html
ehorses.com,"Oldenburg, Mare, 6 years, 16,1 hh, Grey-Dapple",Oldenburg,Mare,6 years,267500,"Griesheim, DE",https://www.ehorses.com/oldenburg-mare-6years-161-hh-grey-dapple-eventinghorses-showjumpers-leisurehorses-dressagehorses-griesheim/4747954.html
ehorses.com,"PRE Mix, Stallion, 5 years, 15,2 hh, Grey-Dapple",PRE Mix,Stallion,5 years,133750,"Sevilla, ES",https://www.ehorses.com/pre-stallion-5years-152-hh-grey-dapple-baroquehorses-doma-vaquera-leisurehorses-dressagehorses-sevilla/4695122.html
ehorses.com,"Anglo-Arab, Mare, 6 years, 15,2 hh, Pinto",Anglo-Arab,Mare,6 years,133750,"Sevilla, ES",https://www.ehorses.com/anglo-arab-mare-6years-152-hh-pinto-leisurehorses-sevilla/4720242.html
ehorses.com,"German Riding Horse, Mare, 7 years, 14,2 hh, Chestnut-Red",German Riding Horse,Mare,7 years,588500,"Sankt Peter am Kammersberg, AT",https://www.ehorses.com/german-riding-horse-mare-7years-142-hh-chestnut-red-showjumpers-breedinghorses-leisurehorses-dressagehorses-sankt-peter-am-kammersberg/4747944.html
ehorses.com,"Hanoverian, Gelding, 5 years, 16,2 hh, Grey-Dapple",Hanoverian,Gelding,5 years,128399,"Verden (Aller), DE",https://www.ehorses.com/hanoverian-gelding-5years-162-hh-grey-dapple-showjumpers-verden-aller/4747704.html
ehorses.com,"Oldenburg-International (OS), Mare, 10 years, Bay",Oldenburg-International (OS),Mare,10 years,631300,"Budapest, HU",https://www.ehorses.com/oldenburg-international-os-mare-10years-bay-showjumpers-budapest/4747660.html
ehorses.com,"Oldenburg-International (OS), Mare, 10 years, Bay",Oldenburg-International (OS),Mare,10 years,631300,"Budapest, HU",https://www.ehorses.com/oldenburg-international-os-mare-10years-bay-showjumpers-budapest/4747687.html
ehorses.com,"Hanoverian, Stallion, 1 year, 16,1 hh, Brown",Hanoverian,Stallion,1 year,48150,"Winsen (Luhe), DE",https://www.ehorses.com/hanoverian-stallion-1year-161-hh-brown-dressagehorses-eventinghorses-winsen-luhe/4547530.html
ehorses.com,"Hungarian Sport Horse, Gelding, 5 years, 17,1 hh, Grey",Hungarian Sport Horse,Gelding,5 years,213893,"Szatymaz, HU",https://www.ehorses.com/hungarian-sport-horse-gelding-5years-171-hh-grey-showjumpers-szatymaz/4711930.html
ehorses.com,"PRE, Stallion, 9 years, 15,2 hh, Grey-Dapple",PRE,Stallion,9 years,321000,"Wien, AT",https://www.ehorses.com/pre-stallion-9years-152-hh-grey-dapple-dressagehorses-showhorses-baroquehorses-leisurehorses-wien/3415681.html
ehorses.com,"Czech Warmblood, Stallion, 1 year, Can be white",Czech Warmblood,Stallion,1 year,66340,"Krsice, CZ",https://www.ehorses.com/czech-warmblood-stallion-1year-can-be-white-showjumpers-breedinghorses-eventinghorses-dressagehorses-krsice/4647539.html
ehorses.com,"Friesian horses, Gelding, 7 years, 15,3 hh, Black",Friesian horses,Gelding,7 years,227250,"Mount Vernon, US",https://www.ehorses.com/friesian-horses-gelding-7years-153-hh-black-ranch-riding-horses-trailhorses-mount-vernon/4251554.html
ehorses.com,"Holstein, Mare, 3 years, 16 hh, Bay-Dark",Holstein,Mare,3 years,85600,"Goch, DE",https://www.ehorses.com/holstein-mare-3years-16-hh-bay-dark-showjumpers-breedinghorses-eventinghorses-leisurehorses-goch/4701725.html
ehorses.com,"Oldenburg, Mare, 19 years, 16,3 hh, Chestnut-Red",Oldenburg,Mare,19 years,5350,"Gleiming, AT",https://www.ehorses.com/oldenburg-mare-19years-163-hh-chestnut-red-breedinghorses-gleiming/4496871.html
ehorses.com,"Trakehner, Mare, 1 year, Grey",Trakehner,Mare,1 year,74900,"Seibersbach, DE",https://www.ehorses.com/trakehner-mare-1year-grey-eventinghorses-showjumpers-seibersbach/4636889.html
ehorses.com,"PRE Mix, Stallion, 6 years, 16 hh, Bay-Dark",PRE Mix,Stallion,6 years,187250,"ALICANTE, ES",https://www.ehorses.com/pre-stallion-6years-16-hh-bay-dark-dressagehorses-leisurehorses-carriagehorses-alicante/4410631.html
ehorses.com,"Trakehner, Gelding, 6 years, 17 hh, Black",Trakehner,Gelding,6 years,80250,"Celle, DE",https://www.ehorses.com/trakehner-gelding-6years-17-hh-black-dressagehorses-eventinghorses-leisurehorses-celle/4696918.html
ehorses.com,"Trakehner, Mare, 5 years, 16,1 hh, Can be white",Trakehner,Mare,5 years,133750,"Großenkneten, DE",https://www.ehorses.com/trakehner-mare-5years-161-hh-can-be-white-eventinghorses-breedinghorses-leisurehorses-dressagehorses-grossenkneten/4599953.html
ehorses.com,"German Riding Pony, Stallion, 21 years, 14,3 hh, Smoky-Black",German Riding Pony,Stallion,21 years,29959,"Wildeshausen, DE",https://www.ehorses.com/german-riding-pony-stallion-21years-143-hh-smoky-black-dressagehorses-leisurehorses-sire-wildeshausen/4649185.html
ehorses.com,"Trakehner, Mare, 4 years, 16,1 hh, Brown",Trakehner,Mare,4 years,187250,"Großenkneten, DE",https://www.ehorses.com/trakehner-mare-4years-161-hh-brown-dressagehorses-breedinghorses-eventinghorses-leisurehorses-grossenkneten/4683104.html
ehorses.com,"Other Warmbloods, Mare, 7 years, Palomino",Other Warmbloods,Mare,7 years,66875,"Den Ham, NL",https://www.ehorses.com/other-warmbloods-mare-7years-palomino-dressagehorses-den-ham/4731471.html
ehorses.com,"Icelandic Horse, Gelding, 9 years, 13,2 hh, Brown",Icelandic Horse,Gelding,9 years,101650,"Oldendorf, DE",https://www.ehorses.com/icelandic-horse-gelding-9years-132-hh-brown-gaitedhorses-leisurehorses-dressagehorses-oldendorf/4747780.html
ehorses.com,"Hanoverian, Mare, 8 years, 16,1 hh, Brown",Hanoverian,Mare,8 years,321000,"Frankfurt am Main, DE",https://www.ehorses.com/hanoverian-mare-8years-161-hh-brown-dressagehorses-frankfurt-am-main/4063043.html
ehorses.com,"Westphalian, Gelding, 7 years, 16,1 hh, Chestnut-Red",Westphalian,Gelding,7 years,588500,"Frankfurt am Main, DE",https://www.ehorses.com/westphalian-gelding-7years-161-hh-chestnut-red-dressagehorses-frankfurt-am-main/4064413.html
ehorses.com,"Westphalian, Gelding, 8 years, 16,1 hh, Brown",Westphalian,Gelding,8 years,321000,"Frankfurt am Main, DE",https://www.ehorses.com/westphalian-gelding-8years-161-hh-brown-dressagehorses-frankfurt-am-main/4064524.html
ehorses.com,"Westphalian, Gelding, 6 years, 17 hh, Black",Westphalian,Gelding,6 years,588500,"Herbstein, DE",https://www.ehorses.com/westphalian-gelding-6years-17-hh-black-dressagehorses-working-equitation-horses-leisurehorses-herbstein/4747771.html
ehorses.com,"Thoroughbred, Mare, 9 years, 16 hh, Brown",Thoroughbred,Mare,9 years,40125,"Sint Maarten, NL",https://www.ehorses.com/thoroughbred-mare-9years-16-hh-brown-breedinghorses-sint-maarten/4692820.html
ehorses.com,"Westphalian, Stallion, 1 year, 16,2 hh, Brown",Westphalian,Stallion,1 year,80250,"Schwerte, DE",https://www.ehorses.com/westphalian-stallion-1year-162-hh-brown-showjumpers-schwerte/4542826.html
ehorses.com,"KWPN, Gelding, 3 years, 16,1 hh, Black",KWPN,Gelding,3 years,80250,"Moergestel, NL",https://www.ehorses.com/kwpn-gelding-3years-161-hh-black-dressagehorses-moergestel/4747752.html
ehorses.com,"Hanoverian, Gelding, 9 years, 16,2 hh, Smoky-Black",Hanoverian,Gelding,9 years,160500,"Leipzig, DE",https://www.ehorses.com/hanoverian-gelding-9years-162-hh-smoky-black-showjumpers-leisurehorses-dressagehorses-leipzig/4736789.html
ehorses.com,"Holstein, Stallion, 3 years, 16,1 hh, Brown",Holstein,Stallion,3 years,187250,"Bargenstedt, DE",https://www.ehorses.com/holstein-stallion-3years-161-hh-brown-showjumpers-eventinghorses-showhunter-bargenstedt/4726907.html
ehorses.com,"Zangersheider, Mare, 7 years, 16,2 hh, Chestnut-Red",Zangersheider,Mare,7 years,171200,"Mossautal, DE",https://www.ehorses.com/zangersheider-mare-7years-162-hh-chestnut-red-showjumpers-mossautal/1733771.html
ehorses.com,"Shagya Arabian, Gelding, 16 years, 14,2 hh, Brown",Shagya Arabian,Gelding,16 years,5350,"Neuhaus in der Wart, AT",https://www.ehorses.com/shagya-arabian-gelding-16years-142-hh-brown-leisurehorses-neuhaus-in-der-wart/4700461.html
ehorses.com,"German Riding Horse, Stallion, 2 years, 17 hh, Brown",German Riding Horse,Stallion,2 years,46010,"Wehringen, DE",https://www.ehorses.com/german-riding-horse-stallion-2years-17-hh-brown-dressagehorses-eventinghorses-showjumpers-wehringen/4701652.html
ehorses.com,"American Quarter Horse, Gelding, 12 years, 14,3 hh, Palomino",American Quarter Horse,Gelding,12 years,35350,"Bitterwater CA, US",https://www.ehorses.com/american-quarter-horse-gelding-12years-143-hh-palomino-trailhorses-ranch-riding-horses-bitterwater-ca/4090864.html
ehorses.com,"Lusitano, Gelding, 7 years, 16,1 hh, Bay",Lusitano,Gelding,7 years,235399,"Płoniawy Bramura, PL",https://www.ehorses.com/lusitano-gelding-7years-161-hh-bay-working-equitation-horses-dressagehorses-poniawy-bramura/4740022.html
ehorses.com,"American Quarter Horse, Gelding, 10 years, 15 hh, Tobiano-all-colors",American Quarter Horse,Gelding,10 years,35350,"Stephenville Tx, US",https://www.ehorses.com/american-quarter-horse-gelding-10years-15-hh-tobiano-all-colors-trailhorses-ranch-riding-horses-stephenville-tx/4277590.html
ehorses.com,"German Riding Horse, Gelding, 12 years, 14,2 hh, Brown",German Riding Horse,Gelding,12 years,187250,"Enzesfeld-Lindabrunn, AT",https://www.ehorses.com/german-riding-horse-gelding-12years-142-hh-brown-dressagehorses-eventinghorses-showjumpers-enzesfeld-lindabrunn/4658684.html
ehorses.com,"American Quarter Horse, Gelding, 17 years, 14,2 hh, Sorrel",American Quarter Horse,Gelding,17 years,35350,"Stephenville TX, US",https://www.ehorses.com/american-quarter-horse-gelding-17years-142-hh-sorrel-trailhorses-ranch-riding-horses-stephenville-tx/4515920.html
ehorses.com,"More ponies/small horses, Gelding, 6 years, 12,1 hh, Grey-Dapple",More ponies/small horses,Gelding,6 years,32099,"Rechnitz, AT",https://www.ehorses.com/more-poniessmall-horses-gelding-6years-121-hh-grey-dapple-leisurehorses-showjumpers-carriagehorses-dressagehorses-rechnitz/4746144.html
ehorses.com,"Oldenburg-International (OS), Stallion, 1 year, Brown",Oldenburg-International (OS),Stallion,1 year,74900,"Cloppenburg, DE",https://www.ehorses.com/oldenburg-international-os-stallion-1year-brown-showjumpers-cloppenburg/4608241.html
ehorses.com,"Other Breeds, Mare, 6 years, 15 hh, Chestnut-Red",Other Breeds,Mare,6 years,48150,"Buttstädt, DE",https://www.ehorses.com/other-breeds-mare-6years-15-hh-chestnut-red-leisurehorses-carriagehorses-buttstaedt/4747715.html
ehorses.com,"Wuerttemberg, Mare, 15 years, Chestnut-Red",Wuerttemberg,Mare,15 years,107000,"Gundelfingen an der Donau, DE",https://www.ehorses.com/wuerttemberg-mare-15years-chestnut-red-breedinghorses-gundelfingen-an-der-donau/4747673.html
ehorses.com,"PRE, Gelding, 4 years, 17,2 hh, Brown",PRE,Gelding,4 years,187250,"Arjona, ES",https://www.ehorses.com/pre-gelding-4years-172-hh-brown-baroquehorses-breedinghorses-arjona/4694006.html
ehorses.com,"PRE, Mare, 2 years, 15,1 hh, Dun",PRE,Mare,2 years,80250,"Arjona, ES",https://www.ehorses.com/pre-mare-2years-151-hh-dun-breedinghorses-arjona/4694148.html
ehorses.com,"Hanoverian, Mare, 5 years, 16,1 hh, Bay-Dark",Hanoverian,Mare,5 years,321000,"Meinhard, DE",https://www.ehorses.com/hanoverian-mare-5years-161-hh-bay-dark-dressagehorses-breedinghorses-leisurehorses-meinhard/4719836.html
ehorses.com,"KWPN, Gelding, 5 years, 16,2 hh, Bay-Dark",KWPN,Gelding,5 years,133750,"Grieselstein, AT",https://www.ehorses.com/kwpn-gelding-5years-162-hh-bay-dark-dressagehorses-leisurehorses-grieselstein/4742810.html
ehorses.com,"Holstein, Gelding, 12 years, Brown",Holstein,Gelding,12 years,406600,"Gundelfingen an der Donau, DE",https://www.ehorses.com/holstein-gelding-12years-brown-showjumpers-gundelfingen-an-der-donau/4747661.html
ehorses.com,"More ponies/small horses, Gelding, 3 years, 12,1 hh, Palomino",More ponies/small horses,Gelding,3 years,26750,"Rechnitz, AT",https://www.ehorses.com/more-poniessmall-horses-gelding-3years-121-hh-palomino-leisurehorses-showjumpers-carriagehorses-dressagehorses-rechnitz/4734813.html
ehorses.com,"More ponies/small horses, Mare, 8 years, 12,1 hh, Brown",More ponies/small horses,Mare,8 years,26750,"Rechnitz, AT",https://www.ehorses.com/more-poniessmall-horses-mare-8years-121-hh-brown-leisurehorses-rechnitz/4747652.html
ehorses.com,"Icelandic Horse, Gelding, 12 years, 13,1 hh, Brown",Icelandic Horse,Gelding,12 years,267500,"Zwingenberg, DE",https://www.ehorses.com/icelandic-horse-gelding-12years-131-hh-brown-gaitedhorses-leisurehorses-dressagehorses-zwingenberg/4737151.html
ehorses.com,"PRE, Stallion, 2 years, 16,1 hh, Bay-Dark",PRE,Stallion,2 years,128399,"Segovia, ES",https://www.ehorses.com/pre-stallion-2years-161-hh-bay-dark-dressagehorses-gaitedhorses-segovia/4741605.html
ehorses.com,"PRE, Gelding, 11 years, 15,3 hh, Bay-Dark",PRE,Gelding,11 years,53500,"Villanueva de la Concepción, ES",https://www.ehorses.com/pre-gelding-11years-153-hh-bay-dark-dressagehorses-villanueva-de-la-concepcion/4742582.html
ehorses.com,"PRE, Gelding, 8 years, 16,2 hh, Bay-Dark",PRE,Gelding,8 years,133750,"Campo De Camara (Almogia), ES",https://www.ehorses.com/pre-gelding-8years-162-hh-bay-dark-dressagehorses-campo-de-camara-almogia/4742528.html
ehorses.com,"German Sport Horse, Mare, 6 years, 17 hh, Smoky-Black",German Sport Horse,Mare,6 years,214000,"Arnstorf, DE",https://www.ehorses.com/german-sport-horse-mare-6years-17-hh-smoky-black-dressagehorses-arnstorf/4747632.html
ehorses.com,"Haflinger Mix, Mare, 18 years, 14,2 hh",Haflinger Mix,Mare,18 years,17120,"Oettingen in Bayern, DE",https://www.ehorses.com/haflinger-mare-18years-142-hh-leisurehorses-oettingen-in-bayern/4715471.html
ehorses.com,"Hanoverian, Mare, 8 years, 16,1 hh, Black",Hanoverian,Mare,8 years,32099,"Friedeburg Reepsholt, Hoheesche, DE",https://www.ehorses.com/hanoverian-mare-8years-161-hh-black-showjumpers-friedeburg-reepsholt-hoheesche/4744627.html
ehorses.com,"Andalusian, Stallion, 6 years, 16 hh, Grey-Dapple",Andalusian,Stallion,6 years,251449,"Ermelo, NL",https://www.ehorses.com/andalusian-stallion-6years-16-hh-grey-dapple-dressagehorses-working-equitation-horses-baroquehorses-leisurehorses-ermelo/4746585.html
ehorses.com,"KWPN, Gelding, 4 years, 17,1 hh, Brown",KWPN,Gelding,4 years,133750,"Oosterhout, NL",https://www.ehorses.com/kwpn-gelding-4years-171-hh-brown-dressagehorses-oosterhout/4747147.html
ehorses.com,"Trakehner, Mare, 2 years, Brown",Trakehner,Mare,2 years,74900,"Bismark, DE",https://www.ehorses.com/trakehner-mare-2years-brown-dressagehorses-eventinghorses-bismark/4603166.html
ehorses.com,"Connemara, Mare, 16 years, 14,3 hh, Grey",Connemara,Mare,16 years,80250,"Waldshut-Tiengen, DE",https://www.ehorses.com/connemara-mare-16years-143-hh-grey-leisurehorses-westernhorses-waldshut-tiengen/4262914.html
ehorses.com,"Lusitano, Stallion, 11 years, 16 hh, Grey-Dapple",Lusitano,Stallion,11 years,2140000,"Martfeld, DE",https://www.ehorses.com/lusitano-stallion-11years-16-hh-grey-dapple-dressagehorses-working-equitation-horses-showhorses-baroquehorses-martfeld/4722475.html
ehorses.com,"American Quarter Horse, Mare, 13 years, 15,2 hh, Roan-Red",American Quarter Horse,Mare,13 years,35350,"Rusk TX, US",https://www.ehorses.com/american-quarter-horse-mare-13years-152-hh-roan-red-trailhorses-ranch-riding-horses-rusk-tx/4582058.html
ehorses.com,"PRE Mix, Stallion, 6 years, 16 hh, Bay",PRE Mix,Stallion,6 years,187250,"Caceres, ES",https://www.ehorses.com/pre-stallion-6years-16-hh-bay-dressagehorses-leisurehorses-caceres/4517525.html
ehorses.com,"Arabian Partbred, Stallion, 12 years, 15 hh, Pinto",Arabian Partbred,Stallion,12 years,40125,"Rot an der Rot, DE",https://www.ehorses.com/arabian-partbred-stallion-12years-15-hh-pinto-endurancehorses-leisurehorses-rot-an-der-rot/4620764.html
ehorses.com,"Andalusian, Stallion, 5 years, 16 hh, Brown",Andalusian,Stallion,5 years,90950,"Ermelo, NL",https://www.ehorses.com/andalusian-stallion-5years-16-hh-brown-dressagehorses-working-equitation-horses-trailhorses-leisurehorses-ermelo/4747255.html
ehorses.com,"German Riding Horse, Gelding, 4 years, 16,1 hh, Grey-Dark-Tan",German Riding Horse,Gelding,4 years,74889,"Erkelenz, DE",https://www.ehorses.com/german-riding-horse-gelding-4years-161-hh-grey-dark-tan-dressagehorses-showjumpers-carriagehorses-erkelenz/4747459.html
ehorses.com,"German Riding Pony, Mare, 3 years, 14 hh, Chestnut-Red",German Riding Pony,Mare,3 years,38520,"Erkelenz, DE",https://www.ehorses.com/german-riding-pony-mare-3years-14-hh-chestnut-red-dressagehorses-showjumpers-carriagehorses-erkelenz/4747495.html
ehorses.com,"Andalusian, Stallion, 5 years, 15,2 hh, Black",Andalusian,Stallion,5 years,160500,"Ermelo, NL",https://www.ehorses.com/andalusian-stallion-5years-152-hh-black-dressagehorses-working-equitation-horses-baroquehorses-leisurehorses-ermelo/4747551.html
ehorses.com,"Holstein, Gelding, 13 years, 16,1 hh, Grey-Fleabitten",Holstein,Gelding,13 years,331700,"Schmilau, DE",https://www.ehorses.com/holstein-gelding-13years-161-hh-grey-fleabitten-showjumpers-schmilau/4401259.html
ehorses.com,"Westphalian, Mare, 5 years, 16 hh, Grey-Dapple",Westphalian,Mare,5 years,235399,"Schmilau, DE",https://www.ehorses.com/westphalian-mare-5years-16-hh-grey-dapple-showjumpers-schmilau/4455110.html
ehorses.com,"Holstein, Gelding, 4 years, 16,1 hh, Brown",Holstein,Gelding,4 years,149800,"Mustin, DE",https://www.ehorses.com/holstein-gelding-4years-161-hh-brown-showjumpers-mustin/4487126.html
ehorses.com,"Holstein, Mare, 9 years, 16 hh, Bay-Dark",Holstein,Mare,9 years,235399,"Schmilau, DE",https://www.ehorses.com/holstein-mare-9years-16-hh-bay-dark-showjumpers-eventinghorses-schmilau/4493702.html
ehorses.com,"Holstein, Stallion, 1 year, Brown",Holstein,Stallion,1 year,64199,"Schmilau, DE",https://www.ehorses.com/holstein-stallion-1year-brown-showjumpers-schmilau/4575413.html
ehorses.com,"Danish Warmblood, Gelding, 5 years, 16,3 hh, Chestnut",Danish Warmblood,Gelding,5 years,358450,"Schmilau, DE",https://www.ehorses.com/danish-warmblood-gelding-5years-163-hh-chestnut-showjumpers-schmilau/4674508.html
ehorses.com,"Holstein, Mare, 10 years, 16 hh, Brown",Holstein,Mare,10 years,299600,"Pogeez, DE",https://www.ehorses.com/holstein-mare-10years-16-hh-brown-showjumpers-pogeez/4674514.html
ehorses.com,"Holstein, Mare, 7 years, 16,1 hh, Chestnut",Holstein,Mare,7 years,176550,"Schmilau, DE",https://www.ehorses.com/holstein-mare-7years-161-hh-chestnut-showjumpers-eventinghorses-leisurehorses-schmilau/4674526.html
ehorses.com,"Holstein, Mare, 1 year, Brown",Holstein,Mare,1 year,133750,"Schmilau, DE",https://www.ehorses.com/holstein-mare-1year-brown-showjumpers-schmilau/4738100.html
ehorses.com,"Anglo European Studbook, Mare, 6 years, 17 hh, Bay-Dark",Anglo European Studbook,Mare,6 years,187250,"Regau, AT",https://www.ehorses.com/anglo-european-studbook-mare-6years-17-hh-bay-dark-leisurehorses-showjumpers-dressagehorses-regau/4744433.html
ehorses.com,"Anglo European Studbook, Gelding, 7 years, 16,3 hh, Smoky-Black",Anglo European Studbook,Gelding,7 years,133750,"Regau, AT",https://www.ehorses.com/anglo-european-studbook-gelding-7years-163-hh-smoky-black-leisurehorses-showjumpers-regau/4747600.html
ehorses.com,"Zangersheider, Gelding, 7 years, 16,3 hh, Brown-Light",Zangersheider,Gelding,7 years,321000,"BW, DE",https://www.ehorses.com/zangersheider-gelding-7years-163-hh-brown-light-showjumpers-bw/4737211.html
ehorses.com,"American Quarter Horse, Stallion, 1 year, 15,3 hh, Black",American Quarter Horse,Stallion,1 year,160500,"Echternacherbrück, DE",https://www.ehorses.com/american-quarter-horse-stallion-1year-153-hh-black-westernhorses-showhorses-leisurehorses-echternacherbrueck/4747577.html
ehorses.com,"American Quarter Horse, Mare, 3 years, 14,1 hh, Black",American Quarter Horse,Mare,3 years,187250,"Dahlem, DE",https://www.ehorses.com/american-quarter-horse-mare-3years-141-hh-black-westernhorses-showhorses-leisurehorses-dahlem/4747574.html
ehorses.com,"Hungarian Sport Horse, Gelding, 8 years, 16.1 hh, Grey",Hungarian Sport Horse,Gelding,8 years,133750,"Budapest, HU",https://www.ehorses.com/hungarian-sport-horse-gelding-8years-16-1-hh-grey-showjumpers-leisurehorses-dressagehorses-budapest/4742802.html
ehorses.com,"Hungarian Sport Horse, Gelding, 7 years, 16.1 hh, Chestnut",Hungarian Sport Horse,Gelding,7 years,105395,"Budapest, HU",https://www.ehorses.com/hungarian-sport-horse-gelding-7years-16-1-hh-chestnut-dressagehorses-showjumpers-leisurehorses-budapest/4738743.html
ehorses.com,"Latvian Warmblood, Mare, 6 years, 16 hh, Bay-Dark",Latvian Warmblood,Mare,6 years,160500,"Helsinki, FI",https://www.ehorses.com/latvian-warmblood-mare-6years-16-hh-bay-dark-showjumpers-dressagehorses-helsinki/4749774.html
ehorses.com,"Hanoverian, Gelding, 4 years, 16 hh, Chestnut-Red",Hanoverian,Gelding,4 years,588500,"Coin, ES",https://www.ehorses.com/hanoverian-gelding-4years-16-hh-chestnut-red-dressagehorses-working-equitation-horses-coin/4735214.html
ehorses.com,"German Sport Horse, Gelding, 8 years, 16.1 hh, Bay-Dark",German Sport Horse,Gelding,8 years,155150,"Grevenbroich, DE",https://www.ehorses.com/german-sport-horse-gelding-8years-16-1-hh-bay-dark-showjumpers-leisurehorses-dressagehorses-grevenbroich/4749777.html
ehorses.com,"Wuerttemberg, Stallion, 2 years, 15.2 hh, Chestnut-Red",Wuerttemberg,Stallion,2 years,80250,"Bramsche, DE",https://www.ehorses.com/wuerttemberg-stallion-2years-15-2-hh-chestnut-red-showhunter-showjumpers-bramsche/4731526.html
ehorses.com,"Icelandic Horse, Mare, 12 years, 13.2 hh, Brown",Icelandic Horse,Mare,12 years,192600,"Teisendorf, DE",https://www.ehorses.com/icelandic-horse-mare-12years-13-2-hh-brown-gaitedhorses-breedinghorses-leisurehorses-teisendorf/4740705.html
ehorses.com,"Oldenburg, Gelding, 7 years, Chestnut-Red",Oldenburg,Gelding,7 years,187250,"WilnsdorfWilnsdorf, DE",https://www.ehorses.com/oldenburg-gelding-7years-chestnut-red-dressagehorses-wilnsdorfwilnsdorf/4532452.html
ehorses.com,"Belgian Warmblood, Mare, 11 years, 17 hh, Brown",Belgian Warmblood,Mare,11 years,187250,"Wilnsdorf, DE",https://www.ehorses.com/belgian-warmblood-mare-11years-17-hh-brown-dressagehorses-leisurehorses-wilnsdorf/4697752.html
ehorses.com,"American Quarter Horse, Stallion, 1 year, 15.2 hh, Chestnut-Red",American Quarter Horse,Stallion,1 year,80250,"Langenau, DE",https://www.ehorses.com/american-quarter-horse-stallion-1year-15-2-hh-chestnut-red-westernhorses-showhorses-leisurehorses-langenau/4747573.html
ehorses.com,"American Paint Horse, Mare, 10 years, 15 hh, Pinto",American Paint Horse,Mare,10 years,117699,"Schollene, DE",https://www.ehorses.com/american-paint-horse-mare-10years-15-hh-pinto-westernhorses-showhorses-leisurehorses-schollene/4747572.html
ehorses.com,"American Quarter Horse, Mare, 2 years, 15 hh, Roan-Blue",American Quarter Horse,Mare,2 years,85600,"Breitenbach, DE",https://www.ehorses.com/american-quarter-horse-mare-2years-15-hh-roan-blue-westernhorses-showhorses-leisurehorses-breitenbach/4747569.html
ehorses.com,"Westphalian, Gelding, 6 years, 17 hh, Chestnut-Red",Westphalian,Gelding,6 years,267500,"Iserlohn, DE",https://www.ehorses.com/westphalian-gelding-6years-17-hh-chestnut-red-dressagehorses-leisurehorses-iserlohn/4739166.html
ehorses.com,"KWPN, Gelding, 17 years, 16 hh, Bay",KWPN,Gelding,17 years,588500,"Sherwood, Oregon, US",https://www.ehorses.com/kwpn-gelding-17years-16-hh-bay-dressagehorses-sherwood-oregon/4747491.html
ehorses.com,"Hanoverian, Gelding, 5 years, 17 hh, Bay-Dark",Hanoverian,Gelding,5 years,101650,"Braunschweig, DE",https://www.ehorses.com/hanoverian-gelding-5years-17-hh-bay-dark-showjumpers-eventinghorses-leisurehorses-dressagehorses-braunschweig/4747514.html
ehorses.com,"American Quarter Horse, Stallion, 1 year, 14.2 hh, Red Dun",American Quarter Horse,Stallion,1 year,85600,"Steinen, DE",https://www.ehorses.com/american-quarter-horse-stallion-1year-14-2-hh-red-dun-westernhorses-cuttinghorses-reininghorses-leisurehorses-steinen/4499684.html
ehorses.com,"Haflinger, Stallion, 1 year, 14.1 hh, Chestnut-Red",Haflinger,Stallion,1 year,21400,"Steinen, DE",https://www.ehorses.com/haflinger-stallion-1year-14-1-hh-chestnut-red-leisurehorses-westernhorses-steinen/4499980.html
ehorses.com,"German Riding Pony Mix, Stallion, 1 year, 13.2 hh, Pinto",German Riding Pony Mix,Stallion,1 year,21400,"Steinen, DE",https://www.ehorses.com/german-riding-pony-stallion-1year-13-2-hh-pinto-leisurehorses-westernhorses-steinen/4500049.html
ehorses.com,"German Riding Pony Mix, Mare, 1 year, 13.2 hh, Pinto",German Riding Pony Mix,Mare,1 year,21400,"Steinen, DE",https://www.ehorses.com/german-riding-pony-mare-1year-13-2-hh-pinto-leisurehorses-westernhorses-steinen/4500055.html
ehorses.com,"Shetland Ponies, Stallion, 1 year, 9.2 hh, Pinto",Shetland Ponies,Stallion,1 year,12840,"Steinen, DE",https://www.ehorses.com/shetland-ponies-stallion-1year-9-2-hh-pinto-leisurehorses-steinen/4500057.html
ehorses.com,"American Quarter Horse, Stallion, 1 year, 14.2 hh, Roan-Red",American Quarter Horse,Stallion,1 year,101650,"Steinen, DE",https://www.ehorses.com/american-quarter-horse-stallion-1year-14-2-hh-roan-red-westernhorses-cuttinghorses-reininghorses-leisurehorses-steinen/4500169.html
ehorses.com,"American Quarter Horse, Stallion, 1 year, 14.2 hh, Chestnut-Red",American Quarter Horse,Stallion,1 year,52430,"Steinen, DE",https://www.ehorses.com/american-quarter-horse-stallion-1year-14-2-hh-chestnut-red-westernhorses-cuttinghorses-reininghorses-leisurehorses-steinen/4500194.html
ehorses.com,"American Quarter Horse, Stallion, 2 years, 14.2 hh, Bay-Dark",American Quarter Horse,Stallion,2 years,58849,"Steinen, DE",https://www.ehorses.com/american-quarter-horse-stallion-2years-14-2-hh-bay-dark-westernhorses-cowhorses-leisurehorses-steinen/4556096.html
ehorses.com,"German Riding Pony Mix, Stallion, 2 years, 14.1 hh, Pinto",German Riding Pony Mix,Stallion,2 years,26750,"Steinen, DE",https://www.ehorses.com/german-riding-pony-stallion-2years-14-1-hh-pinto-leisurehorses-westernhorses-steinen/4556159.html
ehorses.com,"American Quarter Horse, Stallion, 2 years, 14.2 hh, Chestnut-Red",American Quarter Horse,Stallion,2 years,80250,"Steinen, DE",https://www.ehorses.com/american-quarter-horse-stallion-2years-14-2-hh-chestnut-red-westernhorses-cuttinghorses-cowhorses-steinen/4556200.html
ehorses.com,"Lusitano Mix, Mare, 2 years, 15.1 hh, Dun",Lusitano Mix,Mare,2 years,80250,"Générac, FR",https://www.ehorses.com/lusitano-mare-2years-15-1-hh-dun-dressagehorses-working-equitation-horses-eventinghorses-leisurehorses-generac/4747481.html
ehorses.com,"Lusitano Mix, Stallion, 2 years, 15.1 hh, Black",Lusitano Mix,Stallion,2 years,80250,"Générac, FR",https://www.ehorses.com/lusitano-stallion-2years-15-1-hh-black-working-equitation-horses-showhorses-leisurehorses-dressagehorses-generac/4747467.html
ehorses.com,"Oldenburg, Gelding, 4 years, 17 hh, Brown",Oldenburg,Gelding,4 years,267500,"Radzionków, PL",https://www.ehorses.com/oldenburg-gelding-4years-17-hh-brown-dressagehorses-radzionkow/4747449.html
ehorses.com,"More ponies/small horses, Stallion, 3 years, 14.1 hh, Palomino",More ponies/small horses,Stallion,3 years,187250,"Générac, FR",https://www.ehorses.com/more-poniessmall-horses-stallion-3years-14-1-hh-palomino-dressagehorses-showhorses-leisurehorses-sire-generac/4747435.html
ehorses.com,"Hungarian Sport Horse, Gelding, 8 years, 16.1 hh, Grey",Hungarian Sport Horse,Gelding,8 years,133750,"Budapest, HU",https://www.ehorses.com/hungarian-sport-horse-gelding-8years-16-1-hh-grey-showjumpers-leisurehorses-dressagehorses-budapest/4742802.html
ehorses.com,"Hungarian Sport Horse, Gelding, 7 years, 16.1 hh, Chestnut",Hungarian Sport Horse,Gelding,7 years,105395,"Budapest, HU",https://www.ehorses.com/hungarian-sport-horse-gelding-7years-16-1-hh-chestnut-dressagehorses-showjumpers-leisurehorses-budapest/4738743.html
ehorses.com,"Latvian Warmblood, Mare, 6 years, 16 hh, Bay-Dark",Latvian Warmblood,Mare,6 years,160500,"Helsinki, FI",https://www.ehorses.com/latvian-warmblood-mare-6years-16-hh-bay-dark-showjumpers-dressagehorses-helsinki/4749774.html
ehorses.com,"Hanoverian, Gelding, 4 years, 16 hh, Chestnut-Red",Hanoverian,Gelding,4 years,588500,"Coin, ES",https://www.ehorses.com/hanoverian-gelding-4years-16-hh-chestnut-red-dressagehorses-working-equitation-horses-coin/4735214.html
ehorses.com,"German Sport Horse, Gelding, 8 years, 16.1 hh, Bay-Dark",German Sport Horse,Gelding,8 years,155150,"Grevenbroich, DE",https://www.ehorses.com/german-sport-horse-gelding-8years-16-1-hh-bay-dark-showjumpers-leisurehorses-dressagehorses-grevenbroich/4749777.html
ehorses.com,"Wuerttemberg, Stallion, 2 years, 15.2 hh, Chestnut-Red",Wuerttemberg,Stallion,2 years,80250,"Bramsche, DE",https://www.ehorses.com/wuerttemberg-stallion-2years-15-2-hh-chestnut-red-showhunter-showjumpers-bramsche/4731526.html
ehorses.com,"Icelandic Horse, Mare, 12 years, 13.2 hh, Brown",Icelandic Horse,Mare,12 years,192600,"Teisendorf, DE",https://www.ehorses.com/icelandic-horse-mare-12years-13-2-hh-brown-gaitedhorses-breedinghorses-leisurehorses-teisendorf/4740705.html
ehorses.com,"Oldenburg, Gelding, 7 years, Chestnut-Red",Oldenburg,Gelding,7 years,187250,"WilnsdorfWilnsdorf, DE",https://www.ehorses.com/oldenburg-gelding-7years-chestnut-red-dressagehorses-wilnsdorfwilnsdorf/4532452.html
ehorses.com,"Belgian Warmblood, Mare, 11 years, 17 hh, Brown",Belgian Warmblood,Mare,11 years,187250,"Wilnsdorf, DE",https://www.ehorses.com/belgian-warmblood-mare-11years-17-hh-brown-dressagehorses-leisurehorses-wilnsdorf/4697752.html
ehorses.com,"Hanoverian, Mare, 6 years, 16 hh, Black",Hanoverian,Mare,6 years,321000,"Neuberg, DE",https://www.ehorses.com/hanoverian-mare-6years-16-hh-black-dressagehorses-neuberg/4055494.html
ehorses.com,"Oldenburg, Mare, 5 years, 16.1 hh, Black",Oldenburg,Mare,5 years,321000,"Lohne (Oldenburg), DE",https://www.ehorses.com/oldenburg-mare-5years-16-1-hh-black-dressagehorses-breedinghorses-lohne-oldenburg/4239122.html
ehorses.com,"Oldenburg, Gelding, 8 years, 17 hh, Black",Oldenburg,Gelding,8 years,187250,"Lohne (Oldenburg), DE",https://www.ehorses.com/oldenburg-gelding-8years-17-hh-black-dressagehorses-leisurehorses-lohne-oldenburg/4699727.html
ehorses.com,"Hanoverian, Gelding, 5 years, 16.1 hh, Black",Hanoverian,Gelding,5 years,321000,"Lohne (Oldenburg), DE",https://www.ehorses.com/hanoverian-gelding-5years-16-1-hh-black-dressagehorses-lohne-oldenburg/4420279.html
ehorses.com,"Oldenburg, Mare, 5 years, 16 hh, Bay-Dark",Oldenburg,Mare,5 years,133750,"Lohne (Oldenburg), DE",https://www.ehorses.com/oldenburg-mare-5years-16-hh-bay-dark-dressagehorses-breedinghorses-leisurehorses-lohne-oldenburg/4448017.html
ehorses.com,"German Sport Horse, Mare, 6 years, 16.2 hh, Chestnut",German Sport Horse,Mare,6 years,321000,"Lohne (Oldenburg), DE",https://www.ehorses.com/german-sport-horse-mare-6years-16-2-hh-chestnut-dressagehorses-lohne-oldenburg/4614347.html
ehorses.com,"Oldenburg, Gelding, 4 years, 17 hh, Smoky-Black",Oldenburg,Gelding,4 years,321000,"Lohne (Oldenburg), DE",https://www.ehorses.com/oldenburg-gelding-4years-17-hh-smoky-black-dressagehorses-showjumpers-leisurehorses-lohne-oldenburg/4656645.html
ehorses.com,"Oldenburg, Gelding, 4 years, 16.1 hh, Black",Oldenburg,Gelding,4 years,588500,"Lohne (Oldenburg), DE",https://www.ehorses.com/oldenburg-gelding-4years-16-1-hh-black-dressagehorses-lohne-oldenburg/4656655.html
ehorses.com,"Oldenburg, Gelding, 5 years, 17.1 hh, Chestnut-Red",Oldenburg,Gelding,5 years,321000,"Lohne (Oldenburg), DE",https://www.ehorses.com/oldenburg-gelding-5years-17-1-hh-chestnut-red-dressagehorses-lohne-oldenburg/4656660.html
ehorses.com,"Oldenburg-International (OS), Gelding, 5 years, 16.2 hh, Bay-Dark",Oldenburg-International (OS),Gelding,5 years,321000,"Lohne (Oldenburg), DE",https://www.ehorses.com/oldenburg-international-os-gelding-5years-16-2-hh-bay-dark-showjumpers-showhunter-dressagehorses-lohne-oldenburg/4699690.html
ehorses.com,"Oldenburg-International (OS), Mare, 5 years, 16.1 hh, Bay-Dark",Oldenburg-International (OS),Mare,5 years,321000,"Lohne (Oldenburg), DE",https://www.ehorses.com/oldenburg-international-os-mare-5years-16-1-hh-bay-dark-showjumpers-breedinghorses-lohne-oldenburg/4735388.html
ehorses.com,"Westphalian, Mare, 5 years, 16.3 hh, Bay-Dark",Westphalian,Mare,5 years,105930,"Dornburg, DE",https://www.ehorses.com/westphalian-mare-5years-16-3-hh-bay-dark-showjumpers-leisurehorses-dressagehorses-dornburg/4384282.html
ehorses.com,"Polo Pony, Mare, 14 years, 15.1 hh, Chestnut-Red",Polo Pony,Mare,14 years,62700,"Rafz, CH",https://www.ehorses.com/polo-pony-mare-14years-15-1-hh-chestnut-red-leisurehorses-rafz/4650752.html
ehorses.com,"Oldenburg, Gelding, 6 years, 16.2 hh, Chestnut-Red",Oldenburg,Gelding,6 years,74900,"Gronau (Westfalen), DE",https://www.ehorses.com/oldenburg-gelding-6years-16-2-hh-chestnut-red-dressagehorses-leisurehorses-gronau-westfalen/4747372.html
ehorses.com,"Lewitzer, Gelding, 4 years, 14.1 hh, Pinto",Lewitzer,Gelding,4 years,123049,"Jesteburg, DE",https://www.ehorses.com/lewitzer-gelding-4years-14-1-hh-pinto-eventinghorses-showjumpers-leisurehorses-dressagehorses-jesteburg/4579903.html
ehorses.com,"Hanoverian, Gelding, 6 years, 16.1 hh, Brown",Hanoverian,Gelding,6 years,160500,"Buchholz in der Nordheide, DE",https://www.ehorses.com/hanoverian-gelding-6years-16-1-hh-brown-eventinghorses-showjumpers-leisurehorses-dressagehorses-buchholz-in-der-nordheide/4729306.html
ehorses.com,"Westphalian, Gelding, 3 years, 16.1 hh, Chestnut-Red",Westphalian,Gelding,3 years,80250,"Freiberg, DE",https://www.ehorses.com/westphalian-gelding-3years-16-1-hh-chestnut-red-dressagehorses-leisurehorses-freiberg/4713194.html
ehorses.com,"German Riding Pony, Gelding, 4 years, 14.2 hh, Chestnut-Red",German Riding Pony,Gelding,4 years,321000,"Hamm, DE",https://www.ehorses.com/german-riding-pony-gelding-4years-14-2-hh-chestnut-red-dressagehorses-showjumpers-leisurehorses-hamm/4740455.html
ehorses.com,"Icelandic Horse, Mare, 9 years, 14 hh, Pinto",Icelandic Horse,Mare,9 years,133750,"Zweibrücken, DE",https://www.ehorses.com/icelandic-horse-mare-9years-14-hh-pinto-gaitedhorses-zweibruecken/4025974.html
ehorses.com,"Haflinger, Gelding, 11 years, 13 hh, Chestnut",Haflinger,Gelding,11 years,35350,"Canyon TX, US",https://www.ehorses.com/haflinger-gelding-11years-13-hh-chestnut-trailhorses-ranch-riding-horses-canyon-tx/4592696.html
ehorses.com,"Westphalian, Mare, 5 years, 16,2 hh, Bay-Dark",Westphalian,Mare,5 years,144450,"Jengen, DE",https://www.ehorses.com/westphalian-mare-5years-162-hh-bay-dark-dressagehorses-breedinghorses-leisurehorses-jengen/4745095.html
ehorses.com,"Fjord Horses, Mare, 2 years, 12,1 hh",Fjord Horses,Mare,2 years,28354,"Dorsten, DE",https://www.ehorses.com/fjord-horses-mare-2years-121-hh-leisurehorses-dorsten/4642285.html
ehorses.com,"Mecklenburg Warmblood, Stallion, 2 years, Palomino",Mecklenburg Warmblood,Stallion,2 years,80250,"Weitenhagen, DE",https://www.ehorses.com/mecklenburg-warmblood-stallion-2years-palomino-dressagehorses-breedinghorses-eventinghorses-weitenhagen/4148288.html
ehorses.com,"American Quarter Horse, Mare, 4 years, 14,2 hh, Roan-Bay",American Quarter Horse,Mare,4 years,35350,"Camden MI, US",https://www.ehorses.com/american-quarter-horse-mare-4years-142-hh-roan-bay-trailhorses-ranch-riding-horses-camden-mi/4581887.html
ehorses.com,"Hungarian Sport Horse, Gelding, 4 years, 17 hh, Grey",Hungarian Sport Horse,Gelding,4 years,321000,"Debrecen, HU",https://www.ehorses.com/hungarian-sport-horse-gelding-4years-17-hh-grey-dressagehorses-debrecen/4592140.html
ehorses.com,"Oldenburg, Mare, 8 years, 16,1 hh, Chestnut-Red",Oldenburg,Mare,8 years,187250,"Damme, DE",https://www.ehorses.com/oldenburg-mare-8years-161-hh-chestnut-red-dressagehorses-breedinghorses-damme/4609024.html
ehorses.com,"German Riding Pony, Stallion, 4 years, Palomino",German Riding Pony,Stallion,4 years,187250,"Hamm, DE",https://www.ehorses.com/german-riding-pony-stallion-4years-palomino-dressagehorses-showjumpers-leisurehorses-carriagehorses-hamm/4740429.html
ehorses.com,"Lusitano, Stallion, 10 years, 15,3 hh, Dun",Lusitano,Stallion,10 years,187250,"Aeropuerto De Noain (Pamplona), ES",https://www.ehorses.com/lusitano-stallion-10years-153-hh-dun-dressagehorses-equitation-portugesa-aeropuerto-de-noain-pamplona/4747344.html
ehorses.com,"Icelandic Horse, Gelding, 16 years, 13,2 hh, Chestnut-Red",Icelandic Horse,Gelding,16 years,85600,"Euskirchen, DE",https://www.ehorses.com/icelandic-horse-gelding-16years-132-hh-chestnut-red-gaitedhorses-leisurehorses-euskirchen/4747354.html
ehorses.com,"KWPN, Stallion, 15 years, 17 hh, Chestnut-Red",KWPN,Stallion,15 years,299600,"Radzionków, PL",https://www.ehorses.com/kwpn-stallion-15years-17-hh-chestnut-red-dressagehorses-breedinghorses-radzionkow/4390472.html
ehorses.com,"Lusitano Mix, Stallion, 1 year, 15,1 hh, Bay-Dark",Lusitano Mix,Stallion,1 year,40125,"Générac, FR",https://www.ehorses.com/lusitano-stallion-1year-151-hh-bay-dark-dressagehorses-working-equitation-horses-leisurehorses-generac/4747313.html
ehorses.com,"Pintos, Mare, 6 years, 14,2 hh, Pinto",Pintos,Mare,6 years,80250,"Würzburg, DE",https://www.ehorses.com/pintos-mare-6years-142-hh-pinto-leisurehorses-trailhorses-carriagehorses-dressagehorses-wuerzburg/4747308.html
ehorses.com,"Irish Sport Horse, Mare, 4 years, 16 hh, Brown",Irish Sport Horse,Mare,4 years,32099,"Lage, DE",https://www.ehorses.com/irish-sport-horse-mare-4years-16-hh-brown-dressagehorses-breedinghorses-showjumpers-leisurehorses-lage/4747302.html
ehorses.com,"American Quarter Horse, Gelding, 9 years, 15 hh, Dun",American Quarter Horse,Gelding,9 years,35350,"Paicines CA, US",https://www.ehorses.com/american-quarter-horse-gelding-9years-15-hh-dun-trailhorses-ranch-riding-horses-paicines-ca/4736370.html
ehorses.com,"American Quarter Horse, Gelding, 14 years, 15,1 hh, Bay",American Quarter Horse,Gelding,14 years,35350,"Bitterwater CA, US",https://www.ehorses.com/american-quarter-horse-gelding-14years-151-hh-bay-trailhorses-ranch-riding-horses-bitterwater-ca/4736373.html
ehorses.com,"Appaloosa, Gelding, 12 years, 15 hh, Roan-Red",Appaloosa,Gelding,12 years,35350,"Paicines CA, US",https://www.ehorses.com/appaloosa-gelding-12years-15-hh-roan-red-trailhorses-ranch-riding-horses-paicines-ca/4736380.html
ehorses.com,"Hungarian Sport Horse, Gelding, 8 years, 16.1 hh, Grey",Hungarian Sport Horse,Gelding,8 years,133750,"Budapest, HU",https://www.ehorses.com/hungarian-sport-horse-gelding-8years-16-1-hh-grey-showjumpers-leisurehorses-dressagehorses-budapest/4742802.html
ehorses.com,"Hungarian Sport Horse, Gelding, 7 years, 16.1 hh, Chestnut",Hungarian Sport Horse,Gelding,7 years,105395,"Budapest, HU",https://www.ehorses.com/hungarian-sport-horse-gelding-7years-16-1-hh-chestnut-dressagehorses-showjumpers-leisurehorses-budapest/4738743.html
ehorses.com,"Latvian Warmblood, Mare, 6 years, 16 hh, Bay-Dark",Latvian Warmblood,Mare,6 years,160500,"Helsinki, FI",https://www.ehorses.com/latvian-warmblood-mare-6years-16-hh-bay-dark-showjumpers-dressagehorses-helsinki/4749774.html
ehorses.com,"Hanoverian, Gelding, 4 years, 16 hh, Chestnut-Red",Hanoverian,Gelding,4 years,588500,"Coin, ES",https://www.ehorses.com/hanoverian-gelding-4years-16-hh-chestnut-red-dressagehorses-working-equitation-horses-coin/4735214.html
ehorses.com,"German Sport Horse, Gelding, 8 years, 16.1 hh, Bay-Dark",German Sport Horse,Gelding,8 years,155150,"Grevenbroich, DE",https://www.ehorses.com/german-sport-horse-gelding-8years-16-1-hh-bay-dark-showjumpers-leisurehorses-dressagehorses-grevenbroich/4749777.html
ehorses.com,"Wuerttemberg, Stallion, 2 years, 15.2 hh, Chestnut-Red",Wuerttemberg,Stallion,2 years,80250,"Bramsche, DE",https://www.ehorses.com/wuerttemberg-stallion-2years-15-2-hh-chestnut-red-showhunter-showjumpers-bramsche/4731526.html
ehorses.com,"Icelandic Horse, Mare, 12 years, 13.2 hh, Brown",Icelandic Horse,Mare,12 years,192600,"Teisendorf, DE",https://www.ehorses.com/icelandic-horse-mare-12years-13-2-hh-brown-gaitedhorses-breedinghorses-leisurehorses-teisendorf/4740705.html
ehorses.com,"Oldenburg, Gelding, 7 years, Chestnut-Red",Oldenburg,Gelding,7 years,187250,"WilnsdorfWilnsdorf, DE",https://www.ehorses.com/oldenburg-gelding-7years-chestnut-red-dressagehorses-wilnsdorfwilnsdorf/4532452.html
ehorses.com,"Belgian Warmblood, Mare, 11 years, 17 hh, Brown",Belgian Warmblood,Mare,11 years,187250,"Wilnsdorf, DE",https://www.ehorses.com/belgian-warmblood-mare-11years-17-hh-brown-dressagehorses-leisurehorses-wilnsdorf/4697752.html
ehorses.com,"Draft Horse, Gelding, 6 years, 16.2 hh, Bay",Draft Horse,Gelding,6 years,35350,"Jacksboro TX, US",https://www.ehorses.com/draft-horse-gelding-6years-16-2-hh-bay-trailhorses-ranch-riding-horses-jacksboro-tx/4736369.html
ehorses.com,"Lusitano Mix, Stallion, 1 year, 15.2 hh, Brown",Lusitano Mix,Stallion,1 year,80250,"Générac, FR",https://www.ehorses.com/lusitano-stallion-1year-15-2-hh-brown-dressagehorses-working-equitation-horses-eventinghorses-leisurehorses-generac/4747265.html
ehorses.com,"Oldenburg-International (OS), Mare, 10 years, 16.1 hh, Brown",Oldenburg-International (OS),Mare,10 years,133750,"Kornberg, AT",https://www.ehorses.com/oldenburg-international-os-mare-10years-16-1-hh-brown-leisurehorses-eventinghorses-showjumpers-dressagehorses-kornberg/4745767.html
ehorses.com,"Hanoverian, Mare, 6 years, 16.1 hh, Chestnut",Hanoverian,Mare,6 years,214000,"Rosenheim, DE",https://www.ehorses.com/hanoverian-mare-6years-16-1-hh-chestnut-dressagehorses-rosenheim/4747264.html
ehorses.com,"Icelandic Horse, Mare, 3 years, 14 hh, Brown",Icelandic Horse,Mare,3 years,80250,"Lehmrade, DE",https://www.ehorses.com/icelandic-horse-mare-3years-14-hh-brown-gaitedhorses-lehmrade/4747270.html
ehorses.com,"Icelandic Horse, Gelding, 4 years, 13.3 hh, Chestnut-Red",Icelandic Horse,Gelding,4 years,85600,"Wanroij, NL",https://www.ehorses.com/icelandic-horse-gelding-4years-13-3-hh-chestnut-red-gaitedhorses-wanroij/4736068.html
ehorses.com,"Oldenburg, Gelding, 12 years, 18 hh, Brown",Oldenburg,Gelding,12 years,192600,"Beelitz, DE",https://www.ehorses.com/oldenburg-gelding-12years-18-hh-brown-leisurehorses-beelitz/4675301.html
ehorses.com,"Lusitano, Mare, 18 years, 15 hh, Black",Lusitano,Mare,18 years,40125,"Générac, FR",https://www.ehorses.com/lusitano-mare-18years-15-hh-black-breedinghorses-generac/4747254.html
ehorses.com,"Icelandic Horse, Gelding, 5 years, 13.2 hh, Chestnut-Red",Icelandic Horse,Gelding,5 years,85600,"Wanroij, NL",https://www.ehorses.com/icelandic-horse-gelding-5years-13-2-hh-chestnut-red-gaitedhorses-wanroij/4728757.html
ehorses.com,"Hanoverian, Gelding, 6 years, 16.1 hh, Brown",Hanoverian,Gelding,6 years,278200,"Neuhaus, DE",https://www.ehorses.com/hanoverian-gelding-6years-16-1-hh-brown-dressagehorses-leisurehorses-neuhaus/4632485.html
ehorses.com,"Hanoverian, Mare, 8 years, 16.1 hh, Brown",Hanoverian,Mare,8 years,64199,"Rhade, DE",https://www.ehorses.com/hanoverian-mare-8years-16-1-hh-brown-breedinghorses-showjumpers-leisurehorses-rhade/4731959.html
ehorses.com,"Hanoverian, Mare, 6 years, 16.2 hh, Brown",Hanoverian,Mare,6 years,299600,"Zeven, DE",https://www.ehorses.com/hanoverian-mare-6years-16-2-hh-brown-showjumpers-breedinghorses-eventinghorses-leisurehorses-zeven/4739617.html
ehorses.com,"Hanoverian, Gelding, 5 years, 16.2 hh, Brown",Hanoverian,Gelding,5 years,288900,"Neuhaus an der Oste, DE",https://www.ehorses.com/hanoverian-gelding-5years-16-2-hh-brown-dressagehorses-leisurehorses-neuhaus-an-der-oste/4742025.html
ehorses.com,"Lusitano, Mare, 11 years, 15.1 hh, Black",Lusitano,Mare,11 years,80250,"Générac, FR",https://www.ehorses.com/lusitano-mare-11years-15-1-hh-black-breedinghorses-dressagehorses-generac/4747242.html
ehorses.com,"Belgian Sport Horse, Mare, 4 years, 16.1 hh, Brown",Belgian Sport Horse,Mare,4 years,321000,"Frankfurt am Main, DE",https://www.ehorses.com/belgian-sport-horse-mare-4years-16-1-hh-brown-dressagehorses-frankfurt-am-main/4747184.html
ehorses.com,"PRE, Mare, 6 years, 15.2 hh, Chestnut-Red",PRE,Mare,6 years,321000,"StahnsdorfStahnsdorf, DE",https://www.ehorses.com/pre-mare-6years-15-2-hh-chestnut-red-working-equitation-horses-doma-vaquera-baroquehorses-breedinghorses-stahnsdorfstahnsdorf/4366004.html
ehorses.com,"Holstein, Mare, 17 years, 16.3 hh, Grey",Holstein,Mare,17 years,32099,"Zossen, DE",https://www.ehorses.com/holstein-mare-17years-16-3-hh-grey-breedinghorses-zossen/4743916.html
ehorses.com,"Oldenburg, Mare, 1 year, 16,2 hh",Oldenburg,Mare,1 year,53500,"Lengerich, DE",https://www.ehorses.com/oldenburg-mare-1year-162-hh-dressagehorses-leisurehorses-lengerich/4477088.html
ehorses.com,"Shetland Ponies, Stallion, 2 years, 7,3 hh",Shetland Ponies,Stallion,2 years,3210,"Susteren, NL",https://www.ehorses.com/shetland-ponies-stallion-2years-73-hh-leisurehorses-susteren/4542629.html
ehorses.com,"Missouri Foxtrotter, Gelding, 7 years, Chestnut",Missouri Foxtrotter,Gelding,7 years,35350,"Parkers Lake KY, US",https://www.ehorses.com/missouri-foxtrotter-gelding-7years-chestnut-trailhorses-gaitedhorses-parkers-lake-ky/4310537.html
ehorses.com,"Wuerttemberg Mix, Mare, 6 years, 17 hh, Chestnut",Wuerttemberg Mix,Mare,6 years,321000,"Eberhardzell, DE",https://www.ehorses.com/wuerttemberg-mare-6years-17-hh-chestnut-dressagehorses-breedinghorses-leisurehorses-eberhardzell/4488260.html
ehorses.com,"Oldenburg, Mare, 10 years, 17,1 hh, Grey",Oldenburg,Mare,10 years,749000,"Békéscsaba, HU",https://www.ehorses.com/oldenburg-mare-10years-171-hh-grey-showjumpers-bekescsaba/4714136.html
ehorses.com,"Czech Warmblood, Gelding, 8 years, 16,2 hh, Bay-Dark",Czech Warmblood,Gelding,8 years,214000,"Brno, CZ",https://www.ehorses.com/czech-warmblood-gelding-8years-162-hh-bay-dark-showhunter-showjumpers-brno/4635893.html
ehorses.com,"Zangersheider, Gelding, 4 years, 17 hh, Brown",Zangersheider,Gelding,4 years,267500,"Margarethen am Moos, AT",https://www.ehorses.com/zangersheider-gelding-4years-17-hh-brown-showjumpers-dressagehorses-margarethen-am-moos/4740395.html
ehorses.com,"American Quarter Horse, Stallion, 2 years, 14,3 hh, Palomino",American Quarter Horse,Stallion,2 years,105930,"Clausthal-Zellerfeld, DE",https://www.ehorses.com/american-quarter-horse-stallion-2years-143-hh-palomino-westernhorses-showhorses-leisurehorses-clausthal-zellerfeld/4732225.html
ehorses.com,"Westphalian, Gelding, 6 years, 16,1 hh, Brown",Westphalian,Gelding,6 years,267500,"Rosenheim, DE",https://www.ehorses.com/westphalian-gelding-6years-161-hh-brown-dressagehorses-rosenheim/4747179.html
ehorses.com,"Hanoverian, Gelding, 5 years, 16,1 hh, Chestnut-Red",Hanoverian,Gelding,5 years,187250,"Bremen, DE",https://www.ehorses.com/hanoverian-gelding-5years-161-hh-chestnut-red-showjumpers-showhunter-bremen/4746694.html
ehorses.com,"Welsh D (Cob), Mare, 4 years, 14,1 hh, Chestnut-Red",Welsh D (Cob),Mare,4 years,80250,"Stahnsdorf, DE",https://www.ehorses.com/welsh-d-cob-mare-4years-141-hh-chestnut-red-leisurehorses-breedinghorses-dressagehorses-stahnsdorf/4229462.html
ehorses.com,"Westphalian, Mare, 8 years, 16,2 hh, Brown",Westphalian,Mare,8 years,192600,"Rosenheim, DE",https://www.ehorses.com/westphalian-mare-8years-162-hh-brown-dressagehorses-rosenheim/4747132.html
ehorses.com,"Lusitano, Mare, 15 years, 15,1 hh, Buckskin",Lusitano,Mare,15 years,80250,"Générac, FR",https://www.ehorses.com/lusitano-mare-15years-151-hh-buckskin-breedinghorses-dressagehorses-generac/4735096.html
ehorses.com,"Welsh D (Cob), Mare, 8 years, 14,1 hh, Chestnut-Red",Welsh D (Cob),Mare,8 years,48150,"Ammersbek, DE",https://www.ehorses.com/welsh-d-cob-mare-8years-141-hh-chestnut-red-dressagehorses-showjumpers-showhunter-ammersbek/4747144.html
ehorses.com,"Baden Wuerttemberg, Gelding, 7 years, 16,2 hh, Brown",Baden Wuerttemberg,Gelding,7 years,588500,"Haftenkamp, DE",https://www.ehorses.com/baden-wuerttemberg-gelding-7years-162-hh-brown-dressagehorses-leisurehorses-haftenkamp/4747153.html
ehorses.com,"German Riding Pony, Mare, 5 years, 13,2 hh, Chestnut-Red",German Riding Pony,Mare,5 years,64199,"Suhlendorf, DE",https://www.ehorses.com/german-riding-pony-mare-5years-132-hh-chestnut-red-dressagehorses-breedinghorses-showjumpers-suhlendorf/4156694.html
ehorses.com,"Oldenburg, Gelding, 5 years, 17 hh, Brown",Oldenburg,Gelding,5 years,214000,"Rosenheim, DE",https://www.ehorses.com/oldenburg-gelding-5years-17-hh-brown-dressagehorses-rosenheim/4747099.html
ehorses.com,"KWPN, Gelding, 4 years, 16,3 hh, Smoky-Black",KWPN,Gelding,4 years,41730,"Wachtendonk, DE",https://www.ehorses.com/kwpn-gelding-4years-163-hh-smoky-black-leisurehorses-dressagehorses-wachtendonk/4692876.html
ehorses.com,"Murgese, Mare, 1 year, Roan-Blue",Murgese,Mare,1 year,31992,"Martina Franca, IT",https://www.ehorses.com/murgese-mare-1year-roan-blue-leisurehorses-working-equitation-horses-baroquehorses-carriagehorses-martina-franca/4747115.html
ehorses.com,"Murgese, Gelding, 3 years, 14,2 hh, Black",Murgese,Gelding,3 years,64199,"Martina Franca, IT",https://www.ehorses.com/murgese-gelding-3years-142-hh-black-leisurehorses-working-equitation-horses-carriagehorses-martina-franca/4747112.html
ehorses.com,"Oldenburg, Mare, 1 year, 16,1 hh",Oldenburg,Mare,1 year,107000,"Wittmund, DE",https://www.ehorses.com/oldenburg-mare-1year-161-hh-dressagehorses-breedinghorses-eventinghorses-showjumpers-wittmund/4517920.html
ehorses.com,"Oldenburg, Mare, 10 years, 16,3 hh",Oldenburg,Mare,10 years,235399,"Wittmund, DE",https://www.ehorses.com/oldenburg-mare-10years-163-hh-dressagehorses-breedinghorses-wittmund/4518721.html
ehorses.com,"Oldenburg, Mare, 6 years, 16,1 hh",Oldenburg,Mare,6 years,342400,"Wittmund, DE",https://www.ehorses.com/oldenburg-mare-6years-161-hh-dressagehorses-breedinghorses-wittmund/4518650.html
ehorses.com,"Oldenburg, Mare, 2 years, 16,1 hh",Oldenburg,Mare,2 years,139100,"Wittmund, DE",https://www.ehorses.com/oldenburg-mare-2years-161-hh-dressagehorses-breedinghorses-eventinghorses-showjumpers-wittmund/4518578.html
ehorses.com,"Oldenburg, Mare, 11 years, 16 hh",Oldenburg,Mare,11 years,278200,"Wittmund, DE",https://www.ehorses.com/oldenburg-mare-11years-16-hh-dressagehorses-breedinghorses-wittmund/4518680.html
ehorses.com,"Oldenburg, Stallion, 2 years, 16,3 hh, Bay-Dark",Oldenburg,Stallion,2 years,69550,"Blunk, DE",https://www.ehorses.com/oldenburg-stallion-2years-163-hh-bay-dark-dressagehorses-blunk/4679940.html
ehorses.com,"Oldenburg, Stallion, 1 year, 16,2 hh, Brown",Oldenburg,Stallion,1 year,128399,"Steinhöfel, DE",https://www.ehorses.com/oldenburg-stallion-1year-162-hh-brown-showjumpers-eventinghorses-steinhoefel/4588348.html
ehorses.com,"German Sport Horse, Gelding, 5 years, 16,2 hh, Brown",German Sport Horse,Gelding,5 years,278200,"Kirchenthumbach, DE",https://www.ehorses.com/german-sport-horse-gelding-5years-162-hh-brown-dressagehorses-showjumpers-leisurehorses-kirchenthumbach/4670051.html
ehorses.com,"German Sport Horse, Gelding, 3 years, 16 hh, Brown",German Sport Horse,Gelding,3 years,187250,"Aach, DE",https://www.ehorses.com/german-sport-horse-gelding-3years-16-hh-brown-showjumpers-eventinghorses-leisurehorses-dressagehorses-aach/4484617.html
ehorses.com,"Lusitano, Stallion, 6 years, 15,2 hh, Buckskin",Lusitano,Stallion,6 years,80250,"Martfeld, DE",https://www.ehorses.com/lusitano-stallion-6years-152-hh-buckskin-dressagehorses-showhorses-baroquehorses-leisurehorses-martfeld/4129316.html
ehorses.com,"American Paint Horse, Gelding, 14 years, 14,1 hh, Overo-all-colors",American Paint Horse,Gelding,14 years,35350,"Paicines CA, US",https://www.ehorses.com/american-paint-horse-gelding-14years-141-hh-overo-all-colors-trailhorses-ranch-riding-horses-paicines-ca/4610633.html
ehorses.com,"Hanoverian, Mare, 10 years, 16 hh, Chestnut-Red",Hanoverian,Mare,10 years,52430,"Beratzhausen, DE",https://www.ehorses.com/hanoverian-mare-10years-16-hh-chestnut-red-leisurehorses-endurancehorses-breedinghorses-dressagehorses-beratzhausen/4736855.html
ehorses.com,"Danish Warmblood, Gelding, 2 years, 16,1 hh, Brown",Danish Warmblood,Gelding,2 years,128399,"Bredebro, DK",https://www.ehorses.com/danish-warmblood-gelding-2years-161-hh-brown-showjumpers-bredebro/4259358.html
ehorses.com,"Hanoverian, Gelding, 7 years, 16,2 hh, Bay-Dark",Hanoverian,Gelding,7 years,80250,"Hohenfelde, DE",https://www.ehorses.com/hanoverian-gelding-7years-162-hh-bay-dark-dressagehorses-showjumpers-leisurehorses-hohenfelde/4747101.html
ehorses.com,"German Riding Pony, Mare, 5 years, 14,2 hh, Dun",German Riding Pony,Mare,5 years,208650,"Ankum, DE",https://www.ehorses.com/german-riding-pony-mare-5years-142-hh-dun-dressagehorses-breedinghorses-eventinghorses-showjumpers-ankum/4747080.html
ehorses.com,"Gotland Pony, Stallion, 6 years, 12,2 hh, Pinto",Gotland Pony,Stallion,6 years,40125,"Zieuwent, NL",https://www.ehorses.com/gotland-pony-stallion-6years-122-hh-pinto-carriagehorses-showjumpers-leisurehorses-dressagehorses-zieuwent/4747079.html
ehorses.com,"Welsh A (Mountain Pony), Gelding, 5 years, 11,1 hh, Grey",Welsh A (Mountain Pony),Gelding,5 years,80250,"Meinhard, DE",https://www.ehorses.com/welsh-a-mountain-pony-gelding-5years-111-hh-grey-dressagehorses-showjumpers-leisurehorses-carriagehorses-meinhard/4657564.html
ehorses.com,"Freiberger, Stallion, 2 years, 15,2 hh, Brown",Freiberger,Stallion,2 years,80250,"Olst, NL",https://www.ehorses.com/freiberger-stallion-2years-152-hh-brown-carriagehorses-working-equitation-horses-leisurehorses-dressagehorses-olst/4747061.html
ehorses.com,"Freiberger, Stallion, 1 year, 15,2 hh, Brown",Freiberger,Stallion,1 year,48150,"Olst, NL",https://www.ehorses.com/freiberger-stallion-1year-152-hh-brown-leisurehorses-breedinghorses-carriagehorses-dressagehorses-olst/4747037.html
ehorses.com,"Andalusian, Stallion, 8 years, 15,2 hh, Dun",Andalusian,Stallion,8 years,80250,"Menorca, ES",https://www.ehorses.com/andalusian-stallion-8years-152-hh-dun-leisurehorses-working-equitation-horses-baroquehorses-eventinghorses-menorca/4747028.html
ehorses.com,"PRE, Stallion, 8 years, 16,1 hh, Dun",PRE,Stallion,8 years,321000,"Noain, ES",https://www.ehorses.com/pre-stallion-8years-161-hh-dun-dressagehorses-working-equitation-horses-baroquehorses-noain/4697402.html
ehorses.com,"Other Breeds, Gelding, 6 years, 15,2 hh, Brown",Other Breeds,Gelding,6 years,58314,"Achtmaal, NL",https://www.ehorses.com/other-breeds-gelding-6years-152-hh-brown-leisurehorses-achtmaal/4747000.html
ehorses.com,"Hanoverian, Gelding, 12 years, 17,2 hh, Dun",Hanoverian,Gelding,12 years,321000,"Noain (Navarra), ES",https://www.ehorses.com/hanoverian-gelding-12years-172-hh-dun-dressagehorses-noain-navarra/4699250.html
ehorses.com,"Lusitano, Gelding, 11 years, 16 hh, Brown",Lusitano,Gelding,11 years,535000,"Handewitt, DE",https://www.ehorses.com/lusitano-gelding-11years-16-hh-brown-dressagehorses-handewitt/4746819.html
ehorses.com,"Hanoverian, Mare, 6 years, 16,2 hh, Brown",Hanoverian,Mare,6 years,171200,"Langelsheim, DE",https://www.ehorses.com/hanoverian-mare-6years-162-hh-brown-dressagehorses-langelsheim/4244395.html
ehorses.com,"Hanoverian, Mare, 5 years, 16,2 hh, Black",Hanoverian,Mare,5 years,267500,"Langelsheim, DE",https://www.ehorses.com/hanoverian-mare-5years-162-hh-black-dressagehorses-langelsheim/4728878.html
ehorses.com,"Hanoverian, Gelding, 8 years, 17 hh, Bay-Dark",Hanoverian,Gelding,8 years,374500,"Langelsheim, DE",https://www.ehorses.com/hanoverian-gelding-8years-17-hh-bay-dark-showjumpers-langelsheim/4742969.html
ehorses.com,"Oldenburg, Mare, 7 years, 15,2 hh, Smoky-Black",Oldenburg,Mare,7 years,187250,"Roßdorf, DE",https://www.ehorses.com/oldenburg-mare-7years-152-hh-smoky-black-dressagehorses-breedinghorses-eventinghorses-showjumpers-rossdorf/4511860.html
ehorses.com,"Hanoverian, Mare, 14 years, 16 hh, Chestnut",Hanoverian,Mare,14 years,80250,"Dassel, DE",https://www.ehorses.com/hanoverian-mare-14years-16-hh-chestnut-dressagehorses-dassel/4685966.html
ehorses.com,"Hanoverian, Mare, 14 years, 16,1 hh, Black",Hanoverian,Mare,14 years,588500,"Jüchen, DE",https://www.ehorses.com/hanoverian-mare-14years-161-hh-black-dressagehorses-juechen/4745388.html
ehorses.com,"Arabian horses, Gelding, 4 years, 15,1 hh, Grey",Arabian horses,Gelding,4 years,133750,"Wassertrüdingen, DE",https://www.ehorses.com/arabian-horses-gelding-4years-151-hh-grey-leisurehorses-endurancehorses-westernhorses-wassertruedingen/4249961.html
ehorses.com,"Hungarian Sport Horse, Gelding, 8 years, 16.1 hh, Grey",Hungarian Sport Horse,Gelding,8 years,133750,"Budapest, HU",https://www.ehorses.com/hungarian-sport-horse-gelding-8years-16-1-hh-grey-showjumpers-leisurehorses-dressagehorses-budapest/4742802.html
ehorses.com,"Hungarian Sport Horse, Gelding, 7 years, 16.1 hh, Chestnut",Hungarian Sport Horse,Gelding,7 years,105395,"Budapest, HU",https://www.ehorses.com/hungarian-sport-horse-gelding-7years-16-1-hh-chestnut-dressagehorses-showjumpers-leisurehorses-budapest/4738743.html
ehorses.com,"Latvian Warmblood, Mare, 6 years, 16 hh, Bay-Dark",Latvian Warmblood,Mare,6 years,160500,"Helsinki, FI",https://www.ehorses.com/latvian-warmblood-mare-6years-16-hh-bay-dark-showjumpers-dressagehorses-helsinki/4749774.html
ehorses.com,"Hanoverian, Gelding, 4 years, 16 hh, Chestnut-Red",Hanoverian,Gelding,4 years,588500,"Coin, ES",https://www.ehorses.com/hanoverian-gelding-4years-16-hh-chestnut-red-dressagehorses-working-equitation-horses-coin/4735214.html
ehorses.com,"German Sport Horse, Gelding, 8 years, 16.1 hh, Bay-Dark",German Sport Horse,Gelding,8 years,155150,"Grevenbroich, DE",https://www.ehorses.com/german-sport-horse-gelding-8years-16-1-hh-bay-dark-showjumpers-leisurehorses-dressagehorses-grevenbroich/4749777.html
ehorses.com,"Wuerttemberg, Stallion, 2 years, 15.2 hh, Chestnut-Red",Wuerttemberg,Stallion,2 years,80250,"Bramsche, DE",https://www.ehorses.com/wuerttemberg-stallion-2years-15-2-hh-chestnut-red-showhunter-showjumpers-bramsche/4731526.html
ehorses.com,"Icelandic Horse, Mare, 12 years, 13.2 hh, Brown",Icelandic Horse,Mare,12 years,192600,"Teisendorf, DE",https://www.ehorses.com/icelandic-horse-mare-12years-13-2-hh-brown-gaitedhorses-breedinghorses-leisurehorses-teisendorf/4740705.html
ehorses.com,"Oldenburg, Gelding, 7 years, Chestnut-Red",Oldenburg,Gelding,7 years,187250,"WilnsdorfWilnsdorf, DE",https://www.ehorses.com/oldenburg-gelding-7years-chestnut-red-dressagehorses-wilnsdorfwilnsdorf/4532452.html
ehorses.com,"Belgian Warmblood, Mare, 11 years, 17 hh, Brown",Belgian Warmblood,Mare,11 years,187250,"Wilnsdorf, DE",https://www.ehorses.com/belgian-warmblood-mare-11years-17-hh-brown-dressagehorses-leisurehorses-wilnsdorf/4697752.html
ehorses.com,"Straight Egyptian, Mare, 16 years, 15 hh, Brown",Straight Egyptian,Mare,16 years,133750,"Wassertrüdingen, DE",https://www.ehorses.com/straight-egyptian-mare-16years-15-hh-brown-breedinghorses-showhorses-leisurehorses-wassertruedingen/4250846.html
ehorses.com,"Straight Egyptian, Gelding, 3 years, 15.1 hh, Brown",Straight Egyptian,Gelding,3 years,80250,"Wassertrüdingen, DE",https://www.ehorses.com/straight-egyptian-gelding-3years-15-1-hh-brown-leisurehorses-working-equitation-horses-endurancehorses-wassertruedingen/4577253.html
ehorses.com,"Arabian horses, Gelding, 3 years, 15.1 hh, Brown",Arabian horses,Gelding,3 years,80250,"Wassertrüdingen, DE",https://www.ehorses.com/arabian-horses-gelding-3years-15-1-hh-brown-leisurehorses-wassertruedingen/4577314.html
ehorses.com,"Straight Egyptian, Gelding, 4 years, 15.1 hh, Grey",Straight Egyptian,Gelding,4 years,133750,"Wassertrüdingen, DE",https://www.ehorses.com/straight-egyptian-gelding-4years-15-1-hh-grey-leisurehorses-endurancehorses-westernhorses-wassertruedingen/4577371.html
ehorses.com,"Holstein, Mare, 9 years, 16.1 hh, Chestnut-Red",Holstein,Mare,9 years,321000,"Gadow, DE",https://www.ehorses.com/holstein-mare-9years-16-1-hh-chestnut-red-showjumpers-gadow/4746968.html
ehorses.com,"Hanoverian, Stallion, 3 years, 16.2 hh, Black",Hanoverian,Stallion,3 years,321000,"Niederkirchen, DE",https://www.ehorses.com/hanoverian-stallion-3years-16-2-hh-black-dressagehorses-niederkirchen/4746928.html
ehorses.com,"Hanoverian, Mare, 1 year, Chestnut",Hanoverian,Mare,1 year,69550,"Breddorf, DE",https://www.ehorses.com/hanoverian-mare-1year-chestnut-showjumpers-breedinghorses-eventinghorses-dressagehorses-breddorf/4529909.html
ehorses.com,"Hanoverian, Mare, 1 year, Black",Hanoverian,Mare,1 year,69550,"Breddorf, DE",https://www.ehorses.com/hanoverian-mare-1year-black-eventinghorses-breedinghorses-showjumpers-dressagehorses-breddorf/4520536.html
ehorses.com,"Wuerttemberg, Mare, 7 years, 16 hh, Brown",Wuerttemberg,Mare,7 years,84530,"Ertingen, DE",https://www.ehorses.com/wuerttemberg-mare-7years-16-hh-brown-showjumpers-breedinghorses-ertingen/4733475.html
ehorses.com,"PRE, Stallion, 3 years, 16.1 hh, Grey-Dark-Tan",PRE,Stallion,3 years,80250,"Teldau, DE",https://www.ehorses.com/pre-stallion-3years-16-1-hh-grey-dark-tan-leisurehorses-working-equitation-horses-baroquehorses-dressagehorses-teldau/4733846.html
ehorses.com,"PRE Mix, Gelding, 4 years, 15.2 hh, Grey-Red-Tan",PRE Mix,Gelding,4 years,80250,"Bötersen, DE",https://www.ehorses.com/pre-gelding-4years-15-2-hh-grey-red-tan-leisurehorses-working-equitation-horses-baroquehorses-dressagehorses-boetersen/4718668.html
ehorses.com,"Hanoverian, Gelding, 11 years, 17 hh, Brown",Hanoverian,Gelding,11 years,192600,"Willich, DE",https://www.ehorses.com/hanoverian-gelding-11years-17-hh-brown-dressagehorses-willich/4746876.html
ehorses.com,"NRPS, Gelding, 4 years, 14.1 hh, Smoky-Black",NRPS,Gelding,4 years,133750,"Fürstenau, DE",https://www.ehorses.com/nrps-gelding-4years-14-1-hh-smoky-black-dressagehorses-showjumpers-showhunter-carriagehorses-fuerstenau/4746871.html
ehorses.com,"German Sport Horse, Gelding, 12 years, 16.3 hh, Brown",German Sport Horse,Gelding,12 years,171200,"Willich, DE",https://www.ehorses.com/german-sport-horse-gelding-12years-16-3-hh-brown-leisurehorses-showjumpers-dressagehorses-willich/4746841.html
ehorses.com,"Hispano Arabian, Gelding, 11 years, 15.2 hh, Brown",Hispano Arabian,Gelding,11 years,133750,"Madrid, ES",https://www.ehorses.com/hispano-arabian-gelding-11years-15-2-hh-brown-dressagehorses-doma-vaquera-working-equitation-horses-leisurehorses-madrid/4682531.html
ehorses.com,"Oldenburg, Gelding, 3 years, 16.1 hh, Chestnut",Oldenburg,Gelding,3 years,315650,"Heidesheim am Rhein, DE",https://www.ehorses.com/oldenburg-gelding-3years-16-1-hh-chestnut-dressagehorses-heidesheim-am-rhein/4744458.html
ehorses.com,"Austrian Warmblood, Gelding, 4 years, 16.3 hh, Brown",Austrian Warmblood,Gelding,4 years,101650,"Bad Kleinkirchheim, AT",https://www.ehorses.com/austrian-warmblood-gelding-4years-16-3-hh-brown-dressagehorses-bad-kleinkirchheim/4732609.html
ehorses.com,"Austrian Warmblood, Mare, 4 years, 16.1 hh, Pinto",Austrian Warmblood,Mare,4 years,101650,"Bad Kleinkirchheim, AT",https://www.ehorses.com/austrian-warmblood-mare-4years-16-1-hh-pinto-leisurehorses-baroquehorses-breedinghorses-dressagehorses-bad-kleinkirchheim/4732614.html
ehorses.com,"Lusitano, Stallion, 6 years, 15,2 hh, Pearl",Lusitano,Stallion,6 years,85600,"Caldas De Reis (Casco Urbano), ES",https://www.ehorses.com/lusitano-stallion-6years-152-hh-pearl-dressagehorses-breedinghorses-sire-caldas-de-reis-casco-urbano/4506862.html
ehorses.com,"American Quarter Horse, Gelding, 8 years, 14,2 hh, Chestnut",American Quarter Horse,Gelding,8 years,35350,"Paicines CA, US",https://www.ehorses.com/american-quarter-horse-gelding-8years-142-hh-chestnut-trailhorses-ranch-riding-horses-paicines-ca/4263657.html
ehorses.com,"Oldenburg-International (OS), Mare, 4 years, 15,2 hh, Brown",Oldenburg-International (OS),Mare,4 years,160500,"KRAJENKA, PL",https://www.ehorses.com/oldenburg-international-os-mare-4years-152-hh-brown-dressagehorses-eventinghorses-krajenka/4336779.html
ehorses.com,"Asil Arabian, Stallion, 1 year, Brown",Asil Arabian,Stallion,1 year,40125,"VERNON, FR",https://www.ehorses.com/asil-arabian-stallion-1year-brown-endurancehorses-showjumpers-leisurehorses-dressagehorses-vernon/4519184.html
ehorses.com,"American Quarter Horse, Gelding, 5 years, 15,2 hh, Buckskin",American Quarter Horse,Gelding,5 years,101000,"Wickenburg, US",https://www.ehorses.com/american-quarter-horse-gelding-5years-152-hh-buckskin-trailhorses-reininghorses-wickenburg/4723105.html
ehorses.com,"Cruzado, Stallion, 3 years, Brown",Cruzado,Stallion,3 years,80250,"Fuendetodos, ES",https://www.ehorses.com/cruzado-stallion-3years-brown-endurancehorses-fuendetodos/4623032.html
ehorses.com,"Thoroughbred, Mare, 6 years, 16,2 hh, Smoky-Black",Thoroughbred,Mare,6 years,64199,"Walsrode, DE",https://www.ehorses.com/thoroughbred-mare-6years-162-hh-smoky-black-breedinghorses-eventinghorses-leisurehorses-dressagehorses-walsrode/4746835.html
ehorses.com,"German Riding Pony, Gelding, 5 years, Buckskin",German Riding Pony,Gelding,5 years,406600,"Westerstede, DE",https://www.ehorses.com/german-riding-pony-gelding-5years-buckskin-dressagehorses-showjumpers-westerstede/4714025.html
ehorses.com,"Other Heavy Horses, Gelding, 5 years, 15,2 hh, Chestnut-Red",Other Heavy Horses,Gelding,5 years,69550,"Nettersheim, DE",https://www.ehorses.com/other-heavy-horses-gelding-5years-152-hh-chestnut-red-leisurehorses-nettersheim/4746818.html
ehorses.com,"German Sport Horse, Gelding, 7 years, 16,1 hh, Black",German Sport Horse,Gelding,7 years,588500,"Himberg, AT",https://www.ehorses.com/german-sport-horse-gelding-7years-161-hh-black-dressagehorses-showjumpers-leisurehorses-himberg/4746811.html
ehorses.com,"Oldenburg, Gelding, 3 years, Bay-Dark",Oldenburg,Gelding,3 years,133750,"Dortmund, DE",https://www.ehorses.com/oldenburg-gelding-3years-bay-dark-dressagehorses-leisurehorses-dortmund/4682400.html
ehorses.com,"American Quarter Horse, Gelding, 6 years, 15,1 hh, Brown",American Quarter Horse,Gelding,6 years,144450,"Wilhelmsburg, AT",https://www.ehorses.com/american-quarter-horse-gelding-6years-151-hh-brown-trailhorses-leisurehorses-wilhelmsburg/4744404.html
ehorses.com,"American Quarter Horse, Stallion, 2 years, 14,3 hh, Brown Falb mold",American Quarter Horse,Stallion,2 years,58849,"Petit-Réderching, FR",https://www.ehorses.com/american-quarter-horse-stallion-2years-143-hh-brown-falb-mold-trailhorses-ranch-riding-horses-breedinghorses-westernhorses-petit-rederching/4746740.html
ehorses.com,"KWPN, Mare, 10 years, Brown-Light",KWPN,Mare,10 years,588500,"Osnabrück, DE",https://www.ehorses.com/kwpn-mare-10years-brown-light-showjumpers-osnabrueck/4737467.html
ehorses.com,"Oldenburg, Mare, 5 years, 16,2 hh, Chestnut-Red",Oldenburg,Mare,5 years,321000,"Heidesheim am Rhein, DE",https://www.ehorses.com/oldenburg-mare-5years-162-hh-chestnut-red-dressagehorses-showjumpers-heidesheim-am-rhein/4446490.html
ehorses.com,"Oldenburg, Gelding, 6 years, 16,1 hh, Chestnut-Red",Oldenburg,Gelding,6 years,321000,"Heidesheim am Rhein, DE",https://www.ehorses.com/oldenburg-gelding-6years-161-hh-chestnut-red-dressagehorses-heidesheim-am-rhein/4394910.html
ehorses.com,"Hanoverian, Stallion, 3 years, 16,2 hh, Smoky-Black",Hanoverian,Stallion,3 years,165850,"WormsWorms, DE",https://www.ehorses.com/hanoverian-stallion-3years-162-hh-smoky-black-eventinghorses-showjumpers-leisurehorses-dressagehorses-wormsworms/4737368.html
ehorses.com,"Hanoverian, Gelding, 5 years, 17,1 hh, Chestnut",Hanoverian,Gelding,5 years,321000,"Grudziądz, PL",https://www.ehorses.com/hanoverian-gelding-5years-171-hh-chestnut-dressagehorses-showhunter-leisurehorses-grudziadz/4746657.html
ehorses.com,"German Riding Horse, Gelding, 7 years, 17 hh, Brown",German Riding Horse,Gelding,7 years,321000,"Münster, DE",https://www.ehorses.com/german-riding-horse-gelding-7years-17-hh-brown-dressagehorses-muenster/4746710.html
ehorses.com,"German Sport Horse, Stallion, 1 year, 16,2 hh, Black",German Sport Horse,Stallion,1 year,64199,"Querfurt, DE",https://www.ehorses.com/german-sport-horse-stallion-1year-162-hh-black-dressagehorses-breedinghorses-leisurehorses-querfurt/4579822.html
ehorses.com,"Hanoverian, Gelding, 11 years, 16,2 hh, Brown",Hanoverian,Gelding,11 years,1070000,"Wehringen, DE",https://www.ehorses.com/hanoverian-gelding-11years-162-hh-brown-dressagehorses-leisurehorses-wehringen/4746691.html
ehorses.com,"German Riding Pony, Gelding, 9 years, 14,2 hh, Buckskin",German Riding Pony,Gelding,9 years,321000,"Essen, DE",https://www.ehorses.com/german-riding-pony-gelding-9years-142-hh-buckskin-dressagehorses-showjumpers-essen/4738239.html
ehorses.com,"Westphalian, Gelding, 8 years, 16,2 hh, Chestnut",Westphalian,Gelding,8 years,267500,"Essen, DE",https://www.ehorses.com/westphalian-gelding-8years-162-hh-chestnut-dressagehorses-showjumpers-essen/4738240.html
ehorses.com,"Connemara, Gelding, 5 years, 14,1 hh, Grey-Dark-Tan",Connemara,Gelding,5 years,180830,"Lisberg, DE",https://www.ehorses.com/connemara-gelding-5years-141-hh-grey-dark-tan-showjumpers-eventinghorses-showhunter-dressagehorses-lisberg/4706326.html
ehorses.com,"German Sport Horse, Mare, 1 year, Brown",German Sport Horse,Mare,1 year,40125,"Saalfeld, DE",https://www.ehorses.com/german-sport-horse-mare-1year-brown-showjumpers-eventinghorses-leisurehorses-dressagehorses-saalfeld/4562632.html
ehorses.com,"American Quarter Horse, Gelding, 8 years, 15 hh, Grey",American Quarter Horse,Gelding,8 years,35350,"Stephenville TX, US",https://www.ehorses.com/american-quarter-horse-gelding-8years-15-hh-grey-trailhorses-ranch-riding-horses-stephenville-tx/4492959.html
ehorses.com,"Trakehner, Mare, 8 years, 16,1 hh, Grey",Trakehner,Mare,8 years,214000,"Bosau, DE",https://www.ehorses.com/trakehner-mare-8years-161-hh-grey-dressagehorses-breedinghorses-eventinghorses-showjumpers-bosau/4701160.html
ehorses.com,"Appaloosa, Gelding, 7 years, 14,2 hh, Roan-Red",Appaloosa,Gelding,7 years,35350,"Fort Collins CO, US",https://www.ehorses.com/appaloosa-gelding-7years-142-hh-roan-red-trailhorses-ranch-riding-horses-fort-collins-co/4385270.html
ehorses.com,"American Quarter Horse, Mare, 8 years, Tobiano-all-colors",American Quarter Horse,Mare,8 years,35350,"Adair OK, US",https://www.ehorses.com/american-quarter-horse-mare-8years-tobiano-all-colors-trailhorses-ranch-riding-horses-adair-ok/4163333.html
ehorses.com,"Oldenburg-International (OS), Gelding, 5 years, 15,2 hh",Oldenburg-International (OS),Gelding,5 years,133750,"Papenhagen, DE",https://www.ehorses.com/oldenburg-international-os-gelding-5years-152-hh-showhunter-showjumpers-dressagehorses-papenhagen/4566598.html
ehorses.com,"Andalusian Mix, Mare, 3 years, 15,1 hh, Dun",Andalusian Mix,Mare,3 years,63129,"Tabernas Almeria, ES",https://www.ehorses.com/andalusian-mare-3years-151-hh-dun-dressagehorses-working-equitation-horses-tabernas-almeria/4538438.html
ehorses.com,"Connemara, Mare, 7 years, 14 hh, Grey-Dark-Tan",Connemara,Mare,7 years,180830,"Lisberg, DE",https://www.ehorses.com/connemara-mare-7years-14-hh-grey-dark-tan-showjumpers-eventinghorses-dressagehorses-lisberg/4722353.html
ehorses.com,"German Riding Pony, Mare, 9 years, 14,2 hh, Grey",German Riding Pony,Mare,9 years,321000,"Buchen Waldhausen, DE",https://www.ehorses.com/german-riding-pony-mare-9years-142-hh-grey-showjumpers-showhunter-buchen-waldhausen/4667636.html
ehorses.com,"German Riding Pony, Mare, 11 years, 14,2 hh, Bay-Dark",German Riding Pony,Mare,11 years,288900,"Haltern am See, DE",https://www.ehorses.com/german-riding-pony-mare-11years-142-hh-bay-dark-dressagehorses-haltern-am-see/4594716.html
ehorses.com,"Hanoverian, Mare, 6 years, 16,2 hh, Bay-Dark",Hanoverian,Mare,6 years,321000,"Tiddische, DE",https://www.ehorses.com/hanoverian-mare-6years-162-hh-bay-dark-dressagehorses-breedinghorses-tiddische/4559204.html
ehorses.com,"Holstein, Mare, 11 years, 16,1 hh, Brown",Holstein,Mare,11 years,80250,"wonfurt, DE",https://www.ehorses.com/holstein-mare-11years-161-hh-brown-breedinghorses-showjumpers-wonfurt/4653587.html
ehorses.com,"German Sport Horse, Gelding, 5 years, 16,2 hh, Brown",German Sport Horse,Gelding,5 years,278200,"Kirchenthumbach, DE",https://www.ehorses.com/german-sport-horse-gelding-5years-162-hh-brown-dressagehorses-showjumpers-leisurehorses-kirchenthumbach/4670051.html
ehorses.com,"Westphalian, Gelding, 5 years, 16,1 hh, Grey",Westphalian,Gelding,5 years,278200,"Kirchenthumbach, DE",https://www.ehorses.com/westphalian-gelding-5years-161-hh-grey-showjumpers-eventinghorses-leisurehorses-dressagehorses-kirchenthumbach/4746615.html
ehorses.com,"German Sport Horse, Gelding, 6 years, 17 hh, Black",German Sport Horse,Gelding,6 years,73830,"Grimma, DE",https://www.ehorses.com/german-sport-horse-gelding-6years-17-hh-black-leisurehorses-dressagehorses-grimma/4746570.html
ehorses.com,"Thoroughbred, Stallion, 6 years",Thoroughbred,Stallion,6 years,80250,"MadridMadrid, ES",https://www.ehorses.com/thoroughbred-stallion-6years-galloper-madridmadrid/4746606.html
ehorses.com,"KWPN, Mare, 3 years, 15,3 hh, Bay-Dark",KWPN,Mare,3 years,58849,"Oud Gastel, NL",https://www.ehorses.com/kwpn-mare-3years-153-hh-bay-dark-dressagehorses-breedinghorses-leisurehorses-oud-gastel/4703331.html
ehorses.com,"KWPN, Mare, 8 years, 16,2 hh, Black",KWPN,Mare,8 years,95765,"Oud Gastel, NL",https://www.ehorses.com/kwpn-mare-8years-162-hh-black-dressagehorses-breedinghorses-leisurehorses-oud-gastel/4705558.html
ehorses.com,"Westphalian, Mare, 8 years, 16,2 hh, Chestnut-Red",Westphalian,Mare,8 years,85600,"Oud Gastel, NL",https://www.ehorses.com/westphalian-mare-8years-162-hh-chestnut-red-dressagehorses-breedinghorses-leisurehorses-oud-gastel/4715885.html
ehorses.com,"Oldenburg, Mare, 12 years, 16,1 hh, Bay-Dark",Oldenburg,Mare,12 years,187250,"Oud Gastel, NL",https://www.ehorses.com/oldenburg-mare-12years-161-hh-bay-dark-dressagehorses-breedinghorses-leisurehorses-oud-gastel/4720729.html
ehorses.com,"Westphalian, Mare, 8 years, 16,2 hh, Chestnut-Red",Westphalian,Mare,8 years,85600,"Oud Gastel, NL",https://www.ehorses.com/westphalian-mare-8years-162-hh-chestnut-red-dressagehorses-breedinghorses-leisurehorses-oud-gastel/4721581.html
ehorses.com,"Zangersheider, Mare, 7 years, 17 hh, Brown",Zangersheider,Mare,7 years,80250,"Oud Gastel, NL",https://www.ehorses.com/zangersheider-mare-7years-17-hh-brown-leisurehorses-breedinghorses-showjumpers-dressagehorses-oud-gastel/4746599.html
ehorses.com,"KWPN, Gelding, 4 years, 16,2 hh, Brown",KWPN,Gelding,4 years,133750,"Szarvas, HU",https://www.ehorses.com/kwpn-gelding-4years-162-hh-brown-showjumpers-szarvas/4676596.html
ehorses.com,"Hanoverian, Mare, 8 years, 16 hh, Black",Hanoverian,Mare,8 years,77040,"Someren, NL",https://www.ehorses.com/hanoverian-mare-8years-16-hh-black-dressagehorses-leisurehorses-someren/4746558.html
ehorses.com,"Oldenburg-International (OS), Gelding, 14 years, 17,1 hh, Brown",Oldenburg-International (OS),Gelding,14 years,588500,"WardenburgWardenburg, DE",https://www.ehorses.com/oldenburg-international-os-gelding-14years-171-hh-brown-showjumpers-wardenburgwardenburg/4285842.html
ehorses.com,"Oldenburg-International (OS), Gelding, 9 years, 16,3 hh, Grey",Oldenburg-International (OS),Gelding,9 years,321000,"WardenburgWardenburg, DE",https://www.ehorses.com/oldenburg-international-os-gelding-9years-163-hh-grey-showjumpers-wardenburgwardenburg/4703353.html
ehorses.com,"PRE, Stallion, 5 years, 15,2 hh, Brown",PRE,Stallion,5 years,187250,"Vejer de la Frontera, ES",https://www.ehorses.com/pre-stallion-5years-152-hh-brown-dressagehorses-working-equitation-horses-baroquehorses-breedinghorses-vejer-de-la-frontera/4561006.html
ehorses.com,"American Quarter Horse, Gelding, 8 years, 15 hh, Roan-Blue",American Quarter Horse,Gelding,8 years,35350,"Dawson Ga, US",https://www.ehorses.com/american-quarter-horse-gelding-8years-15-hh-roan-blue-trailhorses-ranch-riding-horses-dawson-ga/4561505.html
ehorses.com,"American Quarter Horse, Gelding, 10 years, 15 hh, Grey",American Quarter Horse,Gelding,10 years,35350,"Paicines CA, US",https://www.ehorses.com/american-quarter-horse-gelding-10years-15-hh-grey-trailhorses-ranch-riding-horses-paicines-ca/4297393.html
ehorses.com,"Spotted Saddle Horse, Gelding, 10 years, Champagne",Spotted Saddle Horse,Gelding,10 years,121200,"Evansville, IN, US",https://www.ehorses.com/spotted-saddle-horse-gelding-10years-champagne-trailhorses-gaitedhorses-evansville-in/4300081.html
ehorses.com,"Murgese, Mare, 3 years, 15,1 hh, Black",Murgese,Mare,3 years,107000,"Martina Franca, IT",https://www.ehorses.com/murgese-mare-3years-151-hh-black-baroquehorses-martina-franca/4718418.html
ehorses.com,"Oldenburg, Gelding, 5 years, 18,1 hh, Brown",Oldenburg,Gelding,5 years,321000,"Georgsmarienhütte, DE",https://www.ehorses.com/oldenburg-gelding-5years-181-hh-brown-dressagehorses-georgsmarienhuette/4670329.html
ehorses.com,"Andalusian, Gelding, 7 years, 16 hh, Black",Andalusian,Gelding,7 years,187250,"Madrid, ES",https://www.ehorses.com/andalusian-gelding-7years-16-hh-black-dressagehorses-leisurehorses-madrid/4036066.html
ehorses.com,"German Sport Horse, Mare, 4 years, 16,2 hh, Bay-Dark",German Sport Horse,Mare,4 years,353100,"Wehringen, DE",https://www.ehorses.com/german-sport-horse-mare-4years-162-hh-bay-dark-dressagehorses-breedinghorses-leisurehorses-wehringen/4720907.html
ehorses.com,"Hanoverian, Mare, 4 years, 16,1 hh, Chestnut-Red",Hanoverian,Mare,4 years,80250,"Selsingen, DE",https://www.ehorses.com/hanoverian-mare-4years-161-hh-chestnut-red-dressagehorses-breedinghorses-leisurehorses-selsingen/4739252.html
ehorses.com,"Holstein, Gelding, 6 years, 16 hh, Grey",Holstein,Gelding,6 years,321000,"WardenburgWardenburg, DE",https://www.ehorses.com/holstein-gelding-6years-16-hh-grey-showjumpers-eventinghorses-showhunter-leisurehorses-wardenburgwardenburg/4682243.html
ehorses.com,"Lipizzaner, Gelding, 4 years, White",Lipizzaner,Gelding,4 years,80800,"Porter Ranch, US",https://www.ehorses.com/lipizzaner-gelding-4years-white-breedinghorses-endurancehorses-showjumpers-carriagehorses-porter-ranch/4694822.html
ehorses.com,"Hanoverian, Mare, 5 years, 16,1 hh",Hanoverian,Mare,5 years,342400,"Bramsche, DE",https://www.ehorses.com/hanoverian-mare-5years-161-hh-dressagehorses-bramsche/4746513.html
ehorses.com,"Westphalian, Mare, 5 years, 16,1 hh, Chestnut-Red",Westphalian,Mare,5 years,267500,"Bramsche, DE",https://www.ehorses.com/westphalian-mare-5years-161-hh-chestnut-red-dressagehorses-bramsche/4745901.html
ehorses.com,"PRE Mix, Stallion, 6 years, 16,1 hh, Grey",PRE Mix,Stallion,6 years,133750,"Coín, Malaga, ES",https://www.ehorses.com/pre-stallion-6years-161-hh-grey-dressagehorses-breedinghorses-coin-malaga/4731983.html
ehorses.com,"PRE, Mare, 4 years, 16 hh, Grey",PRE,Mare,4 years,80250,"Coín, ES",https://www.ehorses.com/pre-mare-4years-16-hh-grey-dressagehorses-breedinghorses-coin/4722357.html
ehorses.com,"Shetland Ponies, Gelding, 6 years, 9,1 hh, Palomino",Shetland Ponies,Gelding,6 years,30494,"Halle, DE",https://www.ehorses.com/shetland-ponies-gelding-6years-91-hh-palomino-carriagehorses-leisurehorses-halle/4746463.html
ehorses.com,"Lusitano, Gelding, 8 years, 15,1 hh, Grey",Lusitano,Gelding,8 years,321000,"Saint-Crépin-Ibouvillers, FR",https://www.ehorses.com/lusitano-gelding-8years-151-hh-grey-dressagehorses-working-equitation-horses-saint-crepin-ibouvillers/4746434.html
ehorses.com,"Trakehner, Mare, 5 years, 16,1 hh, Chestnut-Red",Trakehner,Mare,5 years,321000,"Waakirchen, DE",https://www.ehorses.com/trakehner-mare-5years-161-hh-chestnut-red-dressagehorses-waakirchen/4640393.html
ehorses.com,"Bavarian Warmblood, Mare, 5 years, 16,1 hh, Black",Bavarian Warmblood,Mare,5 years,283550,"Trochtelfingen, DE",https://www.ehorses.com/bavarian-warmblood-mare-5years-161-hh-black-dressagehorses-breedinghorses-trochtelfingen/4707950.html
ehorses.com,"Baden Wuerttemberg, Gelding, 4 years, 16,1 hh, Bay-Dark",Baden Wuerttemberg,Gelding,4 years,321000,"Trochtelfingen, DE",https://www.ehorses.com/baden-wuerttemberg-gelding-4years-161-hh-bay-dark-dressagehorses-trochtelfingen/4707923.html
ehorses.com,"Belgian Warmblood, Gelding, 8 years, Chestnut-Red",Belgian Warmblood,Gelding,8 years,588500,"Schlatt, AT",https://www.ehorses.com/belgian-warmblood-gelding-8years-chestnut-red-showjumpers-schlatt/4712218.html
ehorses.com,"Belgian Warmblood, Gelding, 12 years, Brown",Belgian Warmblood,Gelding,12 years,588500,"Schlatt, AT",https://www.ehorses.com/belgian-warmblood-gelding-12years-brown-showjumpers-schlatt/4712314.html
ehorses.com,"Oldenburg, Gelding, 11 years, Bay-Dark",Oldenburg,Gelding,11 years,909499,"Schlatt, AT",https://www.ehorses.com/oldenburg-gelding-11years-bay-dark-showjumpers-schlatt/4712341.html
ehorses.com,"Austrian Warmblood, Gelding, 9 years, Brown",Austrian Warmblood,Gelding,9 years,909499,"Schlatt, AT",https://www.ehorses.com/austrian-warmblood-gelding-9years-brown-showjumpers-schlatt/4712389.html
ehorses.com,"Hanoverian, Gelding, 6 years, 16,1 hh, Chestnut-Red",Hanoverian,Gelding,6 years,139100,"Zalaegerszeg, HU",https://www.ehorses.com/hanoverian-gelding-6years-161-hh-chestnut-red-dressagehorses-zalaegerszeg/4694484.html
ehorses.com,"Hungarian Sport Horse, Gelding, 6 years, 16,1 hh, Black",Hungarian Sport Horse,Gelding,6 years,139100,"Zalaegerszeg, HU",https://www.ehorses.com/hungarian-sport-horse-gelding-6years-161-hh-black-dressagehorses-zalaegerszeg/4618939.html
ehorses.com,"Oldenburg, Gelding, 6 years, 16,1 hh, Brown",Oldenburg,Gelding,6 years,187250,"Zalaegerszeg, HU",https://www.ehorses.com/oldenburg-gelding-6years-161-hh-brown-showjumpers-showhunter-dressagehorses-zalaegerszeg/4717677.html
ehorses.com,"Oldenburg, Mare, 8 years, 16,1 hh, Black",Oldenburg,Mare,8 years,139100,"Zalaegerszeg, HU",https://www.ehorses.com/oldenburg-mare-8years-161-hh-black-dressagehorses-zalaegerszeg/4642134.html
ehorses.com,"Oldenburg, Mare, 4 years, 16,1 hh, Smoky-Black",Oldenburg,Mare,4 years,321000,"Warendorf, DE",https://www.ehorses.com/oldenburg-mare-4years-161-hh-smoky-black-dressagehorses-warendorf/4741046.html
ehorses.com,"Icelandic Horse, Mare, 16 years, 13,2 hh, Black",Icelandic Horse,Mare,16 years,42800,"Fronreute, DE",https://www.ehorses.com/icelandic-horse-mare-16years-132-hh-black-gaitedhorses-leisurehorses-fronreute/4689274.html
ehorses.com,"Lusitano, Stallion, 5 years, 16 hh, Grey",Lusitano,Stallion,5 years,321000,"Navas Del Madroño, ES",https://www.ehorses.com/lusitano-stallion-5years-16-hh-grey-eventinghorses-navas-del-madrono/4135985.html
ehorses.com,"Draft Horse, Gelding, 6 years, 16,2 hh, Bay",Draft Horse,Gelding,6 years,35350,"Jacksboro TX, US",https://www.ehorses.com/draft-horse-gelding-6years-162-hh-bay-trailhorses-ranch-riding-horses-jacksboro-tx/4736369.html
ehorses.com,"Classic Pony, Mare, 14 years, 12,1 hh, Grey",Classic Pony,Mare,14 years,32089,"Uttendorf, AT",https://www.ehorses.com/classic-pony-mare-14years-121-hh-grey-leisurehorses-uttendorf/4739731.html
ehorses.com,"German Sport Horse, Stallion, 2 years, Brown",German Sport Horse,Stallion,2 years,80250,"Niemegk, DE",https://www.ehorses.com/german-sport-horse-stallion-2years-brown-showjumpers-niemegk/4166600.html
ehorses.com,"American Quarter Horse, Gelding, 13 years, 14,1 hh, Palomino",American Quarter Horse,Gelding,13 years,35350,"Bittewater CA, US",https://www.ehorses.com/american-quarter-horse-gelding-13years-141-hh-palomino-trailhorses-ranch-riding-horses-bittewater-ca/4414411.html
ehorses.com,"Hanoverian, Gelding, 5 years, 16,2 hh, Grey",Hanoverian,Gelding,5 years,160500,"Zalaegerszeg, HU",https://www.ehorses.com/hanoverian-gelding-5years-162-hh-grey-showjumpers-zalaegerszeg/4661854.html
ehorses.com,"Hanoverian, Gelding, 5 years, 16,3 hh",Hanoverian,Gelding,5 years,160500,"Zalaegerszeg, HU",https://www.ehorses.com/hanoverian-gelding-5years-163-hh-showjumpers-showhunter-dressagehorses-zalaegerszeg/4592004.html
ehorses.com,"Oldenburg, Mare, 9 years, 17,1 hh, Chestnut-Red",Oldenburg,Mare,9 years,321000,"Schärding Vorstadt, AT",https://www.ehorses.com/oldenburg-mare-9years-171-hh-chestnut-red-dressagehorses-schaerding-vorstadt/4736784.html
ehorses.com,"Westphalian, Gelding, 6 years, 16,1 hh, Chestnut-Red",Westphalian,Gelding,6 years,133750,"Messel, DE",https://www.ehorses.com/westphalian-gelding-6years-161-hh-chestnut-red-showjumpers-leisurehorses-dressagehorses-messel/4740182.html
ehorses.com,"German Riding Pony, Gelding, 6 years, 14,1 hh, Bay-Dark",German Riding Pony,Gelding,6 years,588500,"Herrenberg, DE",https://www.ehorses.com/german-riding-pony-gelding-6years-141-hh-bay-dark-dressagehorses-herrenberg/4664155.html
ehorses.com,"German Sport Horse, Stallion, 5 years, 16,3 hh, Brown",German Sport Horse,Stallion,5 years,588500,"Herrenberg, DE",https://www.ehorses.com/german-sport-horse-stallion-5years-163-hh-brown-dressagehorses-herrenberg/4648564.html
ehorses.com,"Dartmoor, Stallion, 13 years, 11,3 hh, Bay-Dark",Dartmoor,Stallion,13 years,48150,"Edewecht, DE",https://www.ehorses.com/dartmoor-stallion-13years-113-hh-bay-dark-breedinghorses-carriagehorses-edewecht/4746258.html
ehorses.com,"German Sport Horse, Gelding, 4 years, 15,2 hh, Bay-Dark",German Sport Horse,Gelding,4 years,283550,"Jengen, DE",https://www.ehorses.com/german-sport-horse-gelding-4years-152-hh-bay-dark-dressagehorses-leisurehorses-jengen/4745076.html
ehorses.com,"Westphalian, Mare, 5 years, 16,2 hh, Bay-Dark",Westphalian,Mare,5 years,144450,"Jengen, DE",https://www.ehorses.com/westphalian-mare-5years-162-hh-bay-dark-dressagehorses-breedinghorses-leisurehorses-jengen/4745095.html
ehorses.com,"German Riding Pony, Mare, 4 years, 14,1 hh, Chestnut-Red",German Riding Pony,Mare,4 years,133750,"Jengen, DE",https://www.ehorses.com/german-riding-pony-mare-4years-141-hh-chestnut-red-dressagehorses-breedinghorses-showhunter-leisurehorses-jengen/4653292.html
ehorses.com,"Hanoverian, Mare, 9 years, 17,1 hh, Brown",Hanoverian,Mare,9 years,262150,"Jengen, DE",https://www.ehorses.com/hanoverian-mare-9years-171-hh-brown-dressagehorses-breedinghorses-vaultinghorses-leisurehorses-jengen/4745132.html
ehorses.com,"Oldenburg, Gelding, 5 years, 16,2 hh, Chestnut-Red",Oldenburg,Gelding,5 years,294250,"Jengen, DE",https://www.ehorses.com/oldenburg-gelding-5years-162-hh-chestnut-red-dressagehorses-showhunter-leisurehorses-jengen/4745033.html
ehorses.com,"Cruzado, Mare, 9 years, 15,3 hh, Brown",Cruzado,Mare,9 years,160500,"Trigueros, ES",https://www.ehorses.com/cruzado-mare-9years-153-hh-brown-dressagehorses-leisurehorses-trigueros/4724369.html
ehorses.com,"PRE Mix, Gelding, 7 years, 15,3 hh, Brown",PRE Mix,Gelding,7 years,144450,"Santa Olalla Del Cala, ES",https://www.ehorses.com/pre-gelding-7years-153-hh-brown-dressagehorses-leisurehorses-santa-olalla-del-cala/4715284.html
ehorses.com,"PRE, Mare, 15 years, 15,2 hh, Chestnut-Red",PRE,Mare,15 years,80250,"Stahnsdorf, DE",https://www.ehorses.com/pre-mare-15years-152-hh-chestnut-red-leisurehorses-baroquehorses-dressagehorses-stahnsdorf/4498148.html
ehorses.com,"Lusitano, Stallion, 5 years, 16 hh, Brown",Lusitano,Stallion,5 years,235399,"Vale do Pau Queimado, PT",https://www.ehorses.com/lusitano-stallion-5years-16-hh-brown-dressagehorses-baroquehorses-vale-do-pau-queimado/4616024.html
ehorses.com,"German Sport Horse, Stallion, 4 years, 16,1 hh, Smoky-Black",German Sport Horse,Stallion,4 years,235399,"Wehringen, DE",https://www.ehorses.com/german-sport-horse-stallion-4years-161-hh-smoky-black-dressagehorses-showjumpers-leisurehorses-wehringen/4724816.html
ehorses.com,"Oldenburg, Mare, 6 years, 16,1 hh, Bay-Dark",Oldenburg,Mare,6 years,187250,"Wehringen, DE",https://www.ehorses.com/oldenburg-mare-6years-161-hh-bay-dark-dressagehorses-breedinghorses-leisurehorses-wehringen/4745235.html
ehorses.com,"Oldenburg, Mare, 15 years, 16,1 hh, Bay-Dark",Oldenburg,Mare,15 years,42800,"Bad Homburg vor der Höhe, DE",https://www.ehorses.com/oldenburg-mare-15years-161-hh-bay-dark-breedinghorses-bad-homburg-vor-der-hoehe/4743848.html
ehorses.com,"Andalusian, Stallion, 3 years, 15,2 hh, Black",Andalusian,Stallion,3 years,53500,"Mallorca, ES",https://www.ehorses.com/andalusian-stallion-3years-152-hh-black-leisurehorses-working-equitation-horses-westernhorses-eventinghorses-mallorca/4214169.html
ehorses.com,"American Quarter Horse, Gelding, 13 years, 14,2 hh, Black",American Quarter Horse,Gelding,13 years,35350,"Camp Verde AZ, US",https://www.ehorses.com/american-quarter-horse-gelding-13years-142-hh-black-trailhorses-ranch-riding-horses-camp-verde-az/4436519.html
ehorses.com,"Westphalian, Gelding, 5 years, Chestnut-Red",Westphalian,Gelding,5 years,214000,"Zülpich, DE",https://www.ehorses.com/westphalian-gelding-5years-chestnut-red-showhunter-showjumpers-zuelpich/4463840.html
ehorses.com,"German Riding Pony, Gelding, 3 years, Chestnut-Red",German Riding Pony,Gelding,3 years,44940,"Reichelsheim, DE",https://www.ehorses.com/german-riding-pony-gelding-3years-chestnut-red-dressagehorses-showjumpers-reichelsheim/3712488.html
ehorses.com,"Oldenburg, Mare, 10 years, 15,2 hh, Black",Oldenburg,Mare,10 years,208650,"Kirchensittenbach, DE",https://www.ehorses.com/oldenburg-mare-10years-152-hh-black-dressagehorses-kirchensittenbach/4717694.html
ehorses.com,"German Sport Horse, Mare, 2 years, Bay-Dark",German Sport Horse,Mare,2 years,107000,"Meyenburg, DE",https://www.ehorses.com/german-sport-horse-mare-2years-bay-dark-dressagehorses-breedinghorses-eventinghorses-showhunter-meyenburg/4446529.html
ehorses.com,"American Quarter Horse, Mare, 2 years, Brown",American Quarter Horse,Mare,2 years,294250,"Bedburg-Hau, DE",https://www.ehorses.com/american-quarter-horse-mare-2years-brown-reininghorses-bedburg-hau/4119177.html
ehorses.com,"Andalusian, Gelding, 5 years, 15,1 hh, Brown",Andalusian,Gelding,5 years,67410,"Pruna, ES",https://www.ehorses.com/andalusian-gelding-5years-151-hh-brown-leisurehorses-pruna/4544789.html
ehorses.com,"Hanoverian, Gelding, 13 years, 16,1 hh, Brown",Hanoverian,Gelding,13 years,283550,"Wehringen, DE",https://www.ehorses.com/hanoverian-gelding-13years-161-hh-brown-dressagehorses-showjumpers-leisurehorses-wehringen/4593505.html
ehorses.com,"Oldenburg, Gelding, 11 years, 17 hh, Black",Oldenburg,Gelding,11 years,1070000,"Wehringen, DE",https://www.ehorses.com/oldenburg-gelding-11years-17-hh-black-dressagehorses-leisurehorses-wehringen/4687297.html
ehorses.com,"German Sport Horse, Mare, 6 years, 16,1 hh, Black",German Sport Horse,Mare,6 years,133750,"Wehringen, DE",https://www.ehorses.com/german-sport-horse-mare-6years-161-hh-black-dressagehorses-breedinghorses-showjumpers-leisurehorses-wehringen/4706133.html
ehorses.com,"German Sport Horse, Gelding, 11 years, 17 hh, Bay-Dark",German Sport Horse,Gelding,11 years,834600,"Wehringen, DE",https://www.ehorses.com/german-sport-horse-gelding-11years-17-hh-bay-dark-dressagehorses-showjumpers-leisurehorses-wehringen/4715953.html
ehorses.com,"German Sport Horse, Mare, 4 years, 16,2 hh, Bay-Dark",German Sport Horse,Mare,4 years,353100,"Wehringen, DE",https://www.ehorses.com/german-sport-horse-mare-4years-162-hh-bay-dark-dressagehorses-breedinghorses-leisurehorses-wehringen/4720907.html
ehorses.com,"Oldenburg, Gelding, 4 years, 15,3 hh, Bay-Dark",Oldenburg,Gelding,4 years,214000,"Wehringen, DE",https://www.ehorses.com/oldenburg-gelding-4years-153-hh-bay-dark-dressagehorses-eventinghorses-showjumpers-leisurehorses-wehringen/4720924.html
ehorses.com,"German Sport Horse, Mare, 9 years, 16,2 hh, Bay-Dark",German Sport Horse,Mare,9 years,374500,"Wehringen, DE",https://www.ehorses.com/german-sport-horse-mare-9years-162-hh-bay-dark-dressagehorses-breedinghorses-showjumpers-leisurehorses-wehringen/4732428.html
ehorses.com,"Hanoverian, Gelding, 4 years, 16,2 hh, Chestnut",Hanoverian,Gelding,4 years,283550,"Wehringen, DE",https://www.ehorses.com/hanoverian-gelding-4years-162-hh-chestnut-dressagehorses-leisurehorses-wehringen/4737349.html
ehorses.com,"Hanoverian, Mare, 4 years, 16 hh, Chestnut-Red",Hanoverian,Mare,4 years,133750,"Wehringen, DE",https://www.ehorses.com/hanoverian-mare-4years-16-hh-chestnut-red-dressagehorses-breedinghorses-showjumpers-leisurehorses-wehringen/4738107.html
ehorses.com,"Straight Egyptian, Mare, 3 years, 14,2 hh, Black",Straight Egyptian,Mare,3 years,133750,"Biesdorf, DE",https://www.ehorses.com/straight-egyptian-mare-3years-142-hh-black-breedinghorses-trailhorses-endurancehorses-leisurehorses-biesdorf/4705075.html
ehorses.com,"Straight Egyptian, Stallion, 3 years, 15 hh, Brown",Straight Egyptian,Stallion,3 years,63129,"Biesdorf, DE",https://www.ehorses.com/straight-egyptian-stallion-3years-15-hh-brown-leisurehorses-endurancehorses-breedinghorses-biesdorf/4632130.html
ehorses.com,"German Sport Horse, Gelding, 6 years, 16,1 hh",German Sport Horse,Gelding,6 years,133750,"Uelzen, DE",https://www.ehorses.com/german-sport-horse-gelding-6years-161-hh-dressagehorses-showjumpers-uelzen/4733448.html
ehorses.com,"Belgian Warmblood, Gelding, 6 years, 17 hh, Brown",Belgian Warmblood,Gelding,6 years,104325,"Achtmaal, NL",https://www.ehorses.com/belgian-warmblood-gelding-6years-17-hh-brown-showjumpers-leisurehorses-dressagehorses-achtmaal/4746229.html
ehorses.com,"American Quarter Horse, Stallion, 2 years, 14,3 hh, Palomino",American Quarter Horse,Stallion,2 years,105930,"Clausthal-Zellerfeld, DE",https://www.ehorses.com/american-quarter-horse-stallion-2years-143-hh-palomino-westernhorses-showhorses-leisurehorses-clausthal-zellerfeld/4732225.html
ehorses.com,"Swiss Warmblood, Gelding, 10 years, 16,1 hh, Brown",Swiss Warmblood,Gelding,10 years,909499,"Ersigen, CH",https://www.ehorses.com/swiss-warmblood-gelding-10years-161-hh-brown-showjumpers-eventinghorses-ersigen/4694296.html
ehorses.com,"Trakehner, Mare, 11 years, 16,1 hh, Brown",Trakehner,Mare,11 years,214000,"Jægerspris, DK",https://www.ehorses.com/trakehner-mare-11years-161-hh-brown-dressagehorses-jgerspris/4551928.html
ehorses.com,"Hanoverian, Mare, 1 year, Brown",Hanoverian,Mare,1 year,80250,"Langwedel, DE",https://www.ehorses.com/hanoverian-mare-1year-brown-showjumpers-langwedel/4696498.html
ehorses.com,"American Quarter Horse, Gelding, 7 years, 15,2 hh, Grey",American Quarter Horse,Gelding,7 years,35350,"Flemingsburg KY, US",https://www.ehorses.com/american-quarter-horse-gelding-7years-152-hh-grey-trailhorses-ranch-riding-horses-flemingsburg-ky/4377091.html
ehorses.com,"American Quarter Horse, Gelding, 11 years, 14,3 hh, Chestnut",American Quarter Horse,Gelding,11 years,35350,"Camp Verde AZ, US",https://www.ehorses.com/american-quarter-horse-gelding-11years-143-hh-chestnut-trailhorses-ranch-riding-horses-camp-verde-az/4445543.html
ehorses.com,"Arabian horses, Mare, 6 years, 15,1 hh, Brown",Arabian horses,Mare,6 years,321000,"Wels, AT",https://www.ehorses.com/arabian-horses-mare-6years-151-hh-brown-breedinghorses-showhorses-leisurehorses-wels/4734652.html
ehorses.com,"PRE Mix, Stallion, 4 years, 15,2 hh, Bay",PRE Mix,Stallion,4 years,80250,"Malaga, ES",https://www.ehorses.com/pre-stallion-4years-152-hh-bay-dressagehorses-leisurehorses-malaga/4634467.html
ehorses.com,"Oldenburg, Mare, 5 years, 16,1 hh, Chestnut",Oldenburg,Mare,5 years,588500,"Gleichen, DE",https://www.ehorses.com/oldenburg-mare-5years-161-hh-chestnut-dressagehorses-gleichen/4474696.html
ehorses.com,"Hanoverian, Gelding, 7 years, 16,3 hh, Bay-Dark",Hanoverian,Gelding,7 years,374500,"Flensburg, DE",https://www.ehorses.com/hanoverian-gelding-7years-163-hh-bay-dark-dressagehorses-flensburg/4690650.html
ehorses.com,"Spanish Sporthorse, Gelding, 4 years, 16 hh, Brown",Spanish Sporthorse,Gelding,4 years,85600,"Toledo, ES",https://www.ehorses.com/spanish-sporthorse-gelding-4years-16-hh-brown-dressagehorses-toledo/4746215.html
ehorses.com,"Spanish Sporthorse, Gelding, 10 years, 16 hh, Palomino",Spanish Sporthorse,Gelding,10 years,117699,"Madrid, ES",https://www.ehorses.com/spanish-sporthorse-gelding-10years-16-hh-palomino-dressagehorses-madrid/4746214.html
ehorses.com,"Spanish Sporthorse, Gelding, 7 years, 16 hh, Black",Spanish Sporthorse,Gelding,7 years,139100,"Segovia, ES",https://www.ehorses.com/spanish-sporthorse-gelding-7years-16-hh-black-dressagehorses-segovia/4746213.html
ehorses.com,"American Quarter Horse Mix, Mare, 1 year, 14,1 hh, Perlino",American Quarter Horse Mix,Mare,1 year,58839,"Groesbeek, NL",https://www.ehorses.com/american-quarter-horse-mare-1year-141-hh-perlino-westernhorses-breedinghorses-leisurehorses-groesbeek/4740034.html
ehorses.com,"KWPN, Gelding, 5 years, 17,2 hh, Bay-Dark",KWPN,Gelding,5 years,181900,"Murcia, ES",https://www.ehorses.com/kwpn-gelding-5years-172-hh-bay-dark-showjumpers-murcia/4746211.html
ehorses.com,"German Sport Horse, Mare, 5 years, 17 hh, Chestnut",German Sport Horse,Mare,5 years,321000,"Loewenberger Land, 30 min von Berlin, DE",https://www.ehorses.com/german-sport-horse-mare-5years-17-hh-chestnut-dressagehorses-loewenberger-land-30-min-von-berlin/4731095.html
ehorses.com,"Westphalian, Mare, 5 years, 16,2 hh, Bay-Dark",Westphalian,Mare,5 years,588500,"Loewenberger Land, 30 min von Berlin, DE",https://www.ehorses.com/westphalian-mare-5years-162-hh-bay-dark-dressagehorses-loewenberger-land-30-min-von-berlin/4731097.html
ehorses.com,"Oldenburg, Gelding, 9 years, 18,1 hh, Brown",Oldenburg,Gelding,9 years,192660,"Gossau ZH, CH",https://www.ehorses.com/oldenburg-gelding-9years-181-hh-brown-showjumpers-leisurehorses-dressagehorses-gossau-zh/4657336.html
ehorses.com,"Menorquin, Stallion, 12 years, 16,1 hh, Black",Menorquin,Stallion,12 years,321000,"Menorca, ES",https://www.ehorses.com/menorquin-stallion-12years-161-hh-black-leisurehorses-working-equitation-horses-baroquehorses-eventinghorses-menorca/4728073.html
ehorses.com,"Hanoverian, Mare, 5 years, 16,1 hh, Black",Hanoverian,Mare,5 years,321000,"Loewenberger Land, 30 min von Berlin, DE",https://www.ehorses.com/hanoverian-mare-5years-161-hh-black-dressagehorses-eventinghorses-showhunter-leisurehorses-loewenberger-land-30-min-von-berlin/4731094.html
ehorses.com,"Oldenburg, Mare, 5 years, 16,2 hh, Brown",Oldenburg,Mare,5 years,588500,"Loewenberger Land, 30 min von Berlin, DE",https://www.ehorses.com/oldenburg-mare-5years-162-hh-brown-dressagehorses-loewenberger-land-30-min-von-berlin/4731108.html
ehorses.com,"Oldenburg, Mare, 5 years, 16,1 hh, Bay-Dark",Oldenburg,Mare,5 years,321000,"Loewenberger Land, 30 min von Berlin, DE",https://www.ehorses.com/oldenburg-mare-5years-161-hh-bay-dark-dressagehorses-loewenberger-land-30-min-von-berlin/4731105.html
ehorses.com,"German Sport Horse, Mare, 5 years, 15,3 hh, Black",German Sport Horse,Mare,5 years,321000,"Loewenberger Land, 30 min von Berlin, DE",https://www.ehorses.com/german-sport-horse-mare-5years-153-hh-black-dressagehorses-eventinghorses-leisurehorses-loewenberger-land-30-min-von-berlin/4731102.html
ehorses.com,"Hanoverian, Mare, 5 years, 16,1 hh, Bay-Dark",Hanoverian,Mare,5 years,321000,"Loewenberger Land, 30 min von Berlin, DE",https://www.ehorses.com/hanoverian-mare-5years-161-hh-bay-dark-dressagehorses-loewenberger-land-30-min-von-berlin/4731101.html
ehorses.com,"Spanish Sporthorse Mix, Stallion, 6 years, 16 hh, Dun",Spanish Sporthorse Mix,Stallion,6 years,321000,"Calañas, ES",https://www.ehorses.com/spanish-sporthorse-stallion-6years-16-hh-dun-dressagehorses-working-equitation-horses-calanas/4746137.html
ehorses.com,"Hungarian Sport Horse, Gelding, 8 years, 16.1 hh, Grey",Hungarian Sport Horse,Gelding,8 years,133750,"Budapest, HU",https://www.ehorses.com/hungarian-sport-horse-gelding-8years-16-1-hh-grey-showjumpers-leisurehorses-dressagehorses-budapest/4742802.html
ehorses.com,"Hungarian Sport Horse, Gelding, 7 years, 16.1 hh, Chestnut",Hungarian Sport Horse,Gelding,7 years,105395,"Budapest, HU",https://www.ehorses.com/hungarian-sport-horse-gelding-7years-16-1-hh-chestnut-dressagehorses-showjumpers-leisurehorses-budapest/4738743.html
ehorses.com,"Latvian Warmblood, Mare, 6 years, 16 hh, Bay-Dark",Latvian Warmblood,Mare,6 years,160500,"Helsinki, FI",https://www.ehorses.com/latvian-warmblood-mare-6years-16-hh-bay-dark-showjumpers-dressagehorses-helsinki/4749774.html
ehorses.com,"Hanoverian, Gelding, 4 years, 16 hh, Chestnut-Red",Hanoverian,Gelding,4 years,588500,"Coin, ES",https://www.ehorses.com/hanoverian-gelding-4years-16-hh-chestnut-red-dressagehorses-working-equitation-horses-coin/4735214.html
ehorses.com,"German Sport Horse, Gelding, 8 years, 16.1 hh, Bay-Dark",German Sport Horse,Gelding,8 years,155150,"Grevenbroich, DE",https://www.ehorses.com/german-sport-horse-gelding-8years-16-1-hh-bay-dark-showjumpers-leisurehorses-dressagehorses-grevenbroich/4749777.html
ehorses.com,"Wuerttemberg, Stallion, 2 years, 15.2 hh, Chestnut-Red",Wuerttemberg,Stallion,2 years,80250,"Bramsche, DE",https://www.ehorses.com/wuerttemberg-stallion-2years-15-2-hh-chestnut-red-showhunter-showjumpers-bramsche/4731526.html
ehorses.com,"Icelandic Horse, Mare, 12 years, 13.2 hh, Brown",Icelandic Horse,Mare,12 years,192600,"Teisendorf, DE",https://www.ehorses.com/icelandic-horse-mare-12years-13-2-hh-brown-gaitedhorses-breedinghorses-leisurehorses-teisendorf/4740705.html
ehorses.com,"Oldenburg, Gelding, 7 years, Chestnut-Red",Oldenburg,Gelding,7 years,187250,"WilnsdorfWilnsdorf, DE",https://www.ehorses.com/oldenburg-gelding-7years-chestnut-red-dressagehorses-wilnsdorfwilnsdorf/4532452.html
ehorses.com,"Belgian Warmblood, Mare, 11 years, 17 hh, Brown",Belgian Warmblood,Mare,11 years,187250,"Wilnsdorf, DE",https://www.ehorses.com/belgian-warmblood-mare-11years-17-hh-brown-dressagehorses-leisurehorses-wilnsdorf/4697752.html
ehorses.com,"KWPN, Gelding, 4 years, 16.1 hh, Black",KWPN,Gelding,4 years,187250,"Bergen aan Zee, NL",https://www.ehorses.com/kwpn-gelding-4years-16-1-hh-black-dressagehorses-bergen-aan-zee/4729480.html
ehorses.com,"KWPN, Gelding, 7 years, 17 hh, Grey-Blue-Tan",KWPN,Gelding,7 years,66875,"Oud Gastel, NL",https://www.ehorses.com/kwpn-gelding-7years-17-hh-grey-blue-tan-leisurehorses-showjumpers-dressagehorses-oud-gastel/4746113.html
ehorses.com,"German Sport Horse, Gelding, 5 years, 17.1 hh, Chestnut-Red",German Sport Horse,Gelding,5 years,160500,"Wedemark, DE",https://www.ehorses.com/german-sport-horse-gelding-5years-17-1-hh-chestnut-red-dressagehorses-leisurehorses-wedemark/4657250.html
ehorses.com,"Cruzado, Stallion, 3 years, Brown",Cruzado,Stallion,3 years,80250,"Fuendetodos, ES",https://www.ehorses.com/cruzado-stallion-3years-brown-endurancehorses-fuendetodos/4623032.html
ehorses.com,"Spanish Sporthorse, Gelding, 3 years, Brown-Light",Spanish Sporthorse,Gelding,3 years,80250,"Fuendetodos, ES",https://www.ehorses.com/spanish-sporthorse-gelding-3years-brown-light-dressagehorses-fuendetodos/4623040.html
ehorses.com,"PRE, Gelding, 15 years, 16.1 hh, Grey",PRE,Gelding,15 years,80250,"Fuendetodos, ES",https://www.ehorses.com/pre-gelding-15years-16-1-hh-grey-leisurehorses-fuendetodos/4639412.html
ehorses.com,"PRE, Gelding, 3 years, Bay-Dark",PRE,Gelding,3 years,80250,"Fuendetodos, ES",https://www.ehorses.com/pre-gelding-3years-bay-dark-dressagehorses-fuendetodos/4623049.html
ehorses.com,"PRE, Stallion, 4 years, Grey",PRE,Stallion,4 years,187250,"Fuendetodos, ES",https://www.ehorses.com/pre-stallion-4years-grey-dressagehorses-fuendetodos/4655233.html
ehorses.com,"Oldenburg, Mare, 1 year, Black",Oldenburg,Mare,1 year,80250,"Fuendetodos, ES",https://www.ehorses.com/oldenburg-mare-1year-black-dressagehorses-fuendetodos/4735279.html
ehorses.com,"Spanish Sporthorse, Stallion, 3 years",Spanish Sporthorse,Stallion,3 years,80250,"ZueraFuendetodos, ES",https://www.ehorses.com/spanish-sporthorse-stallion-3years-dressagehorses-zuerafuendetodos/4547701.html
ehorses.com,"KWPN, Gelding, 12 years, 16.1 hh, Black",KWPN,Gelding,12 years,106465,"Nettersheim, DE",https://www.ehorses.com/kwpn-gelding-12years-16-1-hh-black-dressagehorses-showjumpers-leisurehorses-carriagehorses-nettersheim/4733126.html
ehorses.com,"Belgian Warmblood, Mare, 8 years, 16.1 hh, Brown",Belgian Warmblood,Mare,8 years,160500,"Nettersheim, DE",https://www.ehorses.com/belgian-warmblood-mare-8years-16-1-hh-brown-dressagehorses-showjumpers-leisurehorses-nettersheim/4686946.html
ehorses.com,"Hanoverian, Mare, 7 years, 16.3 hh, Brown",Hanoverian,Mare,7 years,133750,"Békésszentandrás, HU",https://www.ehorses.com/hanoverian-mare-7years-16-3-hh-brown-dressagehorses-vaultinghorses-showjumpers-leisurehorses-bekesszentandras/4688106.html
ehorses.com,"More ponies/small horses, Mare, 8 years, 14.1 hh, Brown",More ponies/small horses,Mare,8 years,40125,"Békésszentandrás, HU",https://www.ehorses.com/more-poniessmall-horses-mare-8years-14-1-hh-brown-leisurehorses-vaultinghorses-showjumpers-dressagehorses-bekesszentandras/4739453.html
ehorses.com,"Zweibruecker, Stallion, 1 year, 16.2 hh, Bay-Dark",Zweibruecker,Stallion,1 year,133750,"Neupotz, DE",https://www.ehorses.com/zweibruecker-stallion-1year-16-2-hh-bay-dark-dressagehorses-breedinghorses-showjumpers-neupotz/4544244.html
ehorses.com,"Mecklenburg Warmblood, Gelding, 3 years, 16.1 hh, Grey",Mecklenburg Warmblood,Gelding,3 years,133750,"Neupotz, DE",https://www.ehorses.com/mecklenburg-warmblood-gelding-3years-16-1-hh-grey-showjumpers-eventinghorses-dressagehorses-neupotz/4726522.html
ehorses.com,"Oldenburg, Gelding, 3 years, 16.2 hh, Bay-Dark",Oldenburg,Gelding,3 years,133750,"Neupotz, DE",https://www.ehorses.com/oldenburg-gelding-3years-16-2-hh-bay-dark-dressagehorses-breedinghorses-showjumpers-leisurehorses-neupotz/4667268.html
ehorses.com,"Oldenburg-International (OS), Mare, 7 years, 16,3 hh, Grey",Oldenburg-International (OS),Mare,7 years,1070000,"Tuhan, CZ",https://www.ehorses.com/oldenburg-international-os-mare-7years-163-hh-grey-showjumpers-tuhan/4599967.html
ehorses.com,"Irish Sport Horse, Gelding, 10 years, 16 hh, Grey",Irish Sport Horse,Gelding,10 years,160500,"Santa Eulària des Riu, ES",https://www.ehorses.com/irish-sport-horse-gelding-10years-16-hh-grey-showjumpers-eventinghorses-dressagehorses-santa-eularia-des-riu/4623604.html
ehorses.com,"Holstein, Mare, 3 years, 16,2 hh, Bay-Dark",Holstein,Mare,3 years,107000,"Hamersen, DE",https://www.ehorses.com/holstein-mare-3years-162-hh-bay-dark-eventinghorses-hamersen/4638034.html
ehorses.com,"Hanoverian, Mare, 4 years, 16,1 hh, Chestnut-Red",Hanoverian,Mare,4 years,133750,"Fredenbeck, DE",https://www.ehorses.com/hanoverian-mare-4years-161-hh-chestnut-red-dressagehorses-showjumpers-leisurehorses-fredenbeck/4733622.html
ehorses.com,"Hanoverian, Mare, 11 years, 16,1 hh, Chestnut-Red",Hanoverian,Mare,11 years,197950,"Spall, DE",https://www.ehorses.com/hanoverian-mare-11years-161-hh-chestnut-red-dressagehorses-breedinghorses-showjumpers-leisurehorses-spall/4610795.html
ehorses.com,"Icelandic Horse, Gelding, 5 years, 14,2 hh, Chestnut-Red",Icelandic Horse,Gelding,5 years,214000,"Euskirchen, DE",https://www.ehorses.com/icelandic-horse-gelding-5years-142-hh-chestnut-red-leisurehorses-gaitedhorses-euskirchen/4718811.html
ehorses.com,"PRE Mix, Mare, 6 years, 15,1 hh, Grey",PRE Mix,Mare,6 years,71690,"Sevilla, ES",https://www.ehorses.com/pre-mare-6years-151-hh-grey-dressagehorses-working-equitation-horses-breedinghorses-leisurehorses-sevilla/4708220.html
ehorses.com,"American Paint Horse, Mare, 9 years, 15 hh, Tobiano-all-colors",American Paint Horse,Mare,9 years,35350,"Howell, MI, US",https://www.ehorses.com/american-paint-horse-mare-9years-15-hh-tobiano-all-colors-trailhorses-ranch-riding-horses-howell-mi/4224410.html
ehorses.com,"Shetland Ponies, Mare, 6 years, 10,1 hh, Black",Shetland Ponies,Mare,6 years,37450,"Trebbin, DE",https://www.ehorses.com/shetland-ponies-mare-6years-101-hh-black-leisurehorses-trebbin/4741128.html
ehorses.com,"Oldenburg, Gelding, 3 years, 16,2 hh, Chestnut-Red",Oldenburg,Gelding,3 years,133750,"Neupotz, DE",https://www.ehorses.com/oldenburg-gelding-3years-162-hh-chestnut-red-dressagehorses-showjumpers-leisurehorses-neupotz/4372660.html
ehorses.com,"Welsh D (Cob), Gelding, 10 years, 14,2 hh, Palomino",Welsh D (Cob),Gelding,10 years,90950,"Eitorf, DE",https://www.ehorses.com/welsh-d-cob-gelding-10years-142-hh-palomino-eventinghorses-leisurehorses-eitorf/4728665.html
ehorses.com,"German Sport Horse, Mare, 8 years, 16,1 hh, Brown",German Sport Horse,Mare,8 years,139100,"Braunschweig, DE",https://www.ehorses.com/german-sport-horse-mare-8years-161-hh-brown-showjumpers-eventinghorses-dressagehorses-braunschweig/4746020.html
ehorses.com,"Arabian horses, Gelding, 5 years, 15 hh, Grey",Arabian horses,Gelding,5 years,73830,"Emmelshausen, DE",https://www.ehorses.com/arabian-horses-gelding-5years-15-hh-grey-leisurehorses-westernhorses-emmelshausen/4734516.html
ehorses.com,"Westphalian, Mare, 4 years, 16,1 hh, Black",Westphalian,Mare,4 years,155150,"Bramsche, DE",https://www.ehorses.com/westphalian-mare-4years-161-hh-black-dressagehorses-leisurehorses-bramsche/4746019.html
ehorses.com,"Austrian Warmblood, Mare, 11 years, 17 hh, Grey",Austrian Warmblood,Mare,11 years,187250,"Linz, AT",https://www.ehorses.com/austrian-warmblood-mare-11years-17-hh-grey-showjumpers-dressagehorses-linz/4693292.html
ehorses.com,"Westphalian, Gelding, 6 years, 16,2 hh, Black",Westphalian,Gelding,6 years,321000,"Bochum, DE",https://www.ehorses.com/westphalian-gelding-6years-162-hh-black-dressagehorses-showjumpers-leisurehorses-bochum/4746014.html
ehorses.com,"German Sport Horse, Mare, 8 years, 17 hh, Smoky-Black",German Sport Horse,Mare,8 years,321000,"Aldrans, AT",https://www.ehorses.com/german-sport-horse-mare-8years-17-hh-smoky-black-showjumpers-breedinghorses-eventinghorses-aldrans/4709856.html
ehorses.com,"Icelandic Horse, Gelding, 9 years, 14,2 hh, Sorrel",Icelandic Horse,Gelding,9 years,203300,"Langeln, DE",https://www.ehorses.com/icelandic-horse-gelding-9years-142-hh-sorrel-leisurehorses-gaitedhorses-langeln/4745728.html
ehorses.com,"Oldenburg, Mare, 10 years, 15,2 hh, Black",Oldenburg,Mare,10 years,208650,"Kirchensittenbach, DE",https://www.ehorses.com/oldenburg-mare-10years-152-hh-black-dressagehorses-kirchensittenbach/4717694.html
ehorses.com,"Anglo European Studbook, Gelding, 7 years, 16,2 hh, Brown",Anglo European Studbook,Gelding,7 years,321000,"Schalchham, AT",https://www.ehorses.com/anglo-european-studbook-gelding-7years-162-hh-brown-showjumpers-leisurehorses-schalchham/4519084.html
ehorses.com,"Other Heavy Horses Mix, Gelding, 6 years, 15,2 hh, Grey",Other Heavy Horses Mix,Gelding,6 years,136960,"Nettersheim, DE",https://www.ehorses.com/other-heavy-horses-gelding-6years-152-hh-grey-carriagehorses-leisurehorses-nettersheim/4745975.html
ehorses.com,"KWPN, Gelding, 8 years, 16,1 hh, Brown",KWPN,Gelding,8 years,267500,"Salzburg, AT",https://www.ehorses.com/kwpn-gelding-8years-161-hh-brown-dressagehorses-showjumpers-salzburg/4717411.html
ehorses.com,"Westphalian, Gelding, 6 years, 17 hh, Brown",Westphalian,Gelding,6 years,588500,"Scheeßel, DE",https://www.ehorses.com/westphalian-gelding-6years-17-hh-brown-dressagehorses-scheessel/4745954.html
ehorses.com,"German Riding Pony, Gelding, 4 years, 14 hh, Chestnut-Red",German Riding Pony,Gelding,4 years,106989,"Geilenkirchen, DE",https://www.ehorses.com/german-riding-pony-gelding-4years-14-hh-chestnut-red-dressagehorses-leisurehorses-geilenkirchen/4713782.html
ehorses.com,"Oldenburg, Mare, 12 years, 16,2 hh, Smoky-Black",Oldenburg,Mare,12 years,80250,"Bruchhausen-Vilsen, DE",https://www.ehorses.com/oldenburg-mare-12years-162-hh-smoky-black-breedinghorses-bruchhausen-vilsen/4633021.html
ehorses.com,"KWPN, Stallion, 10 years, 17 hh, Chestnut-Red",KWPN,Stallion,10 years,160500,"Pilisjászfalu, HU",https://www.ehorses.com/kwpn-stallion-10years-17-hh-chestnut-red-dressagehorses-pilisjaszfalu/4729919.html
ehorses.com,"Mule, Mare, 13 years, Sorrel",Mule,Mare,13 years,35350,"Flemingsburg KY, US",https://www.ehorses.com/mule-mare-13years-sorrel-trailhorses-ranch-riding-horses-flemingsburg-ky/4216811.html
ehorses.com,"American Quarter Horse, Mare, 9 years, 15 hh, Bay",American Quarter Horse,Mare,9 years,35350,"Henderson KY, US",https://www.ehorses.com/american-quarter-horse-mare-9years-15-hh-bay-trailhorses-ranch-riding-horses-henderson-ky/4628948.html
ehorses.com,"Bavarian Warmblood, Mare, 5 years, 16,1 hh, Black",Bavarian Warmblood,Mare,5 years,283550,"Trochtelfingen, DE",https://www.ehorses.com/bavarian-warmblood-mare-5years-161-hh-black-dressagehorses-breedinghorses-trochtelfingen/4707950.html
ehorses.com,"American Quarter Horse, Gelding, 4 years, 16 hh, Roan-Blue",American Quarter Horse,Gelding,4 years,35339,"JAcksboro TX, US",https://www.ehorses.com/american-quarter-horse-gelding-4years-16-hh-roan-blue-trailhorses-showjumpers-jacksboro-tx/4665147.html
ehorses.com,"Pony of the Americas, Gelding, 7 years, 9,3 hh, Bay",Pony of the Americas,Gelding,7 years,35350,"Weatherford TX, US",https://www.ehorses.com/pony-of-the-americas-gelding-7years-93-hh-bay-trailhorses-ranch-riding-horses-weatherford-tx/4190138.html
ehorses.com,"American Quarter Horse, Mare, 12 years, 14,1 hh, Chestnut",American Quarter Horse,Mare,12 years,155150,"Geilenkirchen, DE",https://www.ehorses.com/american-quarter-horse-mare-12years-141-hh-chestnut-pleasurehorses-geilenkirchen/4713849.html
ehorses.com,"German Riding Pony, Mare, 10 years, 13,2 hh, Chestnut-Red",German Riding Pony,Mare,10 years,64189,"Geilenkirchen, DE",https://www.ehorses.com/german-riding-pony-mare-10years-132-hh-chestnut-red-leisurehorses-showjumpers-dressagehorses-geilenkirchen/4735545.html
ehorses.com,"More ponies/small horses, Gelding, 15 years, 13,3 hh, Chestnut-Red",More ponies/small horses,Gelding,15 years,58849,"Geilenkirchen, DE",https://www.ehorses.com/more-poniessmall-horses-gelding-15years-133-hh-chestnut-red-leisurehorses-geilenkirchen/4739954.html
ehorses.com,"Hanoverian, Gelding, 8 years, 16,2 hh, Chestnut-Red",Hanoverian,Gelding,8 years,267500,"Geilenkirchen, DE",https://www.ehorses.com/hanoverian-gelding-8years-162-hh-chestnut-red-showjumpers-geilenkirchen/4696529.html
ehorses.com,"Shetland Ponies, Gelding, 9 years, 8,1 hh, Roan-Blue",Shetland Ponies,Gelding,9 years,16049,"Geilenkirchen, DE",https://www.ehorses.com/shetland-ponies-gelding-9years-81-hh-roan-blue-leisurehorses-carriagehorses-dressagehorses-geilenkirchen/4706792.html
ehorses.com,"Shetland Ponies, Gelding, 14 years, 10,1 hh, Grey",Shetland Ponies,Gelding,14 years,18725,"Geilenkirchen, DE",https://www.ehorses.com/shetland-ponies-gelding-14years-101-hh-grey-leisurehorses-geilenkirchen/4707287.html
ehorses.com,"KWPN, Gelding, 13 years, 17 hh, Black",KWPN,Gelding,13 years,374500,"Geilenkirchen, DE",https://www.ehorses.com/kwpn-gelding-13years-17-hh-black-dressagehorses-geilenkirchen/4707396.html
ehorses.com,"German Riding Pony, Mare, 4 years, 15 hh, Chestnut-Red",German Riding Pony,Mare,4 years,106989,"Geilenkirchen, DE",https://www.ehorses.com/german-riding-pony-mare-4years-15-hh-chestnut-red-dressagehorses-geilenkirchen/4707397.html
ehorses.com,"Oldenburg, Gelding, 4 years, 16 hh, Chestnut-Red",Oldenburg,Gelding,4 years,106989,"Geilenkirchen, DE",https://www.ehorses.com/oldenburg-gelding-4years-16-hh-chestnut-red-dressagehorses-geilenkirchen/4713472.html
ehorses.com,"More ponies/small horses, Mare, 9 years, 11,1 hh, Red Dun",More ponies/small horses,Mare,9 years,101650,"Geilenkirchen, DE",https://www.ehorses.com/more-poniessmall-horses-mare-9years-111-hh-red-dun-leisurehorses-vaultinghorses-showjumpers-dressagehorses-geilenkirchen/4713643.html
ehorses.com,"German Riding Pony, Gelding, 4 years, 14,1 hh, Chestnut-Red",German Riding Pony,Gelding,4 years,106989,"Geilenkirchen, DE",https://www.ehorses.com/german-riding-pony-gelding-4years-141-hh-chestnut-red-dressagehorses-leisurehorses-geilenkirchen/4713781.html
ehorses.com,"KWPN, Mare, 6 years, 16,2 hh, Bay-Dark",KWPN,Mare,6 years,101650,"Geilenkirchen, DE",https://www.ehorses.com/kwpn-mare-6years-162-hh-bay-dark-showjumpers-geilenkirchen/4745952.html
ehorses.com,"KWPN, Mare, 11 years, 16 hh, Brown",KWPN,Mare,11 years,101650,"Geilenkirchen, DE",https://www.ehorses.com/kwpn-mare-11years-16-hh-brown-showjumpers-geilenkirchen/4745947.html
ehorses.com,"Oldenburg, Mare, 9 years, 16,1 hh, Black",Oldenburg,Mare,9 years,69550,"Gilching, DE",https://www.ehorses.com/oldenburg-mare-9years-161-hh-black-breedinghorses-gilching/4726112.html
ehorses.com,"Hanoverian, Mare, 3 years, 16 hh, Black",Hanoverian,Mare,3 years,187250,"Gilching, DE",https://www.ehorses.com/hanoverian-mare-3years-16-hh-black-dressagehorses-gilching/4742636.html
ehorses.com,"Zangersheider, Mare, 7 years, 15,3 hh, Brown",Zangersheider,Mare,7 years,93090,"Geilenkirchen, DE",https://www.ehorses.com/zangersheider-mare-7years-153-hh-brown-showjumpers-geilenkirchen/4745942.html
ehorses.com,"KWPN, Mare, 9 years, 16 hh, Smoky-Black",KWPN,Mare,9 years,101650,"Geilenkirchen, DE",https://www.ehorses.com/kwpn-mare-9years-16-hh-smoky-black-dressagehorses-geilenkirchen/4745940.html
ehorses.com,"Hanoverian, Gelding, 5 years, 15,3 hh, Bay",Hanoverian,Gelding,5 years,187250,"Barłomino, PL",https://www.ehorses.com/hanoverian-gelding-5years-153-hh-bay-dressagehorses-leisurehorses-baromino/4513022.html
ehorses.com,"Hungarian Sport Horse, Gelding, 8 years, 16.1 hh, Grey",Hungarian Sport Horse,Gelding,8 years,133750,"Budapest, HU",https://www.ehorses.com/hungarian-sport-horse-gelding-8years-16-1-hh-grey-showjumpers-leisurehorses-dressagehorses-budapest/4742802.html
ehorses.com,"Hungarian Sport Horse, Gelding, 7 years, 16.1 hh, Chestnut",Hungarian Sport Horse,Gelding,7 years,105395,"Budapest, HU",https://www.ehorses.com/hungarian-sport-horse-gelding-7years-16-1-hh-chestnut-dressagehorses-showjumpers-leisurehorses-budapest/4738743.html
ehorses.com,"Latvian Warmblood, Mare, 6 years, 16 hh, Bay-Dark",Latvian Warmblood,Mare,6 years,160500,"Helsinki, FI",https://www.ehorses.com/latvian-warmblood-mare-6years-16-hh-bay-dark-showjumpers-dressagehorses-helsinki/4749774.html
ehorses.com,"Hanoverian, Gelding, 4 years, 16 hh, Chestnut-Red",Hanoverian,Gelding,4 years,588500,"Coin, ES",https://www.ehorses.com/hanoverian-gelding-4years-16-hh-chestnut-red-dressagehorses-working-equitation-horses-coin/4735214.html
ehorses.com,"German Sport Horse, Gelding, 8 years, 16.1 hh, Bay-Dark",German Sport Horse,Gelding,8 years,155150,"Grevenbroich, DE",https://www.ehorses.com/german-sport-horse-gelding-8years-16-1-hh-bay-dark-showjumpers-leisurehorses-dressagehorses-grevenbroich/4749777.html
ehorses.com,"Wuerttemberg, Stallion, 2 years, 15.2 hh, Chestnut-Red",Wuerttemberg,Stallion,2 years,80250,"Bramsche, DE",https://www.ehorses.com/wuerttemberg-stallion-2years-15-2-hh-chestnut-red-showhunter-showjumpers-bramsche/4731526.html
ehorses.com,"Icelandic Horse, Mare, 12 years, 13.2 hh, Brown",Icelandic Horse,Mare,12 years,192600,"Teisendorf, DE",https://www.ehorses.com/icelandic-horse-mare-12years-13-2-hh-brown-gaitedhorses-breedinghorses-leisurehorses-teisendorf/4740705.html
ehorses.com,"Oldenburg, Gelding, 7 years, Chestnut-Red",Oldenburg,Gelding,7 years,187250,"WilnsdorfWilnsdorf, DE",https://www.ehorses.com/oldenburg-gelding-7years-chestnut-red-dressagehorses-wilnsdorfwilnsdorf/4532452.html
ehorses.com,"Belgian Warmblood, Mare, 11 years, 17 hh, Brown",Belgian Warmblood,Mare,11 years,187250,"Wilnsdorf, DE",https://www.ehorses.com/belgian-warmblood-mare-11years-17-hh-brown-dressagehorses-leisurehorses-wilnsdorf/4697752.html
ehorses.com,"Hanoverian, Mare, 6 years, 16.1 hh, Bay-Dark",Hanoverian,Mare,6 years,321000,"Ratingen, DE",https://www.ehorses.com/hanoverian-mare-6years-16-1-hh-bay-dark-dressagehorses-breedinghorses-showjumpers-leisurehorses-ratingen/4606692.html
ehorses.com,"Oldenburg, Gelding, 5 years, 16 hh, Black",Oldenburg,Gelding,5 years,321000,"Affoltern am Albis, CH",https://www.ehorses.com/oldenburg-gelding-5years-16-hh-black-dressagehorses-eventinghorses-showjumpers-affoltern-am-albis/4578275.html
ehorses.com,"Oldenburg, Gelding, 3 years, 16 hh, Bay-Dark",Oldenburg,Gelding,3 years,187250,"Zwillikon, CH",https://www.ehorses.com/oldenburg-gelding-3years-16-hh-bay-dark-dressagehorses-showjumpers-zwillikon/4745884.html
ehorses.com,"More ponies/small horses Mix, Mare, 9 years, 12.2 hh, Brown",More ponies/small horses Mix,Mare,9 years,23005,"Bad Saulgau, DE",https://www.ehorses.com/more-poniessmall-horses-mare-9years-12-2-hh-brown-eventinghorses-vaultinghorses-leisurehorses-carriagehorses-bad-saulgau/4699000.html
ehorses.com,"Hanoverian, Mare, 8 years, 16.2 hh, Chestnut",Hanoverian,Mare,8 years,133750,"Munster, DE",https://www.ehorses.com/hanoverian-mare-8years-16-2-hh-chestnut-dressagehorses-munster/4592678.html
ehorses.com,"Oldenburg, Gelding, 5 years, 16.2 hh, Chestnut-Red",Oldenburg,Gelding,5 years,321000,"Affoltern am Albis, CH",https://www.ehorses.com/oldenburg-gelding-5years-16-2-hh-chestnut-red-dressagehorses-showjumpers-affoltern-am-albis/4734890.html
ehorses.com,"Oldenburg, Stallion, 1 year, Bay-Dark",Oldenburg,Stallion,1 year,80250,"Affoltern am Albis, CH",https://www.ehorses.com/oldenburg-stallion-1year-bay-dark-dressagehorses-showjumpers-affoltern-am-albis/4735014.html
ehorses.com,"Irish Thoroughbred, Mare, 13 years, 15.2 hh, Brown",Irish Thoroughbred,Mare,13 years,42800,"Elze, DE",https://www.ehorses.com/irish-thoroughbred-mare-13years-15-2-hh-brown-leisurehorses-elze/4730416.html
ehorses.com,"Oldenburg, Mare, 4 years, 15.2 hh, Black",Oldenburg,Mare,4 years,187250,"Zwillikon, CH",https://www.ehorses.com/oldenburg-mare-4years-15-2-hh-black-dressagehorses-showjumpers-zwillikon/4745833.html
ehorses.com,"Oldenburg, Mare, 3 years, 16.1 hh, Black",Oldenburg,Mare,3 years,187250,"Zwillikon, CH",https://www.ehorses.com/oldenburg-mare-3years-16-1-hh-black-dressagehorses-showjumpers-zwillikon/4745813.html
ehorses.com,"American Paint Horse, Mare, 3 years, 15 hh, Smoky-Black",American Paint Horse,Mare,3 years,133750,"Thodure, FR",https://www.ehorses.com/american-paint-horse-mare-3years-15-hh-smoky-black-trailhorses-pleasurehorses-breedinghorses-leisurehorses-thodure/4745703.html
ehorses.com,"KWPN, Gelding, 4 years, 16 hh, Chestnut",KWPN,Gelding,4 years,116629,"Wachtendonk, DE",https://www.ehorses.com/kwpn-gelding-4years-16-hh-chestnut-dressagehorses-showjumpers-leisurehorses-wachtendonk/4742884.html
ehorses.com,"Zangersheider, Gelding, 4 years, 17.2 hh, Brown",Zangersheider,Gelding,4 years,128399,"Wachtendonk, DE",https://www.ehorses.com/zangersheider-gelding-4years-17-2-hh-brown-showjumpers-vaultinghorses-leisurehorses-dressagehorses-wachtendonk/4742926.html
ehorses.com,"KWPN, Mare, 5 years, 15.3 hh, Black",KWPN,Mare,5 years,105930,"Wachtendonk, DE",https://www.ehorses.com/kwpn-mare-5years-15-3-hh-black-dressagehorses-showjumpers-leisurehorses-wachtendonk/4732425.html
ehorses.com,"Mecklenburg Warmblood, Gelding, 9 years, 16.1 hh, Chestnut",Mecklenburg Warmblood,Gelding,9 years,321000,"Hoort, DE",https://www.ehorses.com/mecklenburg-warmblood-gelding-9years-16-1-hh-chestnut-showjumpers-hoort/4733317.html
ehorses.com,"New Forest Pony, Mare, 9 years, 14.1 hh, Dun",New Forest Pony,Mare,9 years,48150,"Zieuwent, NL",https://www.ehorses.com/new-forest-pony-mare-9years-14-1-hh-dun-showjumpers-leisurehorses-dressagehorses-zieuwent/4743752.html
ehorses.com,"Menorquin, Stallion, Foal (01/2026), 16 hh, Black",Menorquin,Stallion,Foal (01/2026),37450,"Menorca, ES",https://www.ehorses.com/menorquin-stallion-foals-16-hh-black-leisurehorses-working-equitation-horses-baroquehorses-dressagehorses-menorca/4745733.html
ehorses.com,"Oldenburg, Mare, 16 years, 16.2 hh, Black",Oldenburg,Mare,16 years,40125,"Dassel, DE",https://www.ehorses.com/oldenburg-mare-16years-16-2-hh-black-dressagehorses-breedinghorses-dassel/4709059.html
ehorses.com,"Donkey, Mare, 3 years, 14.3 hh, Black",Donkey,Mare,3 years,53500,"BERGA, BARCELONA, ES",https://www.ehorses.com/donkey-mare-3years-14-3-hh-black-breedinghorses-berga-barcelona/3904306.html
ehorses.com,"American Paint Horse, Gelding, 9 years, 15,1 hh, Tobiano-all-colors",American Paint Horse,Gelding,9 years,87740,"Zockau, DE",https://www.ehorses.com/american-paint-horse-gelding-9years-151-hh-tobiano-all-colors-leisurehorses-zockau/4738334.html
ehorses.com,"Mule, Mare, 15 years, 14,1 hh, Dun",Mule,Mare,15 years,35350,"Brooksville Ky, US",https://www.ehorses.com/mule-mare-15years-141-hh-dun-trailhorses-gaitedhorses-brooksville-ky/4090267.html
ehorses.com,"Hanoverian, Mare, 1 year, 16,3 hh, Bay-Dark",Hanoverian,Mare,1 year,80250,"Königslutter am Elm, DE",https://www.ehorses.com/hanoverian-mare-1year-163-hh-bay-dark-dressagehorses-breedinghorses-leisurehorses-koenigslutter-am-elm/4452470.html
ehorses.com,"German Riding Pony, Gelding, 4 years, 14,2 hh, Chestnut-Red",German Riding Pony,Gelding,4 years,321000,"Hamm, DE",https://www.ehorses.com/german-riding-pony-gelding-4years-142-hh-chestnut-red-dressagehorses-showjumpers-leisurehorses-hamm/4740455.html
ehorses.com,"Hanoverian, Mare, 21 years, 16 hh, Brown",Hanoverian,Mare,21 years,8560,"Dassel, DE",https://www.ehorses.com/hanoverian-mare-21years-16-hh-brown-dressagehorses-dassel/4743852.html
ehorses.com,"American Quarter Horse, Gelding, 13 years, 15 hh, Roan-Bay",American Quarter Horse,Gelding,13 years,35350,"Pleasant Grove CA, US",https://www.ehorses.com/american-quarter-horse-gelding-13years-15-hh-roan-bay-trailhorses-ranch-riding-horses-pleasant-grove-ca/4154433.html
ehorses.com,"Friesian horses, Stallion, 4 years, 16 hh, Black",Friesian horses,Stallion,4 years,321000,"Dubai, US",https://www.ehorses.com/friesian-horses-stallion-4years-16-hh-black-dressagehorses-dubai/4748006.html
ehorses.com,"Gypsy Horse, Mare, 7 years, 12,2 hh, Champagne",Gypsy Horse,Mare,7 years,23540,"Issum, DE",https://www.ehorses.com/gypsy-horse-mare-7years-122-hh-champagne-leisurehorses-issum/4716021.html
ehorses.com,"German Sport Horse, Mare, 4 years, 16 hh, Brown",German Sport Horse,Mare,4 years,197950,"Bad Griesbach im Rottal, DE",https://www.ehorses.com/german-sport-horse-mare-4years-16-hh-brown-showjumpers-breedinghorses-leisurehorses-dressagehorses-bad-griesbach-im-rottal/4745678.html
ehorses.com,"Donkey, Stallion, 7 years, 14,3 hh, Black",Donkey,Stallion,7 years,42800,"BERGA, BARCELONA, ES",https://www.ehorses.com/donkey-stallion-7years-143-hh-black-breedinghorses-berga-barcelona/4664975.html
ehorses.com,"Donkey, Stallion, 4 years, 14,3 hh, Black",Donkey,Stallion,4 years,42800,"BERGA, BARCELONA, ES",https://www.ehorses.com/donkey-stallion-4years-143-hh-black-breedinghorses-leisurehorses-berga-barcelona/4058426.html
ehorses.com,"Donkey, Mare, 5 years, 14,3 hh, Black",Donkey,Mare,5 years,42800,"BERGA, BARCELONA, ES",https://www.ehorses.com/donkey-mare-5years-143-hh-black-breedinghorses-leisurehorses-berga-barcelona/3746376.html
ehorses.com,"Donkey, Mare, 11 years, 14,1 hh, Grey",Donkey,Mare,11 years,19260,"BERGA, BARCELONA, ES",https://www.ehorses.com/donkey-mare-11years-141-hh-grey-breedinghorses-berga-barcelona/4745702.html
ehorses.com,"Connemara, Gelding, 4 years, 14,3 hh, Grey-Dapple",Connemara,Gelding,4 years,133750,"Burgdorf, DE",https://www.ehorses.com/connemara-gelding-4years-143-hh-grey-dapple-leisurehorses-showjumpers-carriagehorses-dressagehorses-burgdorf/4710722.html
ehorses.com,"Friesian horses, Stallion, 11 years, 16 hh, Black",Friesian horses,Stallion,11 years,74900,"Békéscsaba, HU",https://www.ehorses.com/friesian-horses-stallion-11years-16-hh-black-leisurehorses-bekescsaba/4745698.html
ehorses.com,"Cruzado, Gelding, 11 years, 15 hh, Black",Cruzado,Gelding,11 years,105930,"Geroldsgrün, DE",https://www.ehorses.com/cruzado-gelding-11years-15-hh-black-leisurehorses-working-equitation-horses-geroldsgruen/4745687.html
ehorses.com,"American Quarter Horse, Mare, 7 years, 14,3 hh, Brown",American Quarter Horse,Mare,7 years,80250,"Waldshut-Tiengen, DE",https://www.ehorses.com/american-quarter-horse-mare-7years-143-hh-brown-leisurehorses-waldshut-tiengen/4745679.html
ehorses.com,"German Sport Horse, Gelding, 4 years, 16,2 hh, Chestnut-Red",German Sport Horse,Gelding,4 years,347750,"Bad Griesbach im Rottal, DE",https://www.ehorses.com/german-sport-horse-gelding-4years-162-hh-chestnut-red-dressagehorses-leisurehorses-bad-griesbach-im-rottal/4745653.html
ehorses.com,"Zangersheider, Gelding, 7 years, 16,1 hh, Bay",Zangersheider,Gelding,7 years,321000,"Vila Nova de Famalicão, PT",https://www.ehorses.com/zangersheider-gelding-7years-161-hh-bay-showjumpers-vila-nova-de-famalicao/4745126.html
ehorses.com,"American Paint Horse, Mare, 11 years, 15,1 hh, Overo-all-colors",American Paint Horse,Mare,11 years,83460,"Linkenbach, DE",https://www.ehorses.com/american-paint-horse-mare-11years-151-hh-overo-all-colors-leisurehorses-trailhorses-westernhorses-linkenbach/4745672.html
ehorses.com,"German Sport Horse, Stallion, 4 years, 16,2 hh, Brown",German Sport Horse,Stallion,4 years,117699,"Murska Soboda, SI",https://www.ehorses.com/german-sport-horse-stallion-4years-162-hh-brown-showjumpers-murska-soboda/4727024.html
ehorses.com,"KWPN, Stallion, 3 years, 16,2 hh, Bay-Dark",KWPN,Stallion,3 years,133750,"Murska Soboda, SI",https://www.ehorses.com/kwpn-stallion-3years-162-hh-bay-dark-showjumpers-murska-soboda/4694272.html
ehorses.com,"Welsh D (Cob), Gelding, 6 years, 14,1 hh, Grey",Welsh D (Cob),Gelding,6 years,40125,"Murska Soboda, SI",https://www.ehorses.com/welsh-d-cob-gelding-6years-141-hh-grey-showjumpers-carriagehorses-murska-soboda/4738331.html
ehorses.com,"Lusitano, Stallion, 1 year, 16 hh, Buckskin",Lusitano,Stallion,1 year,58849,"Torres Vedras, PT",https://www.ehorses.com/lusitano-stallion-1year-16-hh-buckskin-working-equitation-horses-showhorses-leisurehorses-dressagehorses-torres-vedras/4679966.html
ehorses.com,"Hanoverian, Gelding, 4 years, 17,1 hh, Chestnut-Red",Hanoverian,Gelding,4 years,80250,"Rot an der Rot, DE",https://www.ehorses.com/hanoverian-gelding-4years-171-hh-chestnut-red-dressagehorses-vaultinghorses-leisurehorses-rot-an-der-rot/4740370.html
ehorses.com,"Arabian horses, Mare, 2 years, 15,1 hh",Arabian horses,Mare,2 years,133750,"Gemünden (Felda), DE",https://www.ehorses.com/arabian-horses-mare-2years-151-hh-endurancehorses-breedinghorses-leisurehorses-dressagehorses-gemuenden-felda/4074260.html
ehorses.com,"American Quarter Horse, Gelding, 8 years, 15,2 hh, Buckskin",American Quarter Horse,Gelding,8 years,35350,"Stephenville TX, US",https://www.ehorses.com/american-quarter-horse-gelding-8years-152-hh-buckskin-trailhorses-ranch-riding-horses-stephenville-tx/4601448.html
ehorses.com,"Hanoverian, Mare, 5 years, 15,2 hh, Chestnut",Hanoverian,Mare,5 years,176550,"Niederkassel, DE",https://www.ehorses.com/hanoverian-mare-5years-152-hh-chestnut-dressagehorses-breedinghorses-niederkassel/4729255.html
ehorses.com,"Westphalian, Gelding, 6 years, 18 hh, Chestnut-Red",Westphalian,Gelding,6 years,80250,"Leipzig, DE",https://www.ehorses.com/westphalian-gelding-6years-18-hh-chestnut-red-dressagehorses-vaultinghorses-leisurehorses-leipzig/4715923.html
ehorses.com,"PRE Mix, Gelding, 11 years, 16 hh, Grey",PRE Mix,Gelding,11 years,187250,"MADRID, ES",https://www.ehorses.com/pre-gelding-11years-16-hh-grey-dressagehorses-leisurehorses-madrid/3970057.html
ehorses.com,"Friesian horses, Mare, 18 years, 15,3 hh, Black",Friesian horses,Mare,18 years,29424,"Tzummarum, NL",https://www.ehorses.com/friesian-horses-mare-18years-153-hh-black-breedinghorses-tzummarum/3706333.html
ehorses.com,"Oldenburg, Gelding, 4 years, 16,1 hh, Smoky-Black",Oldenburg,Gelding,4 years,83460,"Mügeln, DE",https://www.ehorses.com/oldenburg-gelding-4years-161-hh-smoky-black-dressagehorses-eventinghorses-leisurehorses-muegeln/4663511.html
ehorses.com,"Oldenburg-International (OS), Gelding, 5 years, 16 hh, Brown",Oldenburg-International (OS),Gelding,5 years,169060,"Berg, DE",https://www.ehorses.com/oldenburg-international-os-gelding-5years-16-hh-brown-showjumpers-eventinghorses-showhunter-dressagehorses-berg/4673594.html
ehorses.com,"Thoroughbred, Gelding, 9 years, Chestnut-Red",Thoroughbred,Gelding,9 years,58849,"Langelsheim, DE",https://www.ehorses.com/thoroughbred-gelding-9years-chestnut-red-galloper-leisurehorses-langelsheim/4646263.html
ehorses.com,"Hanoverian, Mare, 4 years, 16 hh, Brown",Hanoverian,Mare,4 years,208650,"Fredenbeck, DE",https://www.ehorses.com/hanoverian-mare-4years-16-hh-brown-dressagehorses-breedinghorses-leisurehorses-fredenbeck/4745580.html
ehorses.com,"Hanoverian, Mare, 11 years, 16 hh, Brown",Hanoverian,Mare,11 years,133750,"Saarlouis, DE",https://www.ehorses.com/hanoverian-mare-11years-16-hh-brown-dressagehorses-breedinghorses-leisurehorses-saarlouis/4743545.html
ehorses.com,"German Sport Horse, Mare, 8 years, 16,1 hh, Brown",German Sport Horse,Mare,8 years,588500,"Prussendorf/ Zörbig, DE",https://www.ehorses.com/german-sport-horse-mare-8years-161-hh-brown-dressagehorses-breedinghorses-leisurehorses-prussendorf-zoerbig/4678819.html
ehorses.com,"Oldenburg-International (OS), Mare, 5 years, 16 hh, Brown",Oldenburg-International (OS),Mare,5 years,85600,"Mudershausen, DE",https://www.ehorses.com/oldenburg-international-os-mare-5years-16-hh-brown-showjumpers-dressagehorses-mudershausen/4523640.html
ehorses.com,"Thoroughbred, Gelding, 10 years, 16,1 hh, Brown",Thoroughbred,Gelding,10 years,214000,"Gesves, BE",https://www.ehorses.com/thoroughbred-gelding-10years-161-hh-brown-eventinghorses-showjumpers-gesves/4712816.html
ehorses.com,"Hanoverian, Mare, 3 years, 16 hh, Bay-Dark",Hanoverian,Mare,3 years,133750,"Rees, DE",https://www.ehorses.com/hanoverian-mare-3years-16-hh-bay-dark-dressagehorses-breedinghorses-leisurehorses-rees/4745523.html
ehorses.com,"Cruzado, Mare, 5 years, 15,1 hh, Grey-Red-Tan",Cruzado,Mare,5 years,73830,"Neustadt (Wied), DE",https://www.ehorses.com/cruzado-mare-5years-151-hh-grey-red-tan-leisurehorses-working-equitation-horses-baroquehorses-dressagehorses-neustadt-wied/4745534.html
ehorses.com,"Oldenburg-International (OS), Mare, 9 years, 16 hh, Bay-Dark",Oldenburg-International (OS),Mare,9 years,85600,"Mudershausen, DE",https://www.ehorses.com/oldenburg-international-os-mare-9years-16-hh-bay-dark-showjumpers-mudershausen/4593655.html
ehorses.com,"Westphalian, Mare, 3 years, 15,2 hh, Chestnut-Red",Westphalian,Mare,3 years,128399,"Wesel, DE",https://www.ehorses.com/westphalian-mare-3years-152-hh-chestnut-red-dressagehorses-wesel/4669940.html
ehorses.com,"Westphalian, Mare, 4 years, 16,2 hh, Brown",Westphalian,Mare,4 years,342400,"Wesel, DE",https://www.ehorses.com/westphalian-mare-4years-162-hh-brown-dressagehorses-wesel/4611811.html
ehorses.com,"Hanoverian, Stallion, 2 years, 16,1 hh, Chestnut-Red",Hanoverian,Stallion,2 years,133750,"Wesel, DE",https://www.ehorses.com/hanoverian-stallion-2years-161-hh-chestnut-red-dressagehorses-showjumpers-carriagehorses-wesel/4736841.html
ehorses.com,"Hungarian Sport Horse, Gelding, 8 years, 16.1 hh, Grey",Hungarian Sport Horse,Gelding,8 years,133750,"Budapest, HU",https://www.ehorses.com/hungarian-sport-horse-gelding-8years-16-1-hh-grey-showjumpers-leisurehorses-dressagehorses-budapest/4742802.html
ehorses.com,"Hungarian Sport Horse, Gelding, 7 years, 16.1 hh, Chestnut",Hungarian Sport Horse,Gelding,7 years,105395,"Budapest, HU",https://www.ehorses.com/hungarian-sport-horse-gelding-7years-16-1-hh-chestnut-dressagehorses-showjumpers-leisurehorses-budapest/4738743.html
ehorses.com,"Latvian Warmblood, Mare, 6 years, 16 hh, Bay-Dark",Latvian Warmblood,Mare,6 years,160500,"Helsinki, FI",https://www.ehorses.com/latvian-warmblood-mare-6years-16-hh-bay-dark-showjumpers-dressagehorses-helsinki/4749774.html
ehorses.com,"Hanoverian, Gelding, 4 years, 16 hh, Chestnut-Red",Hanoverian,Gelding,4 years,588500,"Coin, ES",https://www.ehorses.com/hanoverian-gelding-4years-16-hh-chestnut-red-dressagehorses-working-equitation-horses-coin/4735214.html
ehorses.com,"German Sport Horse, Gelding, 8 years, 16.1 hh, Bay-Dark",German Sport Horse,Gelding,8 years,155150,"Grevenbroich, DE",https://www.ehorses.com/german-sport-horse-gelding-8years-16-1-hh-bay-dark-showjumpers-leisurehorses-dressagehorses-grevenbroich/4749777.html
ehorses.com,"Wuerttemberg, Stallion, 2 years, 15.2 hh, Chestnut-Red",Wuerttemberg,Stallion,2 years,80250,"Bramsche, DE",https://www.ehorses.com/wuerttemberg-stallion-2years-15-2-hh-chestnut-red-showhunter-showjumpers-bramsche/4731526.html
ehorses.com,"Icelandic Horse, Mare, 12 years, 13.2 hh, Brown",Icelandic Horse,Mare,12 years,192600,"Teisendorf, DE",https://www.ehorses.com/icelandic-horse-mare-12years-13-2-hh-brown-gaitedhorses-breedinghorses-leisurehorses-teisendorf/4740705.html
ehorses.com,"Oldenburg, Gelding, 7 years, Chestnut-Red",Oldenburg,Gelding,7 years,187250,"WilnsdorfWilnsdorf, DE",https://www.ehorses.com/oldenburg-gelding-7years-chestnut-red-dressagehorses-wilnsdorfwilnsdorf/4532452.html
ehorses.com,"Belgian Warmblood, Mare, 11 years, 17 hh, Brown",Belgian Warmblood,Mare,11 years,187250,"Wilnsdorf, DE",https://www.ehorses.com/belgian-warmblood-mare-11years-17-hh-brown-dressagehorses-leisurehorses-wilnsdorf/4697752.html
ehorses.com,"Hanoverian, Stallion, 2 years, Bay-Dark",Hanoverian,Stallion,2 years,80250,"Rees, DE",https://www.ehorses.com/hanoverian-stallion-2years-bay-dark-dressagehorses-leisurehorses-rees/4745508.html
ehorses.com,"Westphalian, Mare, 5 years, 16 hh, Chestnut-Red",Westphalian,Mare,5 years,133750,"Wehringen, DE",https://www.ehorses.com/westphalian-mare-5years-16-hh-chestnut-red-dressagehorses-breedinghorses-leisurehorses-wehringen/4721164.html
ehorses.com,"German Sport Horse, Gelding, 5 years, 17 hh, Brown-Light",German Sport Horse,Gelding,5 years,321000,"Wehringen, DE",https://www.ehorses.com/german-sport-horse-gelding-5years-17-hh-brown-light-dressagehorses-leisurehorses-wehringen/4725701.html
ehorses.com,"German Sport Horse, Gelding, 8 years, 16.3 hh, Bay-Dark",German Sport Horse,Gelding,8 years,374500,"Wehringen, DE",https://www.ehorses.com/german-sport-horse-gelding-8years-16-3-hh-bay-dark-dressagehorses-leisurehorses-wehringen/4742362.html
ehorses.com,"Hanoverian, Gelding, 5 years, 17.1 hh, Chestnut-Red",Hanoverian,Gelding,5 years,187250,"Wehringen, DE",https://www.ehorses.com/hanoverian-gelding-5years-17-1-hh-chestnut-red-dressagehorses-leisurehorses-wehringen/4744499.html
ehorses.com,"Hanoverian, Mare, 12 years, 17 hh, Brown",Hanoverian,Mare,12 years,909499,"Sassenberg, DE",https://www.ehorses.com/hanoverian-mare-12years-17-hh-brown-dressagehorses-breedinghorses-leisurehorses-sassenberg/4686893.html
ehorses.com,"Oldenburg, Gelding, 6 years, 16.3 hh, Black",Oldenburg,Gelding,6 years,321000,"Warendorf, DE",https://www.ehorses.com/oldenburg-gelding-6years-16-3-hh-black-dressagehorses-warendorf/4742767.html
ehorses.com,"Lusitano, Stallion, 4 years, 15.1 hh, Grey-Dark-Tan",Lusitano,Stallion,4 years,80250,"Munera, ES",https://www.ehorses.com/lusitano-stallion-4years-15-1-hh-grey-dark-tan-baroquehorses-working-equitation-horses-leisurehorses-dressagehorses-munera/4745440.html
ehorses.com,"Westphalian, Gelding, 5 years, 16.3 hh, Brown",Westphalian,Gelding,5 years,321000,"Greven, DE",https://www.ehorses.com/westphalian-gelding-5years-16-3-hh-brown-dressagehorses-leisurehorses-greven/4735989.html
ehorses.com,"Spanish Sporthorse Mix, Stallion, 1 year, 16 hh, Brown",Spanish Sporthorse Mix,Stallion,1 year,17655,"Córdoba, ES",https://www.ehorses.com/spanish-sporthorse-stallion-1year-16-hh-brown-eventinghorses-doma-vaquera-working-equitation-horses-leisurehorses-cordoba/4745461.html
ehorses.com,"American Quarter Horse Mix, Mare, 6 years, 15.1 hh, Chestnut",American Quarter Horse Mix,Mare,6 years,94160,"Weil am Rhein, DE",https://www.ehorses.com/american-quarter-horse-mare-6years-15-1-hh-chestnut-westernhorses-working-equitation-horses-leisurehorses-dressagehorses-weil-am-rhein/4697066.html
ehorses.com,"PRE Mix, Stallion, 4 years, 16.2 hh, Grey",PRE Mix,Stallion,4 years,80250,"Sevilla, ES",https://www.ehorses.com/pre-stallion-4years-16-2-hh-grey-baroquehorses-showhorses-leisurehorses-dressagehorses-sevilla/4745459.html
ehorses.com,"Cruzado, Mare, 4 years, 14.2 hh, Chestnut-Red",Cruzado,Mare,4 years,58849,"Neustadt (Wied), DE",https://www.ehorses.com/cruzado-mare-4years-14-2-hh-chestnut-red-leisurehorses-dressagehorses-neustadt-wied/4745457.html
ehorses.com,"KWPN, Gelding, 4 years, 16.1 hh, Black",KWPN,Gelding,4 years,133750,"Oosterhout, NL",https://www.ehorses.com/kwpn-gelding-4years-16-1-hh-black-dressagehorses-oosterhout/4745385.html
ehorses.com,"American Quarter Horse, Gelding, 12 years, 14.3 hh, Chestnut-Red",American Quarter Horse,Gelding,12 years,223629,"Rhede, DE",https://www.ehorses.com/american-quarter-horse-gelding-12years-14-3-hh-chestnut-red-reininghorses-westernhorses-rhede/4213125.html
ehorses.com,"Hungarian Sport Horse, Gelding, 8 years, 16.1 hh, Grey",Hungarian Sport Horse,Gelding,8 years,133750,"Budapest, HU",https://www.ehorses.com/hungarian-sport-horse-gelding-8years-16-1-hh-grey-showjumpers-leisurehorses-dressagehorses-budapest/4742802.html
ehorses.com,"Hungarian Sport Horse, Gelding, 7 years, 16.1 hh, Chestnut",Hungarian Sport Horse,Gelding,7 years,105395,"Budapest, HU",https://www.ehorses.com/hungarian-sport-horse-gelding-7years-16-1-hh-chestnut-dressagehorses-showjumpers-leisurehorses-budapest/4738743.html
ehorses.com,"Latvian Warmblood, Mare, 6 years, 16 hh, Bay-Dark",Latvian Warmblood,Mare,6 years,160500,"Helsinki, FI",https://www.ehorses.com/latvian-warmblood-mare-6years-16-hh-bay-dark-showjumpers-dressagehorses-helsinki/4749774.html
ehorses.com,"Hanoverian, Gelding, 4 years, 16 hh, Chestnut-Red",Hanoverian,Gelding,4 years,588500,"Coin, ES",https://www.ehorses.com/hanoverian-gelding-4years-16-hh-chestnut-red-dressagehorses-working-equitation-horses-coin/4735214.html
ehorses.com,"German Sport Horse, Gelding, 8 years, 16.1 hh, Bay-Dark",German Sport Horse,Gelding,8 years,155150,"Grevenbroich, DE",https://www.ehorses.com/german-sport-horse-gelding-8years-16-1-hh-bay-dark-showjumpers-leisurehorses-dressagehorses-grevenbroich/4749777.html
ehorses.com,"Wuerttemberg, Stallion, 2 years, 15.2 hh, Chestnut-Red",Wuerttemberg,Stallion,2 years,80250,"Bramsche, DE",https://www.ehorses.com/wuerttemberg-stallion-2years-15-2-hh-chestnut-red-showhunter-showjumpers-bramsche/4731526.html
ehorses.com,"Icelandic Horse, Mare, 12 years, 13.2 hh, Brown",Icelandic Horse,Mare,12 years,192600,"Teisendorf, DE",https://www.ehorses.com/icelandic-horse-mare-12years-13-2-hh-brown-gaitedhorses-breedinghorses-leisurehorses-teisendorf/4740705.html
ehorses.com,"Oldenburg, Gelding, 7 years, Chestnut-Red",Oldenburg,Gelding,7 years,187250,"WilnsdorfWilnsdorf, DE",https://www.ehorses.com/oldenburg-gelding-7years-chestnut-red-dressagehorses-wilnsdorfwilnsdorf/4532452.html
ehorses.com,"Belgian Warmblood, Mare, 11 years, 17 hh, Brown",Belgian Warmblood,Mare,11 years,187250,"Wilnsdorf, DE",https://www.ehorses.com/belgian-warmblood-mare-11years-17-hh-brown-dressagehorses-leisurehorses-wilnsdorf/4697752.html
ehorses.com,"Oldenburg, Mare, 9 years, 16.1 hh, Brown",Oldenburg,Mare,9 years,187250,"Weimar, DE",https://www.ehorses.com/oldenburg-mare-9years-16-1-hh-brown-dressagehorses-showjumpers-leisurehorses-weimar/4745427.html
ehorses.com,"Hanoverian, Stallion, 5 years, 17 hh, Bay-Dark",Hanoverian,Stallion,5 years,160500,"Jengen, DE",https://www.ehorses.com/hanoverian-stallion-5years-17-hh-bay-dark-dressagehorses-leisurehorses-jengen/4733109.html
ehorses.com,"Oldenburg, Gelding, 6 years, 16.2 hh",Oldenburg,Gelding,6 years,588500,"Haiger, DE",https://www.ehorses.com/oldenburg-gelding-6years-16-2-hh-dressagehorses-leisurehorses-haiger/4745401.html
ehorses.com,"Hanoverian, Stallion, 1 year, 17 hh, Black",Hanoverian,Stallion,1 year,214000,"Großheide, DE",https://www.ehorses.com/hanoverian-stallion-1year-17-hh-black-dressagehorses-grossheide/4733625.html
ehorses.com,"Hanoverian, Stallion, 5 years, 16 hh, Bay-Dark",Hanoverian,Stallion,5 years,133750,"Freren, DE",https://www.ehorses.com/hanoverian-stallion-5years-16-hh-bay-dark-dressagehorses-leisurehorses-freren/4733249.html
ehorses.com,"Hanoverian, Gelding, 4 years, 16.3 hh, Chestnut-Red",Hanoverian,Gelding,4 years,267500,"Freren, DE",https://www.ehorses.com/hanoverian-gelding-4years-16-3-hh-chestnut-red-dressagehorses-freren/4732508.html
ehorses.com,"Hanoverian, Stallion, 4 years, 16.1 hh, Grey",Hanoverian,Stallion,4 years,235399,"Freren, DE",https://www.ehorses.com/hanoverian-stallion-4years-16-1-hh-grey-dressagehorses-leisurehorses-freren/4734375.html
ehorses.com,"Hanoverian, Stallion, 4 years, 16.1 hh",Hanoverian,Stallion,4 years,267500,"Freren, DE",https://www.ehorses.com/hanoverian-stallion-4years-16-1-hh-dressagehorses-freren/4734340.html
ehorses.com,"Hanoverian, Stallion, 3 years, 17 hh, Grey",Hanoverian,Stallion,3 years,214000,"Großheide, AT",https://www.ehorses.com/hanoverian-stallion-3years-17-hh-grey-showjumpers-dressagehorses-grossheide/4734317.html
ehorses.com,"Hanoverian, Stallion, 3 years, 16.1 hh, Smoky-Black",Hanoverian,Stallion,3 years,187250,"Großheide, DE",https://www.ehorses.com/hanoverian-stallion-3years-16-1-hh-smoky-black-dressagehorses-grossheide/4733213.html
ehorses.com,"Hanoverian, Stallion, 5 years, 16.1 hh, Black",Hanoverian,Stallion,5 years,133750,"Vechta, DE",https://www.ehorses.com/hanoverian-stallion-5years-16-1-hh-black-dressagehorses-leisurehorses-vechta/4734370.html
ehorses.com,"Hanoverian, Stallion, 3 years, 16.2 hh, Brown",Hanoverian,Stallion,3 years,374500,"Jengen, DE",https://www.ehorses.com/hanoverian-stallion-3years-16-2-hh-brown-dressagehorses-jengen/4732869.html
ehorses.com,"Latvian Warmblood, Gelding, 7 years, 16.1 hh, Grey",Latvian Warmblood,Gelding,7 years,139100,"Ogre, LV",https://www.ehorses.com/latvian-warmblood-gelding-7years-16-1-hh-grey-showjumpers-showhunter-dressagehorses-ogre/4716868.html
ehorses.com,"Latvian Warmblood, Mare, 6 years, 16.2 hh, Bay-Dark",Latvian Warmblood,Mare,6 years,80250,"Ķeipene, LV",https://www.ehorses.com/latvian-warmblood-mare-6years-16-2-hh-bay-dark-dressagehorses-breedinghorses-eventinghorses-showjumpers-keipene/4716895.html
ehorses.com,"Latvian Warmblood Mix, Mare, 5 years, 15 hh, Bay",Latvian Warmblood Mix,Mare,5 years,80250,"Ogre, LV",https://www.ehorses.com/latvian-warmblood-mare-5years-15-hh-bay-dressagehorses-showjumpers-ogre/4716941.html
ehorses.com,"Holstein, Mare, 3 years, 16 hh, Brown-Light",Holstein,Mare,3 years,267500,"Otter, DE",https://www.ehorses.com/holstein-mare-3years-16-hh-brown-light-showjumpers-otter/4731772.html
ehorses.com,"American Paint Horse, Gelding, 5 years, 15,3 hh, Chestnut",American Paint Horse,Gelding,5 years,35339,"rusk TX, US",https://www.ehorses.com/american-paint-horse-gelding-5years-153-hh-chestnut-trailhorses-ranch-riding-horses-rusk-tx/4620878.html
ehorses.com,"New Forest Pony, Gelding, 6 years, 14,1 hh, Brown",New Forest Pony,Gelding,6 years,80250,"Wouwse Plantage, NL",https://www.ehorses.com/new-forest-pony-gelding-6years-141-hh-brown-showjumpers-eventinghorses-leisurehorses-dressagehorses-wouwse-plantage/4616663.html
ehorses.com,"Zangersheider, Gelding, 12 years, 16,2 hh, Chestnut-Red",Zangersheider,Gelding,12 years,160500,"Wachtberg, DE",https://www.ehorses.com/zangersheider-gelding-12years-162-hh-chestnut-red-showjumpers-dressagehorses-wachtberg/4706798.html
ehorses.com,"Shire Horse, Gelding, 6 years, 17 hh, Grey",Shire Horse,Gelding,6 years,95230,"Polsenz, AT",https://www.ehorses.com/shire-horse-gelding-6years-17-hh-grey-leisurehorses-polsenz/4520323.html
ehorses.com,"Friesian horses, Gelding, 7 years, 15,3 hh, Black",Friesian horses,Gelding,7 years,227250,"Mount Vernon, US",https://www.ehorses.com/friesian-horses-gelding-7years-153-hh-black-ranch-riding-horses-trailhorses-mount-vernon/4251554.html
ehorses.com,"American Quarter Horse, Gelding, 8 years, 15 hh, Sorrel",American Quarter Horse,Gelding,8 years,35350,"Weatherford TX, US",https://www.ehorses.com/american-quarter-horse-gelding-8years-15-hh-sorrel-trailhorses-ranch-riding-horses-weatherford-tx/4138091.html
ehorses.com,"Cruzado, Gelding, 5 years, 15,2 hh, Brown",Cruzado,Gelding,5 years,84530,"Neustadt (Wied), DE",https://www.ehorses.com/cruzado-gelding-5years-152-hh-brown-dressagehorses-working-equitation-horses-baroquehorses-leisurehorses-neustadt-wied/4720964.html
ehorses.com,"American Quarter Horse, Mare, 6 years, 13,3 hh, Roan-Bay",American Quarter Horse,Mare,6 years,35350,"Tremont IL, US",https://www.ehorses.com/american-quarter-horse-mare-6years-133-hh-roan-bay-trailhorses-ranch-riding-horses-tremont-il/4492946.html
ehorses.com,"Holstein, Mare, 3 years, 15,2 hh, Brown",Holstein,Mare,3 years,267500,"Otter, DE",https://www.ehorses.com/holstein-mare-3years-152-hh-brown-showjumpers-otter/4731759.html
ehorses.com,"Oldenburg, Mare, 3 years, 16,2 hh, Chestnut-Red",Oldenburg,Mare,3 years,85600,"Dunum/Brill, DE",https://www.ehorses.com/oldenburg-mare-3years-162-hh-chestnut-red-dressagehorses-dunumbrill/4731914.html
ehorses.com,"Cruzado, Mare, 3 years, 14,2 hh, Black",Cruzado,Mare,3 years,73830,"Neustadt (Wied), DE",https://www.ehorses.com/cruzado-mare-3years-142-hh-black-leisurehorses-working-equitation-horses-baroquehorses-dressagehorses-neustadt-wied/4745393.html
ehorses.com,"Hungarian Sport Horse, Gelding, 6 years, 16 hh, Bay-Dark",Hungarian Sport Horse,Gelding,6 years,149800,"Tass, HU",https://www.ehorses.com/hungarian-sport-horse-gelding-6years-16-hh-bay-dark-carriagehorses-leisurehorses-tass/4682467.html
ehorses.com,"Hungarian Sport Horse, Gelding, 6 years, 14,3 hh, Bay",Hungarian Sport Horse,Gelding,6 years,58849,"Tass, HU",https://www.ehorses.com/hungarian-sport-horse-gelding-6years-143-hh-bay-carriagehorses-leisurehorses-tass/4733187.html
ehorses.com,"Hungarian Sport Horse, Mare, 4 years, 16 hh, Chestnut",Hungarian Sport Horse,Mare,4 years,149800,"Tass, HU",https://www.ehorses.com/hungarian-sport-horse-mare-4years-16-hh-chestnut-carriagehorses-leisurehorses-tass/4674194.html
ehorses.com,"Hungarian Sport Horse, Gelding, 7 years, 16 hh, Black",Hungarian Sport Horse,Gelding,7 years,214000,"Tass, HU",https://www.ehorses.com/hungarian-sport-horse-gelding-7years-16-hh-black-carriagehorses-leisurehorses-tass/4733197.html
ehorses.com,"Cruzado, Mare, 5 years, 15,1 hh, Grey",Cruzado,Mare,5 years,73830,"Neustadt (Wied), DE",https://www.ehorses.com/cruzado-mare-5years-151-hh-grey-leisurehorses-working-equitation-horses-dressagehorses-neustadt-wied/4745357.html
ehorses.com,"Hanoverian, Gelding, 5 years, 16,2 hh, Chestnut-Red",Hanoverian,Gelding,5 years,267500,"Visselhövede, DE",https://www.ehorses.com/hanoverian-gelding-5years-162-hh-chestnut-red-dressagehorses-visselhoevede/4471783.html
ehorses.com,"Cruzado, Mare, 6 years, 15,3 hh, Bay-Dark",Cruzado,Mare,6 years,95230,"Neustadt (Wied), DE",https://www.ehorses.com/cruzado-mare-6years-153-hh-bay-dark-dressagehorses-working-equitation-horses-leisurehorses-carriagehorses-neustadt-wied/4745347.html
ehorses.com,"Polish sport horse, Mare, 9 years, 16,1 hh, Palomino",Polish sport horse,Mare,9 years,133750,"Piecowice, PL",https://www.ehorses.com/polish-sport-horse-mare-9years-161-hh-palomino-breedinghorses-eventinghorses-showjumpers-piecowice/4739426.html
ehorses.com,"Cruzado, Gelding, 6 years, 14,2 hh, Dun",Cruzado,Gelding,6 years,90950,"Neustadt (Wied), DE",https://www.ehorses.com/cruzado-gelding-6years-142-hh-dun-dressagehorses-working-equitation-horses-baroquehorses-leisurehorses-neustadt-wied/4745323.html
ehorses.com,"Oldenburg, Mare, 3 years, 16,2 hh, Black",Oldenburg,Mare,3 years,187250,"Redefin, DE",https://www.ehorses.com/oldenburg-mare-3years-162-hh-black-dressagehorses-redefin/4743762.html
ehorses.com,"PRE Mix, Stallion, 5 years, 16,1 hh, Grey",PRE Mix,Stallion,5 years,133750,"MADRID, ES",https://www.ehorses.com/pre-stallion-5years-161-hh-grey-dressagehorses-leisurehorses-madrid/4654451.html
ehorses.com,"Oldenburg, Gelding, 5 years, 16,1 hh, Chestnut-Red",Oldenburg,Gelding,5 years,321000,"Bielefeld, DE",https://www.ehorses.com/oldenburg-gelding-5years-161-hh-chestnut-red-dressagehorses-bielefeld/4701966.html
ehorses.com,"Tennessee walking horse, Gelding, 13 years, 14,2 hh, Palomino",Tennessee walking horse,Gelding,13 years,35329,"Parkers Lake KY, US",https://www.ehorses.com/tennessee-walking-horse-gelding-13years-142-hh-palomino-trailhorses-gaitedhorses-parkers-lake-ky/4091686.html
ehorses.com,"Westphalian, Mare, 4 years, Brown",Westphalian,Mare,4 years,133750,"Waldbröl, DE",https://www.ehorses.com/westphalian-mare-4years-brown-breedinghorses-waldbroel/3299136.html
ehorses.com,"American Quarter Horse, Gelding, 11 years, 15,2 hh, Buckskin",American Quarter Horse,Gelding,11 years,252500,"Mount Vernon KY, US",https://www.ehorses.com/american-quarter-horse-gelding-11years-152-hh-buckskin-trailhorses-ranch-riding-horses-mount-vernon-ky/4666157.html
ehorses.com,"PRE, Stallion, 2 years, Dun",PRE,Stallion,2 years,80250,"klagenfurt, AT",https://www.ehorses.com/pre-stallion-2years-dun-dressagehorses-baroquehorses-breedinghorses-leisurehorses-klagenfurt/4619275.html
ehorses.com,"PRE Mix, Mare, 2 years, 15,1 hh, Perlino",PRE Mix,Mare,2 years,64199,"Segovia, ES",https://www.ehorses.com/pre-mare-2years-151-hh-perlino-leisurehorses-segovia/4701047.html
ehorses.com,"KWPN, Stallion, 6 years, 16,1 hh, Cremello",KWPN,Stallion,6 years,321000,"Ulicoten, NL",https://www.ehorses.com/kwpn-stallion-6years-161-hh-cremello-dressagehorses-ulicoten/4654995.html
ehorses.com,"Oldenburg, Gelding, 13 years, Brown",Oldenburg,Gelding,13 years,588500,"Brest, DE",https://www.ehorses.com/oldenburg-gelding-13years-brown-showjumpers-brest/3901852.html
ehorses.com,"Zangersheider, Gelding, 10 years, 16,2 hh, Brown",Zangersheider,Gelding,10 years,588500,"Brest, DE",https://www.ehorses.com/zangersheider-gelding-10years-162-hh-brown-showjumpers-brest/3793602.html
ehorses.com,"Oldenburg, Gelding, 8 years, 16,1 hh, Brown",Oldenburg,Gelding,8 years,321000,"Brest, DE",https://www.ehorses.com/oldenburg-gelding-8years-161-hh-brown-dressagehorses-brest/3984221.html
ehorses.com,"Hanoverian, Gelding, 7 years, 16,2 hh, Chestnut",Hanoverian,Gelding,7 years,321000,"Brest, DE",https://www.ehorses.com/hanoverian-gelding-7years-162-hh-chestnut-dressagehorses-showjumpers-brest/3984242.html
ehorses.com,"Austrian Warmblood, Mare, 14 years, 16 hh, Bay-Dark",Austrian Warmblood,Mare,14 years,27819,"Zell an der Pram, AT",https://www.ehorses.com/austrian-warmblood-mare-14years-16-hh-bay-dark-breedinghorses-zell-an-der-pram/4738609.html
ehorses.com,"KWPN, Stallion, 1 year, 16,1 hh, Black",KWPN,Stallion,1 year,59919,"Zell an der Pram, AT",https://www.ehorses.com/kwpn-stallion-1year-161-hh-black-dressagehorses-leisurehorses-zell-an-der-pram/4738627.html
ehorses.com,"German Riding Pony, Mare, 6 years, 14 hh, Chestnut",German Riding Pony,Mare,6 years,133750,"Treuenbrietzen, DE",https://www.ehorses.com/german-riding-pony-mare-6years-14-hh-chestnut-dressagehorses-eventinghorses-showjumpers-treuenbrietzen/4745282.html
ehorses.com,"Appaloosa, Mare, 9 years, 15 hh, Leopard-Piebald",Appaloosa,Mare,9 years,53500,"Buttstädt, DE",https://www.ehorses.com/appaloosa-mare-9years-15-hh-leopard-piebald-leisurehorses-westernhorses-buttstaedt/4745276.html
ehorses.com,"Other Heavy Horses Mix, Gelding, 4 years, 15,2 hh, Pinto",Other Heavy Horses Mix,Gelding,4 years,77040,"Neustadt (Wied), DE",https://www.ehorses.com/other-heavy-horses-gelding-4years-152-hh-pinto-leisurehorses-baroquehorses-carriagehorses-neustadt-wied/4745269.html
ehorses.com,"German Riding Pony, Gelding, 4 years, 14,1 hh, Grey",German Riding Pony,Gelding,4 years,101650,"Fürstenau, DE",https://www.ehorses.com/german-riding-pony-gelding-4years-141-hh-grey-showjumpers-eventinghorses-leisurehorses-dressagehorses-fuerstenau/4690993.html
ehorses.com,"German Riding Pony, Gelding, 4 years, 15,1 hh, Brown",German Riding Pony,Gelding,4 years,107000,"Fürstenau, DE",https://www.ehorses.com/german-riding-pony-gelding-4years-151-hh-brown-dressagehorses-leisurehorses-fuerstenau/4705635.html
ehorses.com,"Oldenburg, Mare, 4 years, 17 hh, Chestnut-Red",Oldenburg,Mare,4 years,187250,"Fürstenau, DE",https://www.ehorses.com/oldenburg-mare-4years-17-hh-chestnut-red-dressagehorses-leisurehorses-fuerstenau/4734134.html
ehorses.com,"German Sport Horse, Gelding, 4 years, 16,1 hh, Bay-Dark",German Sport Horse,Gelding,4 years,138030,"Fürstenau, DE",https://www.ehorses.com/german-sport-horse-gelding-4years-161-hh-bay-dark-dressagehorses-leisurehorses-fuerstenau/4734161.html
ehorses.com,"Oldenburg, Gelding, 5 years, 16,1 hh, Brown",Oldenburg,Gelding,5 years,321000,"Oberstadion, DE",https://www.ehorses.com/oldenburg-gelding-5years-161-hh-brown-dressagehorses-oberstadion/4687750.html
ehorses.com,"Westphalian, Gelding, 7 years, 16,1 hh, Chestnut-Red",Westphalian,Gelding,7 years,321000,"Oberstadion, DE",https://www.ehorses.com/westphalian-gelding-7years-161-hh-chestnut-red-dressagehorses-oberstadion/4104269.html
ehorses.com,"Danish Warmblood, Gelding, 8 years, 17,1 hh, Smoky-Black",Danish Warmblood,Gelding,8 years,909499,"Oberstadion, DE",https://www.ehorses.com/danish-warmblood-gelding-8years-171-hh-smoky-black-dressagehorses-oberstadion/4104225.html
ehorses.com,"Oldenburg, Gelding, 5 years, 16,2 hh, Chestnut",Oldenburg,Gelding,5 years,321000,"Oberstadion, DE",https://www.ehorses.com/oldenburg-gelding-5years-162-hh-chestnut-dressagehorses-oberstadion/4687662.html
ehorses.com,"German Sport Horse, Mare, 4 years, 16,1 hh, Smoky-Black",German Sport Horse,Mare,4 years,321000,"Oberstadion, DE",https://www.ehorses.com/german-sport-horse-mare-4years-161-hh-smoky-black-dressagehorses-oberstadion/4623290.html
ehorses.com,"More ponies/small horses, Mare, 5 years, 14,1 hh, Palomino",More ponies/small horses,Mare,5 years,41730,"Békéscsaba, HU",https://www.ehorses.com/more-poniessmall-horses-mare-5years-141-hh-palomino-leisurehorses-bekescsaba/4745255.html
ehorses.com,"KWPN, Gelding, 4 years, 16,2 hh, Brown",KWPN,Gelding,4 years,90950,"Loipersbach im Burgenland, AT",https://www.ehorses.com/kwpn-gelding-4years-162-hh-brown-dressagehorses-loipersbach-im-burgenland/4745103.html
ehorses.com,"Lusitano Mix, Gelding, 13 years, 16,1 hh, Grey",Lusitano Mix,Gelding,13 years,133750,"Sevilla, ES",https://www.ehorses.com/lusitano-gelding-13years-161-hh-grey-dressagehorses-leisurehorses-sevilla/4356010.html
ehorses.com,"American Quarter Horse, Gelding, 11 years, 14,2 hh, Grey",American Quarter Horse,Gelding,11 years,35350,"Weatherford TX, US",https://www.ehorses.com/american-quarter-horse-gelding-11years-142-hh-grey-trailhorses-ranch-riding-horses-weatherford-tx/4163400.html
ehorses.com,"Warlander, Gelding, 11 years, 15,1 hh, Grey",Warlander,Gelding,11 years,35350,"Camp Verde Az, US",https://www.ehorses.com/warlander-gelding-11years-151-hh-grey-trailhorses-ranch-riding-horses-camp-verde-az/4392250.html
ehorses.com,"Half Arabs, Gelding, 2 years, 15 hh, Chestnut-Red",Half Arabs,Gelding,2 years,80250,"VERNON, FR",https://www.ehorses.com/half-arabs-gelding-2years-15-hh-chestnut-red-dressagehorses-endurancehorses-showjumpers-leisurehorses-vernon/4506199.html
ehorses.com,"American Quarter Horse, Gelding, 15 years, 14,3 hh, Chestnut",American Quarter Horse,Gelding,15 years,35350,"Cottonwood AZ, US",https://www.ehorses.com/american-quarter-horse-gelding-15years-143-hh-chestnut-trailhorses-ranch-riding-horses-cottonwood-az/4436543.html
ehorses.com,"American Paint Horse, Gelding, 5 years, 15,3 hh, Chestnut",American Paint Horse,Gelding,5 years,35339,"rusk TX, US",https://www.ehorses.com/american-paint-horse-gelding-5years-153-hh-chestnut-trailhorses-ranch-riding-horses-rusk-tx/4620878.html
ehorses.com,"Lusitano, Mare, 1 year, 15,3 hh, Brown",Lusitano,Mare,1 year,48150,"Idanha-a-Nova Portugal, PT",https://www.ehorses.com/lusitano-mare-1year-153-hh-brown-leisurehorses-working-equitation-horses-breedinghorses-idanha-a-nova-portugal/4736441.html
ehorses.com,"Shire Horse, Mare, 8 years, 16,2 hh, Grey",Shire Horse,Mare,8 years,160500,"Ried im Innkreis, AT",https://www.ehorses.com/shire-horse-mare-8years-162-hh-grey-leisurehorses-ried-im-innkreis/4647797.html
ehorses.com,"Welsh B, Gelding, 7 years, 13,1 hh, Palomino",Welsh B,Gelding,7 years,58849,"Szabadszállás, HU",https://www.ehorses.com/welsh-b-gelding-7years-131-hh-palomino-carriagehorses-showhunter-leisurehorses-dressagehorses-szabadszallas/4745208.html
ehorses.com,"Thoroughbred, Mare, 3 years, 16 hh, Brown",Thoroughbred,Mare,3 years,23540,"Naila, DE",https://www.ehorses.com/thoroughbred-mare-3years-16-hh-brown-leisurehorses-breedinghorses-galloper-naila/4745214.html
ehorses.com,"German Riding Pony, Gelding, 5 years, 14,2 hh, Bay-Dark",German Riding Pony,Gelding,5 years,107000,"Aabenraa, DK",https://www.ehorses.com/german-riding-pony-gelding-5years-142-hh-bay-dark-dressagehorses-aabenraa/4745217.html
ehorses.com,"German Riding Pony, Gelding, 8 years, 14 hh, Brown",German Riding Pony,Gelding,8 years,133750,"Ollndorf, DE",https://www.ehorses.com/german-riding-pony-gelding-8years-14-hh-brown-showjumpers-dressagehorses-ollndorf/4669924.html
ehorses.com,"Heavy Warmblood, Gelding, 10 years, 15,2 hh, Grey",Heavy Warmblood,Gelding,10 years,80250,"Blankenheim, DE",https://www.ehorses.com/heavy-warmblood-gelding-10years-152-hh-grey-leisurehorses-blankenheim/4745197.html
ehorses.com,"Andalusian, Stallion, 3 years, 15 hh, Grey",Andalusian,Stallion,3 years,70689,"Corona, CA, US",https://www.ehorses.com/andalusian-stallion-3years-15-hh-grey-showhorses-breedinghorses-corona-ca/4585564.html
ehorses.com,"Andalusian, Mare, 2 years, 14 hh, Bay",Andalusian,Mare,2 years,100989,"Corona, CA, US",https://www.ehorses.com/andalusian-mare-2years-14-hh-bay-dressagehorses-trailhorses-breedinghorses-showjumpers-corona-ca/4725915.html
ehorses.com,"Andalusian, Mare, 2 years, 15 hh, Grey",Andalusian,Mare,2 years,60589,"Corona, CA, US",https://www.ehorses.com/andalusian-mare-2years-15-hh-grey-dressagehorses-working-equitation-horses-trailhorses-breedinghorses-corona-ca/4741387.html
ehorses.com,"Andalusian, Mare, 2 years, 15 hh, Black",Andalusian,Mare,2 years,60589,"Corona, CA, US",https://www.ehorses.com/andalusian-mare-2years-15-hh-black-dressagehorses-trailhorses-breedinghorses-eventinghorses-corona-ca/4687614.html
ehorses.com,"Lusitano, Stallion, 6 years, 15,2 hh, Pearl",Lusitano,Stallion,6 years,85600,"Frankfurt am Main, DE",https://www.ehorses.com/lusitano-stallion-6years-152-hh-pearl-leisurehorses-sire-dressagehorses-frankfurt-am-main/4745171.html
ehorses.com,"Hanoverian, Gelding, 8 years, 17 hh",Hanoverian,Gelding,8 years,374500,"Haiger, DE",https://www.ehorses.com/hanoverian-gelding-8years-17-hh-dressagehorses-leisurehorses-haiger/4745124.html
ehorses.com,"PRE, Gelding, 4 years, 15,1 hh, Grey",PRE,Gelding,4 years,95230,"Stipsdorf, DE",https://www.ehorses.com/pre-gelding-4years-151-hh-grey-leisurehorses-working-equitation-horses-baroquehorses-dressagehorses-stipsdorf/4630675.html
ehorses.com,"PRE, Gelding, 5 years, Palomino",PRE,Gelding,5 years,353500,"Madison, GA, US",https://www.ehorses.com/pre-gelding-5years-palomino-dressagehorses-working-equitation-horses-showhorses-baroquehorses-madison-ga/4486133.html
ehorses.com,"PRE Mix, Gelding, 6 years, 16 hh, Black",PRE Mix,Gelding,6 years,393900,"Madison, GA, US",https://www.ehorses.com/pre-gelding-6years-16-hh-black-dressagehorses-doma-vaquera-working-equitation-horses-baroquehorses-madison-ga/4486169.html
ehorses.com,"PRE Mix, Stallion, 6 years, 16,1 hh, Grey",PRE Mix,Stallion,6 years,588500,"Navas Del Madroño, ES",https://www.ehorses.com/pre-stallion-6years-161-hh-grey-dressagehorses-navas-del-madrono/4597773.html
ehorses.com,"Oldenburg, Mare, 7 years, 16 hh, Brown",Oldenburg,Mare,7 years,214000,"Hepstedt, DE",https://www.ehorses.com/oldenburg-mare-7years-16-hh-brown-dressagehorses-breedinghorses-hepstedt/4234278.html
ehorses.com,"Icelandic Horse, Gelding, 6 years, 13,2 hh, Pinto",Icelandic Horse,Gelding,6 years,133750,"Achstetten, DE",https://www.ehorses.com/icelandic-horse-gelding-6years-132-hh-pinto-leisurehorses-gaitedhorses-achstetten/4741491.html
ehorses.com,"Andalusian Mix, Gelding, 11 years, 15,1 hh, Perlino",Andalusian Mix,Gelding,11 years,80250,"Bredene, BE",https://www.ehorses.com/andalusian-gelding-11years-151-hh-perlino-baroquehorses-working-equitation-horses-leisurehorses-dressagehorses-bredene/4486431.html
ehorses.com,"American Quarter Horse, Gelding, 7 years, Dun",American Quarter Horse,Gelding,7 years,35350,"Mount Vernon, US",https://www.ehorses.com/american-quarter-horse-gelding-7years-dun-trailhorses-mount-vernon/4554821.html
ehorses.com,"Polish Halfbred Mix, Gelding, 9 years, 15,2 hh, Chestnut-Red",Polish Halfbred Mix,Gelding,9 years,80250,"Mannheim, DE",https://www.ehorses.com/polish-halfbred-gelding-9years-152-hh-chestnut-red-leisurehorses-mannheim/4743670.html
ehorses.com,"Irish Sport Horse, Mare, 4 years, 16,1 hh, Black",Irish Sport Horse,Mare,4 years,53500,"Lage, DE",https://www.ehorses.com/irish-sport-horse-mare-4years-161-hh-black-dressagehorses-breedinghorses-showjumpers-leisurehorses-lage/4744985.html
ehorses.com,"New Forest Pony, Mare, 7 years, 13,2 hh, Black",New Forest Pony,Mare,7 years,61524,"Achtmaal, NL",https://www.ehorses.com/new-forest-pony-mare-7years-132-hh-black-leisurehorses-achtmaal/4744986.html
ehorses.com,"Lusitano, Stallion, 6 years, 15,2 hh, Pearl",Lusitano,Stallion,6 years,85600,"Caldas De Reis (Casco Urbano), ES",https://www.ehorses.com/lusitano-stallion-6years-152-hh-pearl-dressagehorses-breedinghorses-sire-caldas-de-reis-casco-urbano/4506862.html
ehorses.com,"More ponies/small horses, Mare, 5 years, 14,1 hh, Black",More ponies/small horses,Mare,5 years,42800,"Gyula, HU",https://www.ehorses.com/more-poniessmall-horses-mare-5years-141-hh-black-leisurehorses-gyula/4744958.html
ehorses.com,"Selle Français, Mare, 10 years, 15,2 hh, Chestnut-Red",Selle Français,Mare,10 years,741000,"Wermatswil, CH",https://www.ehorses.com/selle-francais-mare-10years-152-hh-chestnut-red-showjumpers-wermatswil/4744928.html
ehorses.com,"Oldenburg, Gelding, 5 years, 17 hh, Bay-Dark",Oldenburg,Gelding,5 years,321000,"Vechta, DE",https://www.ehorses.com/oldenburg-gelding-5years-17-hh-bay-dark-dressagehorses-vechta/4702038.html
ehorses.com,"PRE Mix, Gelding, 5 years, 15,1 hh, Dun",PRE Mix,Gelding,5 years,230049,"Krumbach, DE",https://www.ehorses.com/pre-gelding-5years-151-hh-dun-dressagehorses-working-equitation-horses-baroquehorses-leisurehorses-krumbach/4663719.html
ehorses.com,"More ponies/small horses, Gelding, 3 years, 14,1 hh, Pinto",More ponies/small horses,Gelding,3 years,32099,"Békéscsaba, HU",https://www.ehorses.com/more-poniessmall-horses-gelding-3years-141-hh-pinto-leisurehorses-bekescsaba/4744914.html
ehorses.com,"Westphalian, Mare, 11 years, Chestnut-Red",Westphalian,Mare,11 years,133750,"Kleinenberg, DE",https://www.ehorses.com/westphalian-mare-11years-chestnut-red-dressagehorses-breedinghorses-leisurehorses-kleinenberg/4713699.html
ehorses.com,"KWPN, Gelding, 6 years, 16,1 hh, Grey",KWPN,Gelding,6 years,187250,"Mór, HU",https://www.ehorses.com/kwpn-gelding-6years-161-hh-grey-showjumpers-leisurehorses-mor/4660282.html
ehorses.com,"Hanoverian, Mare, 10 years, 16,1 hh, Brown",Hanoverian,Mare,10 years,101650,"Mor, HU",https://www.ehorses.com/hanoverian-mare-10years-161-hh-brown-dressagehorses-leisurehorses-mor/4703850.html
ehorses.com,"Zangersheider, Gelding, 5 years, 16,1 hh, Grey",Zangersheider,Gelding,5 years,133750,"Mor, HU",https://www.ehorses.com/zangersheider-gelding-5years-161-hh-grey-showjumpers-showhunter-mor/4720745.html
ehorses.com,"German Sport Horse, Stallion, 3 years, 16 hh, Grey",German Sport Horse,Stallion,3 years,80250,"Mor, HU",https://www.ehorses.com/german-sport-horse-stallion-3years-16-hh-grey-showjumpers-showhunter-mor/4720753.html
ehorses.com,"Westphalian, Gelding, 5 years, 16,1 hh, Grey",Westphalian,Gelding,5 years,187250,"Mor, HU",https://www.ehorses.com/westphalian-gelding-5years-161-hh-grey-showjumpers-equitation-portugesa-mor/4721176.html
ehorses.com,"Zangersheider, Gelding, 5 years, 16,1 hh, Grey",Zangersheider,Gelding,5 years,128399,"Mor, HU",https://www.ehorses.com/zangersheider-gelding-5years-161-hh-grey-showjumpers-mor/4721188.html
