source,title,breed,gender,age,price_mad,location,url,is_synthetic,log_price,is_morocco,age_num,breed_simplified,source_type
animalsouk.ma,Double ponette 140cm gentille et calme,Pony,,,6000,,,0,3.7781512503836434,1,,Pony,Local
ehorses.com,"American Quarter Horse, Mare, 18 years, 14,2 hh, Palomino",Quarter Horse,Mare,18 years,48150,"Lahn, DE",https://www.ehorses.com/american-quarter-horse-mare-18years-142-hh-palomino-breedinghorses-reininghorses-westernhorses-lahn/4525375.html,0,4.682596291460554,0,18.0,Quarter Horse,International
ehorses.com,"American Quarter Horse, Gelding, 6 years, 15,2 hh, Perlino",Quarter Horse,Gelding,6 years,35350,"Santa Fe TN, US",https://www.ehorses.com/american-quarter-horse-gelding-6years-152-hh-perlino-trailhorses-ranch-riding-horses-santa-fe-tn/4333930.html,0,4.548389418132918,0,6.0,Quarter Horse,International
ehorses.com,"Cruzado Mix, Gelding, 3 years, 16 hh, Grey-Blue-Tan",Cruzado Mix,Gelding,3 years,57779,"Nettetal, DE",https://www.ehorses.com/cruzado-gelding-3years-16-hh-grey-blue-tan-working-equitation-horses-baroquehorses-leisurehorses-dressagehorses-nettetal/4748754.html,0,4.761770021096961,0,3.0,Other_Rare,International
ehorses.com,"Oldenburg, Gelding, 9 years, 16,2 hh, Black",Oldenburg,Gelding,9 years,160500,"Dresden Zaschendorf, DE",https://www.ehorses.com/oldenburg-gelding-9years-162-hh-black-dressagehorses-showjumpers-leisurehorses-dresden-zaschendorf/4698018.html,0,5.205475036740891,0,9.0,Oldenburg,International
ehorses.com,"Leonhard, Stallion, 2 years, 14 hh, Brown",Leonhard,Stallion,2 years,51360,"Grabenstätt, DE",https://www.ehorses.com/leonhard-stallion-2years-14-hh-brown-leisurehorses-working-equitation-horses-grabenstaett/4670350.html,0,4.7106250150607964,0,2.0,Other_Rare,International
ehorses.com,"PRE, Stallion, 4 years, 15,2 hh, Brown",Andalusian,Stallion,4 years,96300,"Santa Marta, ES",https://www.ehorses.com/pre-stallion-4years-152-hh-brown-baroquehorses-leisurehorses-dressagehorses-santa-marta/4714043.html,0,4.983626287124535,0,4.0,Andalusian,International
ehorses.com,"Holstein, Gelding, 16 years, 16,1 hh, Brown",Holstein,Gelding,16 years,155150,"Glandorf, DE",https://www.ehorses.com/holstein-gelding-16years-161-hh-brown-showjumpers-eventinghorses-leisurehorses-glandorf/4598996.html,0,5.190751779920184,0,16.0,Holstein,International
ehorses.com,"Hungarian Sport Horse, Gelding, 8 years, 16,1 hh, Grey",Hungarian Sport Horse,Gelding,8 years,133750,"Budapest, HU",https://www.ehorses.com/hungarian-sport-horse-gelding-8years-161-hh-grey-showjumpers-leisurehorses-dressagehorses-budapest/4742802.html,0,5.126293790693266,0,8.0,Hungarian Sport Horse,International
ehorses.com,"Hungarian Sport Horse, Gelding, 7 years, 16,1 hh, Chestnut",Hungarian Sport Horse,Gelding,7 years,105395,"Budapest, HU",https://www.ehorses.com/hungarian-sport-horse-gelding-7years-161-hh-chestnut-dressagehorses-showjumpers-leisurehorses-budapest/4738743.html,0,5.022820008182822,0,7.0,Hungarian Sport Horse,International
ehorses.com,"Latvian Warmblood, Mare, 6 years, 16 hh, Bay-Dark",Latvian Warmblood,Mare,6 years,160500,"Helsinki, FI",https://www.ehorses.com/latvian-warmblood-mare-6years-16-hh-bay-dark-showjumpers-dressagehorses-helsinki/4749774.html,0,5.205475036740891,0,6.0,Other_Rare,International
ehorses.com,"Hanoverian, Gelding, 4 years, 16 hh, Chestnut-Red",Hanoverian,Gelding,4 years,588500,"Coin, ES",https://www.ehorses.com/hanoverian-gelding-4years-16-hh-chestnut-red-dressagehorses-working-equitation-horses-coin/4735214.html,0,5.769746467179454,0,4.0,Hanoverian,International
ehorses.com,"German Sport Horse, Gelding, 8 years, 16,1 hh, Bay-Dark",German Sport Horse,Gelding,8 years,155150,"Grevenbroich, DE",https://www.ehorses.com/german-sport-horse-gelding-8years-161-hh-bay-dark-showjumpers-leisurehorses-dressagehorses-grevenbroich/4749777.html,0,5.190751779920184,0,8.0,German Sport Horse,International
ehorses.com,"Wuerttemberg, Stallion, 2 years, 15,2 hh, Chestnut-Red",Wuerttemberg,Stallion,2 years,80250,"Bramsche, DE",https://www.ehorses.com/wuerttemberg-stallion-2years-152-hh-chestnut-red-showhunter-showjumpers-bramsche/4731526.html,0,4.90444504107691,0,2.0,Wuerttemberg,International
ehorses.com,"Icelandic Horse, Mare, 12 years, 13,2 hh, Brown",Icelandic Horse,Mare,12 years,192600,"Teisendorf, DE",https://www.ehorses.com/icelandic-horse-mare-12years-132-hh-brown-gaitedhorses-breedinghorses-leisurehorses-teisendorf/4740705.html,0,5.284656282788515,0,12.0,Icelandic Horse,International
ehorses.com,"Oldenburg, Gelding, 7 years, Chestnut-Red",Oldenburg,Gelding,7 years,187250,"WilnsdorfWilnsdorf, DE",https://www.ehorses.com/oldenburg-gelding-7years-chestnut-red-dressagehorses-wilnsdorfwilnsdorf/4532452.html,0,5.272421826371504,0,7.0,Oldenburg,International
ehorses.com,"Belgian Warmblood, Mare, 11 years, 17 hh, Brown",Belgian Warmblood,Mare,11 years,187250,"Wilnsdorf, DE",https://www.ehorses.com/belgian-warmblood-mare-11years-17-hh-brown-dressagehorses-leisurehorses-wilnsdorf/4697752.html,0,5.272421826371504,0,11.0,Belgian Warmblood,International
ehorses.com,"Welsh B, Mare, 13 years, 11,2 hh, Brown-Light",Welsh B,Mare,13 years,26750,"Nieuw-Vennep, NL",https://www.ehorses.com/welsh-b-mare-13years-112-hh-brown-light-leisurehorses-carriagehorses-nieuw-vennep/4744675.html,0,4.427323786357247,0,13.0,Other_Rare,International
ehorses.com,"Hanoverian, Gelding, 7 years, 16,2 hh, Chestnut-Red",Hanoverian,Gelding,7 years,101650,"Yvelines, FR",https://www.ehorses.com/hanoverian-gelding-7years-162-hh-chestnut-red-dressagehorses-yvelines/4749732.html,0,5.007107382974057,0,7.0,Hanoverian,International
ehorses.com,"German Riding Pony, Gelding, 2 years, 14,1 hh, Dun",Pony,Gelding,2 years,80250,"Wegeleben, DE",https://www.ehorses.com/german-riding-pony-gelding-2years-141-hh-dun-dressagehorses-showjumpers-leisurehorses-carriagehorses-wegeleben/4749656.html,0,4.90444504107691,0,2.0,Pony,International
ehorses.com,"Oldenburg-International (OS), Mare, 1 year, 13,1 hh, Bay-Dark",Oldenburg-International (OS),Mare,1 year,48150,"Löningen, DE",https://www.ehorses.com/oldenburg-international-os-mare-1year-131-hh-bay-dark-showjumpers-breedinghorses-loeningen/4579160.html,0,4.682596291460554,0,,Oldenburg-International (OS),International
ehorses.com,"Oldenburg-International (OS), Mare, 16 years, 16,2 hh, Chestnut",Oldenburg-International (OS),Mare,16 years,138030,"Löningen, DE",https://www.ehorses.com/oldenburg-international-os-mare-16years-162-hh-chestnut-breedinghorses-showjumpers-loeningen/4580122.html,0,5.1399734879844585,0,16.0,Oldenburg-International (OS),International
ehorses.com,"Arabian horses, Mare, 1 year, 15 hh, Chestnut-Red",Arabian horses,Mare,1 year,133750,"Gemünden (Felda), DE",https://www.ehorses.com/arabian-horses-mare-1year-15-hh-chestnut-red-leisurehorses-endurancehorses-breedinghorses-dressagehorses-gemuenden-felda/4749664.html,0,5.126293790693266,0,,Arabian horses,International
ehorses.com,"PRE Mix, Mare, 4 years, 15,2 hh, Grey-Blue-Tan",Andalusian,Mare,4 years,80250,"Aachen, DE",https://www.ehorses.com/pre-mare-4years-152-hh-grey-blue-tan-leisurehorses-aachen/4729484.html,0,4.90444504107691,0,4.0,Andalusian,International
ehorses.com,"Lusitano, Mare, 7 years, 15,2 hh, Brown",Lusitano,Mare,7 years,123049,"Martfeld, DE",https://www.ehorses.com/lusitano-mare-7years-152-hh-brown-dressagehorses-working-equitation-horses-baroquehorses-leisurehorses-martfeld/4704212.html,0,5.090078088609755,0,7.0,Lusitano,International
ehorses.com,"Hungarian Sport Horse, Gelding, 8 years, 16.1 hh, Grey",Hungarian Sport Horse,Gelding,8 years,133750,"Budapest, HU",https://www.ehorses.com/hungarian-sport-horse-gelding-8years-16-1-hh-grey-showjumpers-leisurehorses-dressagehorses-budapest/4742802.html,0,5.126293790693266,0,8.0,Hungarian Sport Horse,International
ehorses.com,"Hungarian Sport Horse, Gelding, 7 years, 16.1 hh, Chestnut",Hungarian Sport Horse,Gelding,7 years,105395,"Budapest, HU",https://www.ehorses.com/hungarian-sport-horse-gelding-7years-16-1-hh-chestnut-dressagehorses-showjumpers-leisurehorses-budapest/4738743.html,0,5.022820008182822,0,7.0,Hungarian Sport Horse,International
ehorses.com,"German Sport Horse, Gelding, 8 years, 16.1 hh, Bay-Dark",German Sport Horse,Gelding,8 years,155150,"Grevenbroich, DE",https://www.ehorses.com/german-sport-horse-gelding-8years-16-1-hh-bay-dark-showjumpers-leisurehorses-dressagehorses-grevenbroich/4749777.html,0,5.190751779920184,0,8.0,German Sport Horse,International
ehorses.com,"Wuerttemberg, Stallion, 2 years, 15.2 hh, Chestnut-Red",Wuerttemberg,Stallion,2 years,80250,"Bramsche, DE",https://www.ehorses.com/wuerttemberg-stallion-2years-15-2-hh-chestnut-red-showhunter-showjumpers-bramsche/4731526.html,0,4.90444504107691,0,2.0,Wuerttemberg,International
ehorses.com,"Icelandic Horse, Mare, 12 years, 13.2 hh, Brown",Icelandic Horse,Mare,12 years,192600,"Teisendorf, DE",https://www.ehorses.com/icelandic-horse-mare-12years-13-2-hh-brown-gaitedhorses-breedinghorses-leisurehorses-teisendorf/4740705.html,0,5.284656282788515,0,12.0,Icelandic Horse,International
ehorses.com,"PRE Mix, Stallion, 6 years, 15.2 hh, Grey-Dapple",Andalusian,Stallion,6 years,187250,"Martfeld, DE",https://www.ehorses.com/pre-stallion-6years-15-2-hh-grey-dapple-baroquehorses-showhorses-leisurehorses-dressagehorses-martfeld/4705450.html,0,5.272421826371504,0,6.0,Andalusian,International
ehorses.com,"Andalusian, Gelding, 7 years, 15.2 hh, Palomino",Andalusian,Gelding,7 years,106893,"Valencia, ES",https://www.ehorses.com/andalusian-gelding-7years-15-2-hh-palomino-dressagehorses-valencia/4431691.html,0,5.028949265911192,0,7.0,Andalusian,International
ehorses.com,"PRE, Stallion, 2 years, 15.2 hh",Andalusian,Stallion,2 years,58849,"Los Rosales, ES",https://www.ehorses.com/pre-stallion-2years-15-2-hh-gaitedhorses-los-rosales/4719006.html,0,4.76973908743142,0,2.0,Andalusian,International
ehorses.com,"German Riding Pony, Gelding, 11 years, 14.2 hh, Chestnut-Red",Pony,Gelding,11 years,321000,"Schmalfeld, DE",https://www.ehorses.com/german-riding-pony-gelding-11years-14-2-hh-chestnut-red-dressagehorses-showjumpers-schmalfeld/4676738.html,0,5.506505032404872,0,11.0,Pony,International
ehorses.com,"Hanoverian, Mare, 2 years",Hanoverian,Mare,2 years,40125,"Den Ham, NL",https://www.ehorses.com/hanoverian-mare-2years-showjumpers-eventinghorses-den-ham/4747849.html,0,4.603415045412929,0,2.0,Hanoverian,International
ehorses.com,"Austrian Warmblood, Mare, 7 years, 16 hh, Brown",Austrian Warmblood,Mare,7 years,299600,"Pernegg, AT",https://www.ehorses.com/austrian-warmblood-mare-7years-16-hh-brown-dressagehorses-pernegg/4745348.html,0,5.476541809027429,0,7.0,Austrian Warmblood,International
ehorses.com,"Hanoverian, Mare, 5 years, 15.2 hh, Smoky-Black",Hanoverian,Mare,5 years,192600,"Vechelde, DE",https://www.ehorses.com/hanoverian-mare-5years-15-2-hh-smoky-black-dressagehorses-vechelde/4728584.html,0,5.284656282788515,0,5.0,Hanoverian,International
ehorses.com,"Andalusian, Mare, 5 years, 15.1 hh, Bay-Dark",Andalusian,Mare,5 years,80250,"Wellheim, DE",https://www.ehorses.com/andalusian-mare-5years-15-1-hh-bay-dark-leisurehorses-wellheim/4749622.html,0,4.90444504107691,0,5.0,Andalusian,International
ehorses.com,"German Sport Horse, Mare, 4 years, 17 hh, Bay-Dark",German Sport Horse,Mare,4 years,159965,"Bad Dürkheim, DE",https://www.ehorses.com/german-sport-horse-mare-4years-17-hh-bay-dark-dressagehorses-breedinghorses-eventinghorses-showjumpers-bad-duerkheim/4741184.html,0,5.2040249703456585,0,4.0,German Sport Horse,International
ehorses.com,"German Sport Horse, Mare, 2 years, Chestnut-Red",German Sport Horse,Mare,2 years,93625,"Bad Dürkheim, DE",https://www.ehorses.com/german-sport-horse-mare-2years-chestnut-red-dressagehorses-breedinghorses-eventinghorses-showjumpers-bad-duerkheim/4741150.html,0,4.971391830707523,0,2.0,German Sport Horse,International
ehorses.com,"German Sport Horse, Mare, 2 years, Brown",German Sport Horse,Mare,2 years,95123,"Bad Dürkheim, DE",https://www.ehorses.com/german-sport-horse-mare-2years-brown-showjumpers-breedinghorses-leisurehorses-dressagehorses-bad-duerkheim/4655800.html,0,4.978285538655423,0,2.0,German Sport Horse,International
ehorses.com,"Andalusian, Mare, 6 years, 15.2 hh, Brown",Andalusian,Mare,6 years,80250,"Wellheim, DE",https://www.ehorses.com/andalusian-mare-6years-15-2-hh-brown-leisurehorses-showjumpers-dressagehorses-wellheim/4749601.html,0,4.90444504107691,0,6.0,Andalusian,International
ehorses.com,"Hanoverian, Gelding, 4 years, 15.2 hh, Chestnut",Hanoverian,Gelding,4 years,160500,"Hilkenbrook, DE",https://www.ehorses.com/hanoverian-gelding-4years-15-2-hh-chestnut-dressagehorses-showjumpers-leisurehorses-hilkenbrook/4693399.html,0,5.205475036740891,0,4.0,Hanoverian,International
ehorses.com,"Hanoverian, Mare, 6 years, 16 hh, Brown",Hanoverian,Mare,6 years,160500,"Esterwegen, DE",https://www.ehorses.com/hanoverian-mare-6years-16-hh-brown-dressagehorses-showjumpers-esterwegen/4707586.html,0,5.205475036740891,0,6.0,Hanoverian,International
ehorses.com,"Haflinger, Mare, 4 years, 14.1 hh",Haflinger,Mare,4 years,94160,"Hainsfarth, DE",https://www.ehorses.com/haflinger-mare-4years-14-1-hh-dressagehorses-showhorses-showjumpers-carriagehorses-hainsfarth/4749574.html,0,4.973866449835378,0,4.0,Haflinger,International
ehorses.com,"Knabstrup, Mare, 13 years, 14.3 hh, Leopard-Piebald",Knabstrup,Mare,13 years,133750,"Mohrkirch, DE",https://www.ehorses.com/knabstrup-mare-13years-14-3-hh-leopard-piebald-breedinghorses-leisurehorses-carriagehorses-mohrkirch/4700117.html,0,5.126293790693266,0,13.0,Other_Rare,International
ehorses.com,"Knabstrup, Stallion, 4 years, 15 hh, Leopard-Piebald",Knabstrup,Stallion,4 years,80250,"Mohrkirch, DE",https://www.ehorses.com/knabstrup-stallion-4years-15-hh-leopard-piebald-breedinghorses-leisurehorses-carriagehorses-mohrkirch/4699854.html,0,4.90444504107691,0,4.0,Other_Rare,International
ehorses.com,"Knabstrup, Stallion, 4 years, 15 hh, White",Knabstrup,Stallion,4 years,85600,"Mohrkirch, DE",https://www.ehorses.com/knabstrup-stallion-4years-15-hh-white-breedinghorses-showhorses-baroquehorses-leisurehorses-mohrkirch/4699841.html,0,4.9324737646771535,0,4.0,Other_Rare,International
ehorses.com,"Knabstrup, Mare, 3 years, 15 hh, Leopard-Piebald",Knabstrup,Mare,3 years,80250,"Mohrkirch, DE",https://www.ehorses.com/knabstrup-mare-3years-15-hh-leopard-piebald-leisurehorses-baroquehorses-sire-mohrkirch/4699249.html,0,4.90444504107691,0,3.0,Other_Rare,International
ehorses.com,"Holstein, Gelding, 11 years, 16.2 hh, Brown",Holstein,Gelding,11 years,909499,"Bissendorf, DE",https://www.ehorses.com/holstein-gelding-11years-16-2-hh-brown-showjumpers-bissendorf/4723193.html,0,5.958802225890189,0,11.0,Holstein,International
ehorses.com,"Oldenburg-International (OS), Mare, 7 years, 15.2 hh, Chestnut-Red",Oldenburg-International (OS),Mare,7 years,321000,"Bissendorf, DE",https://www.ehorses.com/oldenburg-international-os-mare-7years-15-2-hh-chestnut-red-showjumpers-bissendorf/4713272.html,0,5.506505032404872,0,7.0,Oldenburg-International (OS),International
ehorses.com,"PRE Mix, Gelding, 3 years, 15.2 hh, Grey",Andalusian,Gelding,3 years,133750,"Stipsdorf, DE",https://www.ehorses.com/pre-gelding-3years-15-2-hh-grey-leisurehorses-working-equitation-horses-baroquehorses-dressagehorses-stipsdorf/4749579.html,0,5.126293790693266,0,3.0,Andalusian,International
ehorses.com,"PRE, Mare, Foal (01/2026), Black",Andalusian,Mare,Foal (01/2026),80250,"Jemeppe sur sambre, BE",https://www.ehorses.com/pre-mare-foals-black-dressagehorses-breedinghorses-jemeppe-sur-sambre/4749589.html,0,4.90444504107691,0,,Andalusian,International
ehorses.com,"Kladruby, Mare, 13 years, 16 hh, White",Kladruby,Mare,13 years,588500,"Dubai, AE",https://www.ehorses.com/kladruby-mare-13years-16-hh-white-dressagehorses-dubai/4747807.html,0,5.769746467179454,0,13.0,Other_Rare,International
ehorses.com,"Friesian horses, Stallion, 5 years, 15.3 hh, Black",Friesian,Stallion,5 years,588500,"Dubai, AE",https://www.ehorses.com/friesian-horses-stallion-5years-15-3-hh-black-dressagehorses-dubai/4747787.html,0,5.769746467179454,0,5.0,Friesian,International
ehorses.com,"KWPN, Mare, 5 years, 15.2 hh, Bay-Dark",KWPN,Mare,5 years,588500,"Dubai, AE",https://www.ehorses.com/kwpn-mare-5years-15-2-hh-bay-dark-dressagehorses-showjumpers-leisurehorses-dubai/4747820.html,0,5.769746467179454,0,5.0,KWPN,International
ehorses.com,"Belgian Sport Horse, Gelding, 5 years, 16.2 hh, Chestnut",Belgian Sport Horse,Gelding,5 years,321000,"Dubai, AE",https://www.ehorses.com/belgian-sport-horse-gelding-5years-16-2-hh-chestnut-dressagehorses-dubai/4747979.html,0,5.506505032404872,0,5.0,Other_Rare,International
ehorses.com,"Friesian horses, Mare, 9 years, 16 hh, Black",Friesian,Mare,9 years,588500,"Dubai, AE",https://www.ehorses.com/friesian-horses-mare-9years-16-hh-black-dressagehorses-dubai/4748042.html,0,5.769746467179454,0,9.0,Friesian,International
ehorses.com,"Friesian horses, Stallion, 4 years, 16 hh, Black",Friesian,Stallion,4 years,321000,"Dubai, US",https://www.ehorses.com/friesian-horses-stallion-4years-16-hh-black-dressagehorses-dubai/4748006.html,0,5.506505032404872,0,4.0,Friesian,International
ehorses.com,"Friesian horses, Stallion, 4 years, 16 hh, Black",Friesian,Stallion,4 years,588500,"Dubai, US",https://www.ehorses.com/friesian-horses-stallion-4years-16-hh-black-dressagehorses-dubai/4747996.html,0,5.769746467179454,0,4.0,Friesian,International
ehorses.com,"Other Warmbloods, Mare, 5 years, 16.1 hh, Brown",Other Warmbloods,Mare,5 years,80250,"Wellheim, DE",https://www.ehorses.com/other-warmbloods-mare-5years-16-1-hh-brown-leisurehorses-showjumpers-dressagehorses-wellheim/4749569.html,0,4.90444504107691,0,5.0,Other Warmbloods,International
ehorses.com,"Other Breeds Mix, Stallion, 8 years, 15,1 hh, Overo-all-colors",Other Breeds Mix,Stallion,8 years,133750,"Gijon, ES",https://www.ehorses.com/other-breeds-stallion-8years-151-hh-overo-all-colors-dressagehorses-leisurehorses-gijon/4031048.html,0,5.126293790693266,0,8.0,Other_Rare,International
ehorses.com,"Straight Egyptian, Mare, 11 years, 15,1 hh, Brown",Straight Egyptian,Mare,11 years,105930,"BlankenhainNiedersynderstedt, DE",https://www.ehorses.com/straight-egyptian-mare-11years-151-hh-brown-breedinghorses-leisurehorses-sire-blankenhainniedersynderstedt/4723386.html,0,5.025018972282759,0,11.0,Straight Egyptian,International
ehorses.com,"Oldenburg-International (OS), Mare, 6 years, 17,2 hh, Bay",Oldenburg-International (OS),Mare,6 years,187250,"Zduchovice, CZ",https://www.ehorses.com/oldenburg-international-os-mare-6years-172-hh-bay-showjumpers-dressagehorses-zduchovice/4355683.html,0,5.272421826371504,0,6.0,Oldenburg-International (OS),International
ehorses.com,"Lusitano, Stallion, 2 years, 15,2 hh, Buckskin",Lusitano,Stallion,2 years,155150,"Herborn, DE",https://www.ehorses.com/lusitano-stallion-2years-152-hh-buckskin-showhorses-working-equitation-horses-breedinghorses-dressagehorses-herborn/4684749.html,0,5.190751779920184,0,2.0,Lusitano,International
ehorses.com,"KWPN, Mare, 15 years, 16 hh, Black",KWPN,Mare,15 years,192600,"Ense, DE",https://www.ehorses.com/kwpn-mare-15years-16-hh-black-dressagehorses-ense/4711618.html,0,5.284656282788515,0,15.0,KWPN,International
ehorses.com,"Azteca, Mare, 1 year, 15,3 hh, Buckskin",Azteca,Mare,1 year,84530,"Rödinghausen, DE",https://www.ehorses.com/azteca-mare-1year-153-hh-buckskin-working-equitation-horses-doma-vaquera-ranch-riding-horses-baroquehorses-roedinghausen/4720181.html,0,4.927010868975651,0,,Other_Rare,International
ehorses.com,"PRE, Stallion, 1 year, 16 hh, Grey",Andalusian,Stallion,1 year,80250,"Rerik OT Russow, DE",https://www.ehorses.com/pre-stallion-1year-16-hh-grey-working-equitation-horses-baroquehorses-westernhorses-dressagehorses-rerik-ot-russow/4608976.html,0,4.90444504107691,0,,Andalusian,International
ehorses.com,"German Riding Pony, Gelding, 4 years, 14,1 hh",Pony,Gelding,4 years,107000,"Hainsfarth, DE",https://www.ehorses.com/german-riding-pony-gelding-4years-141-hh-dressagehorses-showjumpers-hainsfarth/4749552.html,0,5.02938377768521,0,4.0,Pony,International
ehorses.com,"PRE, Mare, 6 years, 15,2 hh, Black",Andalusian,Mare,6 years,95230,"Traventhal, DE",https://www.ehorses.com/pre-mare-6years-152-hh-black-baroquehorses-showhorses-leisurehorses-dressagehorses-traventhal/4671320.html,0,4.978773784330122,0,6.0,Andalusian,International
ehorses.com,"PRE Mix, Gelding, 5 years, 16,2 hh, Dun",Andalusian,Gelding,5 years,187250,"Traventhal, DE",https://www.ehorses.com/pre-gelding-5years-162-hh-dun-leisurehorses-working-equitation-horses-baroquehorses-dressagehorses-traventhal/4721652.html,0,5.272421826371504,0,5.0,Andalusian,International
ehorses.com,"German Riding Pony, Stallion, 4 years, Bay-Dark",Pony,Stallion,4 years,133750,"Hamm, DE",https://www.ehorses.com/german-riding-pony-stallion-4years-bay-dark-dressagehorses-eventinghorses-showjumpers-leisurehorses-hamm/4749554.html,0,5.126293790693266,0,4.0,Pony,International
ehorses.com,"PRE Mix, Gelding, 4 years, 15,1 hh, Dun",Andalusian,Gelding,4 years,187250,"Traventhal, DE",https://www.ehorses.com/pre-gelding-4years-151-hh-dun-leisurehorses-working-equitation-horses-baroquehorses-dressagehorses-traventhal/4730270.html,0,5.272421826371504,0,4.0,Andalusian,International
ehorses.com,"PRE Mix, Gelding, 4 years, 16 hh, Black",Andalusian,Gelding,4 years,187250,"Traventhal, DE",https://www.ehorses.com/pre-gelding-4years-16-hh-black-leisurehorses-working-equitation-horses-baroquehorses-dressagehorses-traventhal/4721662.html,0,5.272421826371504,0,4.0,Andalusian,International
ehorses.com,"PRE, Stallion, 5 years, 16,1 hh, Dun",Andalusian,Stallion,5 years,321000,"Traventhal, DE",https://www.ehorses.com/pre-stallion-5years-161-hh-dun-leisurehorses-baroquehorses-sire-dressagehorses-traventhal/4721642.html,0,5.506505032404872,0,5.0,Andalusian,International
ehorses.com,"PRE, Gelding, 5 years, 15,2 hh, Grey",Andalusian,Gelding,5 years,133750,"Traventhal, DE",https://www.ehorses.com/pre-gelding-5years-152-hh-grey-leisurehorses-working-equitation-horses-baroquehorses-dressagehorses-traventhal/4745091.html,0,5.126293790693266,0,5.0,Andalusian,International
ehorses.com,"PRE Mix, Gelding, 13 years, 15,2 hh, Grey",Andalusian,Gelding,13 years,133750,"Stipsdorf, DE",https://www.ehorses.com/pre-gelding-13years-152-hh-grey-baroquehorses-working-equitation-horses-showhorses-leisurehorses-stipsdorf/4749541.html,0,5.126293790693266,0,13.0,Andalusian,International
ehorses.com,"KWPN, Mare, 5 years, 16,2 hh, Brown",KWPN,Mare,5 years,203300,"Gard, FR",https://www.ehorses.com/kwpn-mare-5years-162-hh-brown-dressagehorses-gard/4749529.html,0,5.308137378638039,0,5.0,KWPN,International
ehorses.com,"Oldenburg, Mare, 5 years, 16,2 hh, Brown",Oldenburg,Mare,5 years,187250,"Radeberg, DE",https://www.ehorses.com/oldenburg-mare-5years-162-hh-brown-dressagehorses-showjumpers-radeberg/4599977.html,0,5.272421826371504,0,5.0,Oldenburg,International
ehorses.com,"KWPN, Gelding, 9 years, 17,3 hh, Brown",KWPN,Gelding,9 years,80250,"Meckenheim, DE",https://www.ehorses.com/kwpn-gelding-9years-173-hh-brown-dressagehorses-meckenheim/4717119.html,0,4.90444504107691,0,9.0,KWPN,International
ehorses.com,"German Sport Horse, Gelding, 7 years, 16,1 hh, Black",German Sport Horse,Gelding,7 years,272850,"Budapest, HU",https://www.ehorses.com/german-sport-horse-gelding-7years-161-hh-black-dressagehorses-leisurehorses-budapest/4739351.html,0,5.435923958119165,0,7.0,German Sport Horse,International
ehorses.com,"German Sport Horse, Gelding, 5 years, 16,1 hh, Brown",German Sport Horse,Gelding,5 years,267500,"Budapest, HU",https://www.ehorses.com/german-sport-horse-gelding-5years-161-hh-brown-showhunter-showjumpers-budapest/4739328.html,0,5.427323786357247,0,5.0,German Sport Horse,International
ehorses.com,"Lipizzaner, Gelding, 11 years, 15,2 hh, Roan-Blue",Lipizzaner,Gelding,11 years,56709,"Móricgát, HU",https://www.ehorses.com/lipizzaner-gelding-11years-152-hh-roan-blue-leisurehorses-baroquehorses-carriagehorses-dressagehorses-moricgat/4713615.html,0,4.753651989054451,0,11.0,Other_Rare,International
ehorses.com,"Hanoverian, Gelding, 14 years, 16,2 hh, Black",Hanoverian,Gelding,14 years,64199,"PERATALLADA, ES",https://www.ehorses.com/hanoverian-gelding-14years-162-hh-black-leisurehorses-english-pleasure-showjumpers-peratallada/4646083.html,0,4.807528263304612,0,14.0,Hanoverian,International
ehorses.com,"American Paint Horse, Mare, 1 year, Pinto",American Paint Horse,Mare,1 year,48150,"Boccaleone, IT",https://www.ehorses.com/american-paint-horse-mare-1year-pinto-breedinghorses-boccaleone/4749517.html,0,4.682596291460554,0,,American Paint Horse,International
ehorses.com,"KWPN, Mare, 4 years, 16,1 hh, Black",KWPN,Mare,4 years,240749,"Groot-Ammers, NL",https://www.ehorses.com/kwpn-mare-4years-161-hh-black-dressagehorses-groot-ammers/4726957.html,0,5.381564491869744,0,4.0,KWPN,International
ehorses.com,"Lusitano, Stallion, 2 years, 15,1 hh, Dun",Lusitano,Stallion,2 years,80250,"Las Piñas, ES",https://www.ehorses.com/lusitano-stallion-2years-151-hh-dun-dressagehorses-working-equitation-horses-las-pinas/4576811.html,0,4.90444504107691,0,2.0,Lusitano,International
ehorses.com,"American Quarter Horse, Gelding, 6 years, 15 hh, Roan-Bay",Quarter Horse,Gelding,6 years,35350,"Mountain Grove MO, US",https://www.ehorses.com/american-quarter-horse-gelding-6years-15-hh-roan-bay-trailhorses-ranch-riding-horses-mountain-grove-mo/4247963.html,0,4.548389418132918,0,6.0,Quarter Horse,International
ehorses.com,"Danish Warmblood, Gelding, 11 years, 16,2 hh, Brown",Danish Warmblood,Gelding,11 years,187250,"Süderlügum, DE",https://www.ehorses.com/danish-warmblood-gelding-11years-162-hh-brown-dressagehorses-suederluegum/4707447.html,0,5.272421826371504,0,11.0,Danish Warmblood,International
ehorses.com,"Haflinger, Gelding, 11 years, 13 hh, Chestnut",Haflinger,Gelding,11 years,35350,"Canyon TX, US",https://www.ehorses.com/haflinger-gelding-11years-13-hh-chestnut-trailhorses-ranch-riding-horses-canyon-tx/4592696.html,0,4.548389418132918,0,11.0,Haflinger,International
ehorses.com,"Westphalian, Gelding, 5 years, 16 hh, Sorrel",Westphalian,Gelding,5 years,155150,"Gummersbach, DE",https://www.ehorses.com/westphalian-gelding-5years-16-hh-sorrel-showjumpers-eventinghorses-leisurehorses-dressagehorses-gummersbach/4662797.html,0,5.190751779920184,0,5.0,Westphalian,International
ehorses.com,"German Riding Pony, Mare, 3 years, 14,1 hh, Chestnut-Red",Pony,Mare,3 years,160500,"Lünen, DE",https://www.ehorses.com/german-riding-pony-mare-3years-141-hh-chestnut-red-dressagehorses-breedinghorses-showjumpers-leisurehorses-luenen/4722193.html,0,5.205475036740891,0,3.0,Pony,International
ehorses.com,"Trakehner, Gelding, 8 years, 16 hh, Black",Trakehner,Gelding,8 years,321000,"Region Brno, DE",https://www.ehorses.com/trakehner-gelding-8years-16-hh-black-showjumpers-region-brno/4676419.html,0,5.506505032404872,0,8.0,Trakehner,International
ehorses.com,"Mecklenburg Warmblood, Mare, 10 years, 16,1 hh, Chestnut-Red",Mecklenburg Warmblood,Mare,10 years,588500,"Kamen, DE",https://www.ehorses.com/mecklenburg-warmblood-mare-10years-161-hh-chestnut-red-dressagehorses-breedinghorses-showjumpers-kamen/4739468.html,0,5.769746467179454,0,10.0,Mecklenburg Warmblood,International
ehorses.com,"PRE, Stallion, 3 years, 16 hh, Perlino",Andalusian,Stallion,3 years,133750,"Alcoi/Alcoy, ES",https://www.ehorses.com/pre-stallion-3years-16-hh-perlino-showhorses-working-equitation-horses-breedinghorses-alcoialcoy/4497033.html,0,5.126293790693266,0,3.0,Andalusian,International
ehorses.com,"Lusitano Mix, Mare, 5 years, 16 hh, Palomino",Lusitano,Mare,5 years,133750,"Alcoi/Alcoy, ES",https://www.ehorses.com/lusitano-mare-5years-16-hh-palomino-working-equitation-horses-showhorses-endurancehorses-leisurehorses-alcoialcoy/4572772.html,0,5.126293790693266,0,5.0,Lusitano,International
ehorses.com,"German Riding Pony, Mare, 5 years, 14,2 hh, Buckskin",Pony,Mare,5 years,235399,"Wehringen, DE",https://www.ehorses.com/german-riding-pony-mare-5years-142-hh-buckskin-dressagehorses-breedinghorses-showjumpers-wehringen/4749432.html,0,5.371804613582164,0,5.0,Pony,International
ehorses.com,"Oldenburg-International (OS), Mare, 4 years, 16,2 hh, Grey",Oldenburg-International (OS),Mare,4 years,96300,"Zülpich, DE",https://www.ehorses.com/oldenburg-international-os-mare-4years-162-hh-grey-showjumpers-breedinghorses-zuelpich/4614712.html,0,4.983626287124535,0,4.0,Oldenburg-International (OS),International
ehorses.com,"Zangersheider, Stallion, 3 years, 16,1 hh, Chestnut-Red",Zangersheider,Stallion,3 years,321000,"Gersten, DE",https://www.ehorses.com/zangersheider-stallion-3years-161-hh-chestnut-red-showjumpers-showhunter-gersten/4749416.html,0,5.506505032404872,0,3.0,Zangersheider,International
ehorses.com,"German Riding Pony, Stallion, 1 year, Dun",Pony,Stallion,1 year,42800,"Aitrang, DE",https://www.ehorses.com/german-riding-pony-stallion-1year-dun-dressagehorses-eventinghorses-showjumpers-leisurehorses-aitrang/4489444.html,0,4.631443769013172,0,,Pony,International
ehorses.com,"Hungarian Sport Horse, Gelding, 5 years, 17,1 hh, Grey",Hungarian Sport Horse,Gelding,5 years,213893,"Szatymaz, HU",https://www.ehorses.com/hungarian-sport-horse-gelding-5years-171-hh-grey-showjumpers-szatymaz/4711930.html,0,5.330196571803326,0,5.0,Hungarian Sport Horse,International
ehorses.com,"Oldenburg-International (OS), Gelding, 12 years, 17,3 hh, Chestnut-Red",Oldenburg-International (OS),Gelding,12 years,1498000,"Leoncin, PL",https://www.ehorses.com/oldenburg-international-os-gelding-12years-173-hh-chestnut-red-showjumpers-leoncin/4624207.html,0,6.175511813363448,0,12.0,Oldenburg-International (OS),International
ehorses.com,"Gypsy Horse, Mare, 3 years, 15,1 hh, Pinto",Gypsy Horse,Mare,3 years,55639,"Nettersheim, DE",https://www.ehorses.com/gypsy-horse-mare-3years-151-hh-pinto-leisurehorses-nettersheim/4749405.html,0,4.745379315813454,0,3.0,Other_Rare,International
ehorses.com,"Hanoverian, Gelding, 8 years, 16,2 hh, Grey",Hanoverian,Gelding,8 years,856000,"Secymin Polski, PL",https://www.ehorses.com/hanoverian-gelding-8years-162-hh-grey-showjumpers-secymin-polski/4740081.html,0,5.9324737646771535,0,8.0,Hanoverian,International
ehorses.com,"Polish sport horse, Mare, 6 years, 16,1 hh, Brown",Polish sport horse,Mare,6 years,235399,"Leoncin, PL",https://www.ehorses.com/polish-sport-horse-mare-6years-161-hh-brown-showjumpers-leoncin/4623137.html,0,5.371804613582164,0,6.0,Other_Rare,International
ehorses.com,"Oldenburg-International (OS), Stallion, 4 years, 16,1 hh, Black",Oldenburg-International (OS),Stallion,4 years,52965,"Zieuwent, NL",https://www.ehorses.com/oldenburg-international-os-stallion-4years-161-hh-black-showjumpers-eventinghorses-sire-zieuwent/4749404.html,0,4.723988976618778,0,4.0,Oldenburg-International (OS),International
ehorses.com,"Westphalian, Gelding, 11 years, 16 hh, Bay-Dark",Westphalian,Gelding,11 years,116629,"Overath, DE",https://www.ehorses.com/westphalian-gelding-11years-16-hh-bay-dark-showjumpers-leisurehorses-dressagehorses-overath/4707469.html,0,5.066806551915435,0,11.0,Westphalian,International
ehorses.com,"PRE Mix, Gelding, 6 years, 16,2 hh, Grey",Andalusian,Gelding,6 years,133750,"Barcelona, ES",https://www.ehorses.com/pre-gelding-6years-162-hh-grey-dressagehorses-leisurehorses-barcelona/4749387.html,0,5.126293790693266,0,6.0,Andalusian,International
ehorses.com,"PRE Mix, Mare, 7 years, 15,2 hh, Bay",Andalusian,Mare,7 years,80250,"Alicante/Alacant, ES",https://www.ehorses.com/pre-mare-7years-152-hh-bay-dressagehorses-leisurehorses-alicantealacant/4749381.html,0,4.90444504107691,0,7.0,Andalusian,International
ehorses.com,"Murgese, Stallion, 3 years, 16 hh, Black",Murgese,Stallion,3 years,89880,"Martina Franca, IT",https://www.ehorses.com/murgese-stallion-3years-16-hh-black-baroquehorses-working-equitation-horses-leisurehorses-carriagehorses-martina-franca/4634603.html,0,4.953663063747091,0,3.0,Other_Rare,International
ehorses.com,"PRE Mix, Stallion, 4 years, 15,1 hh, Chestnut-Red",Andalusian,Stallion,4 years,80250,"Rafelguaraf, ES",https://www.ehorses.com/pre-stallion-4years-151-hh-chestnut-red-baroquehorses-working-equitation-horses-leisurehorses-dressagehorses-rafelguaraf/3600069.html,0,4.90444504107691,0,4.0,Andalusian,International
ehorses.com,"American Quarter Horse, Gelding, 8 years, 15,1 hh, Grey-Dapple",Quarter Horse,Gelding,8 years,35350,"Pleasant Grove CA, US",https://www.ehorses.com/american-quarter-horse-gelding-8years-151-hh-grey-dapple-trailhorses-ranch-riding-horses-pleasant-grove-ca/4090843.html,0,4.548389418132918,0,8.0,Quarter Horse,International
ehorses.com,"Akhal-Teke, Stallion, 4 years, 15,2 hh, Black",Akhal-Teke,Stallion,4 years,588500,"Malaga, ES",https://www.ehorses.com/akhal-teke-stallion-4years-152-hh-black-dressagehorses-endurancehorses-eventinghorses-showjumpers-malaga/4649365.html,0,5.769746467179454,0,4.0,Other_Rare,International
ehorses.com,"Andalusian, Stallion, 7 years, 15,2 hh, Perlino",Andalusian,Stallion,7 years,267500,"Ermelo, NL",https://www.ehorses.com/andalusian-stallion-7years-152-hh-perlino-dressagehorses-working-equitation-horses-baroquehorses-leisurehorses-ermelo/4737246.html,0,5.427323786357247,0,7.0,Andalusian,International
ehorses.com,"Belgian Warmblood, Mare, 12 years, 16,2 hh, Brown-Light",Belgian Warmblood,Mare,12 years,588500,"AREZZO, IT",https://www.ehorses.com/belgian-warmblood-mare-12years-162-hh-brown-light-showjumpers-arezzo/4672239.html,0,5.769746467179454,0,12.0,Belgian Warmblood,International
ehorses.com,"PRE Mix, Stallion, 4 years, 17,1 hh, Grey",Andalusian,Stallion,4 years,321000,"Sevilla, ES",https://www.ehorses.com/pre-stallion-4years-171-hh-grey-dressagehorses-leisurehorses-sevilla/4749370.html,0,5.506505032404872,0,4.0,Andalusian,International
ehorses.com,"Bavarian Warmblood, Mare, 16 years, 16 hh, Chestnut-Red",Bavarian Warmblood,Mare,16 years,42800,"Zell an der Pram, AT",https://www.ehorses.com/bavarian-warmblood-mare-16years-16-hh-chestnut-red-breedinghorses-leisurehorses-zell-an-der-pram/4738541.html,0,4.631443769013172,0,16.0,Other_Rare,International
ehorses.com,"Westphalian, Gelding, 7 years, 16,2 hh, Brown",Westphalian,Gelding,7 years,315650,"Dornburg, DE",https://www.ehorses.com/westphalian-gelding-7years-162-hh-brown-showjumpers-eventinghorses-showhunter-dressagehorses-dornburg/4553365.html,0,5.499205793663372,0,7.0,Westphalian,International
ehorses.com,"Other Warmbloods, Mare, 9 years, 16,3 hh, Chestnut-Red",Other Warmbloods,Mare,9 years,69550,"Dornburg, DE",https://www.ehorses.com/other-warmbloods-mare-9years-163-hh-chestnut-red-breedinghorses-dornburg/4646839.html,0,4.842297134328065,0,9.0,Other Warmbloods,International
ehorses.com,"Haflinger, Gelding, 13 years, 14,2 hh, Chestnut-Red",Haflinger,Gelding,13 years,26750,"RiedersdorfPabneukirchen, AT",https://www.ehorses.com/haflinger-gelding-13years-142-hh-chestnut-red-leisurehorses-dressagehorses-riedersdorfpabneukirchen/4745862.html,0,4.427323786357247,0,13.0,Haflinger,International
ehorses.com,"Haflinger, Gelding, 13 years, 14,2 hh, Chestnut-Red",Haflinger,Gelding,13 years,26750,"Pabneukirchen, AT",https://www.ehorses.com/haflinger-gelding-13years-142-hh-chestnut-red-leisurehorses-dressagehorses-pabneukirchen/4747605.html,0,4.427323786357247,0,13.0,Haflinger,International
ehorses.com,"Selle Français, Gelding, 6 years, 15,2 hh, Brown",Selle Français,Gelding,6 years,26750,"Uzeste, FR",https://www.ehorses.com/selle-francais-gelding-6years-152-hh-brown-showjumpers-uzeste/4748428.html,0,4.427323786357247,0,6.0,Other_Rare,International
ehorses.com,"American Quarter Horse, Gelding, 3 years, 15,1 hh, Palomino",Quarter Horse,Gelding,3 years,133750,"Wasserburg am Inn, DE",https://www.ehorses.com/american-quarter-horse-gelding-3years-151-hh-palomino-westernhorses-leisurehorses-wasserburg-am-inn/4749142.html,0,5.126293790693266,0,3.0,Quarter Horse,International
ehorses.com,"Haflinger, Stallion, 2 years, 14,2 hh",Haflinger,Stallion,2 years,32099,"Suhlendorf, DE",https://www.ehorses.com/haflinger-stallion-2years-142-hh-dressagehorses-showjumpers-carriagehorses-suhlendorf/4021169.html,0,4.506491502771016,0,2.0,Haflinger,International
ehorses.com,"Holstein, Mare, 7 years, 16 hh, Brown",Holstein,Mare,7 years,230049,"Lörrach, DE",https://www.ehorses.com/holstein-mare-7years-16-hh-brown-showjumpers-eventinghorses-leisurehorses-dressagehorses-loerrach/4453451.html,0,5.361820349770231,0,7.0,Holstein,International
ehorses.com,"German Sport Horse, Mare, 7 years, 16,2 hh, Brown",German Sport Horse,Mare,7 years,160393,"Leipzig, DE",https://www.ehorses.com/german-sport-horse-mare-7years-162-hh-brown-showjumpers-leipzig/4691852.html,0,5.205185410533489,0,7.0,German Sport Horse,International
ehorses.com,"Hucul, Gelding, 4 years, 13,2 hh, Brown",Hucul,Gelding,4 years,40125,"Mertendorf, DE",https://www.ehorses.com/hucul-gelding-4years-132-hh-brown-dressagehorses-leisurehorses-carriagehorses-mertendorf/4749327.html,0,4.603415045412929,0,4.0,Other_Rare,International
ehorses.com,"Missouri Foxtrotter, Mare, 17 years, 14,2 hh, Black",Missouri Foxtrotter,Mare,17 years,58849,"Zehdenick, DE",https://www.ehorses.com/missouri-foxtrotter-mare-17years-142-hh-black-leisurehorses-dressagehorses-zehdenick/4749325.html,0,4.76973908743142,0,17.0,Other_Rare,International
ehorses.com,"American Quarter Horse, Stallion, 1 year, 14,2 hh",Quarter Horse,Stallion,1 year,85600,"Liebenau, DE",https://www.ehorses.com/american-quarter-horse-stallion-1year-142-hh-westernhorses-showhorses-leisurehorses-liebenau/4749311.html,0,4.9324737646771535,0,,Quarter Horse,International
ehorses.com,"American Paint Horse, Stallion, 1 year, 14,1 hh, Buckskin",American Paint Horse,Stallion,1 year,85600,"Liebenau, DE",https://www.ehorses.com/american-paint-horse-stallion-1year-141-hh-buckskin-westernhorses-showhorses-leisurehorses-liebenau/4749308.html,0,4.9324737646771535,0,,American Paint Horse,International
ehorses.com,"German Sport Horse, Gelding, 5 years, 16,1 hh, Chestnut",German Sport Horse,Gelding,5 years,513599,"Rochau, DE",https://www.ehorses.com/german-sport-horse-gelding-5years-161-hh-chestnut-dressagehorses-leisurehorses-rochau/4749301.html,0,5.710624169471029,0,5.0,German Sport Horse,International
ehorses.com,"Hanoverian, Mare, 6 years, 16,1 hh, Bay-Dark",Hanoverian,Mare,6 years,267500,"Isernhagen, DE",https://www.ehorses.com/hanoverian-mare-6years-161-hh-bay-dark-dressagehorses-breedinghorses-leisurehorses-isernhagen/4707121.html,0,5.427323786357247,0,6.0,Hanoverian,International
ehorses.com,"American Paint Horse, Mare, 4 years, 14,2 hh, Tobiano-all-colors",American Paint Horse,Mare,4 years,74889,"betteldorf, DE",https://www.ehorses.com/american-paint-horse-mare-4years-142-hh-tobiano-all-colors-westernhorses-betteldorf/3218180.html,0,4.8744180314493475,0,4.0,American Paint Horse,International
ehorses.com,"American Quarter Horse, Mare, 10 years, 15 hh, Brown",Quarter Horse,Mare,10 years,160500,"München, DE",https://www.ehorses.com/american-quarter-horse-mare-10years-15-hh-brown-leisurehorses-reininghorses-westernhorses-muenchen/4644889.html,0,5.205475036740891,0,10.0,Quarter Horse,International
ehorses.com,"Wuerttemberg, Mare, 8 years, 16,1 hh, Chestnut-Red",Wuerttemberg,Mare,8 years,53500,"Heistenbach, DE",https://www.ehorses.com/wuerttemberg-mare-8years-161-hh-chestnut-red-breedinghorses-dressagehorses-heistenbach/4695169.html,0,4.7283537820212285,0,8.0,Wuerttemberg,International
ehorses.com,"Shire Horse, Gelding, 5 years, 16 hh, Can be white",Shire Horse,Gelding,5 years,116629,"Ried im Innkreis, AT",https://www.ehorses.com/shire-horse-gelding-5years-16-hh-can-be-white-leisurehorses-ried-im-innkreis/4435510.html,0,5.066806551915435,0,5.0,Other_Rare,International
ehorses.com,"American Quarter Horse, Gelding, 9 years, 14,1 hh, Palomino",Quarter Horse,Gelding,9 years,35339,"Galax, VA, US",https://www.ehorses.com/american-quarter-horse-gelding-9years-141-hh-palomino-trailhorses-ranch-riding-horses-galax-va/4601483.html,0,4.548254255962298,0,9.0,Quarter Horse,International
ehorses.com,"Andalusian, Gelding, 11 years, 16,1 hh, Grey-Dapple",Andalusian,Gelding,11 years,35350,"Ocala FL, US",https://www.ehorses.com/andalusian-gelding-11years-161-hh-grey-dapple-trailhorses-ranch-riding-horses-ocala-fl/4103068.html,0,4.548389418132918,0,11.0,Andalusian,International
ehorses.com,"Hanoverian, Mare, 4 years, 16 hh, Chestnut-Red",Hanoverian,Mare,4 years,90950,"Surwold, DE",https://www.ehorses.com/hanoverian-mare-4years-16-hh-chestnut-red-dressagehorses-eventinghorses-showjumpers-leisurehorses-surwold/4690813.html,0,4.958802703399503,0,4.0,Hanoverian,International
ehorses.com,"Andalusian, Stallion, 5 years, 16,1 hh, Brown",Andalusian,Stallion,5 years,144450,"Ermelo, NL",https://www.ehorses.com/andalusian-stallion-5years-161-hh-brown-dressagehorses-working-equitation-horses-eventinghorses-leisurehorses-ermelo/4747555.html,0,5.159717546180215,0,5.0,Andalusian,International
ehorses.com,"Andalusian, Stallion, 5 years, 16,2 hh, White",Andalusian,Stallion,5 years,165850,"Ermelo, NL",https://www.ehorses.com/andalusian-stallion-5years-162-hh-white-dressagehorses-working-equitation-horses-baroquehorses-leisurehorses-ermelo/4746581.html,0,5.2197154758555016,0,5.0,Andalusian,International
ehorses.com,"Andalusian, Stallion, 4 years, 15,2 hh, Grey-Dapple",Andalusian,Stallion,4 years,160500,"Ermelo, NL",https://www.ehorses.com/andalusian-stallion-4years-152-hh-grey-dapple-dressagehorses-working-equitation-horses-baroquehorses-leisurehorses-ermelo/4739548.html,0,5.205475036740891,0,4.0,Andalusian,International
ehorses.com,"Classic Pony, Gelding, 5 years, 12 hh, Grey",Pony,Gelding,5 years,107000,"Xabia/Javea, ES",https://www.ehorses.com/classic-pony-gelding-5years-12-hh-grey-dressagehorses-showjumpers-xabiajavea/4699708.html,0,5.02938377768521,0,5.0,Pony,International
ehorses.com,"Hanoverian, Stallion, 7 years, 17 hh, Brown",Hanoverian,Stallion,7 years,321000,"El Catllar, DE",https://www.ehorses.com/hanoverian-stallion-7years-17-hh-brown-dressagehorses-showjumpers-el-catllar/4749243.html,0,5.506505032404872,0,7.0,Hanoverian,International
ehorses.com,"Polish Coldblood, Gelding, 3 years, 15.2 hh, Brown",Polish Coldblood,Gelding,3 years,44940,"Someren, NL",https://www.ehorses.com/polish-coldblood-gelding-3years-15-2-hh-brown-carriagehorses-leisurehorses-someren/4748959.html,0,4.6526330680831105,0,3.0,Other_Rare,International
ehorses.com,"Austrian Warmblood, Stallion, 2 years, Can be white",Austrian Warmblood,Stallion,2 years,55639,"Selzthal, AT",https://www.ehorses.com/austrian-warmblood-stallion-2years-can-be-white-showjumpers-selzthal/4749223.html,0,4.745379315813454,0,2.0,Austrian Warmblood,International
ehorses.com,"KWPN, Gelding, 6 years, 16.1 hh, Black",KWPN,Gelding,6 years,160500,"Weil am Rhein, DE",https://www.ehorses.com/kwpn-gelding-6years-16-1-hh-black-leisurehorses-dressagehorses-weil-am-rhein/4545896.html,0,5.205475036740891,0,6.0,KWPN,International
ehorses.com,"Oldenburg, Gelding, 4 years, 16.1 hh, Smoky-Black",Oldenburg,Gelding,4 years,83460,"Mügeln, DE",https://www.ehorses.com/oldenburg-gelding-4years-16-1-hh-smoky-black-dressagehorses-eventinghorses-leisurehorses-muegeln/4663511.html,0,4.92147838037569,0,4.0,Oldenburg,International
ehorses.com,"Hanoverian, Mare, 2 years, Bay-Dark",Hanoverian,Mare,2 years,69550,"Selzthal, AT",https://www.ehorses.com/hanoverian-mare-2years-bay-dark-dressagehorses-selzthal/4749224.html,0,4.842297134328065,0,2.0,Hanoverian,International
ehorses.com,"Shetland Ponies, Gelding, 15 years",Shetland Ponies,Gelding,15 years,8024,"Selzthal, AT",https://www.ehorses.com/shetland-ponies-gelding-15years-leisurehorses-selzthal/4735349.html,0,3.9043909200123617,0,15.0,Shetland Ponies,International
ehorses.com,"Danish Warmblood, Gelding, 6 years, 16.2 hh, Brown",Danish Warmblood,Gelding,6 years,588500,"Nieuw-Vennep, NL",https://www.ehorses.com/danish-warmblood-gelding-6years-16-2-hh-brown-dressagehorses-nieuw-vennep/4744619.html,0,5.769746467179454,0,6.0,Danish Warmblood,International
ehorses.com,"Thoroughbred, Mare, 4 years, 16.2 hh, Brown",Thoroughbred,Mare,4 years,80250,"Renswoude, NL",https://www.ehorses.com/thoroughbred-mare-4years-16-2-hh-brown-showjumpers-hunter-eventinghorses-leisurehorses-renswoude/4742378.html,0,4.90444504107691,0,4.0,Thoroughbred,International
ehorses.com,"KWPN, Mare, 12 years, 16.3 hh, Smoky-Black",KWPN,Mare,12 years,321000,"Dordrecht, NL",https://www.ehorses.com/kwpn-mare-12years-16-3-hh-smoky-black-dressagehorses-dordrecht/4607662.html,0,5.506505032404872,0,12.0,KWPN,International
ehorses.com,"Zangersheider, Mare, 6 years, 15,1 hh, Palomino",Zangersheider,Mare,6 years,80250,"Beaumont-Pied-de-Buf, FR",https://www.ehorses.com/zangersheider-mare-6years-151-hh-palomino-breedinghorses-beaumont-pied-de-buf/4679627.html,0,4.90444504107691,0,6.0,Zangersheider,International
ehorses.com,"Latvian Warmblood Mix, Mare, 5 years, 15 hh, Bay",Latvian Warmblood Mix,Mare,5 years,80250,"Ogre, LV",https://www.ehorses.com/latvian-warmblood-mare-5years-15-hh-bay-dressagehorses-showjumpers-ogre/4716941.html,0,4.90444504107691,0,5.0,Other_Rare,International
ehorses.com,"American Paint Horse, Gelding, 8 years, 14 hh, Overo-all-colors",American Paint Horse,Gelding,8 years,35350,"Weatherford TX, US",https://www.ehorses.com/american-paint-horse-gelding-8years-14-hh-overo-all-colors-trailhorses-ranch-riding-horses-weatherford-tx/4582150.html,0,4.548389418132918,0,8.0,American Paint Horse,International
ehorses.com,"Hungarian Sport Horse, Gelding, 7 years, 16 hh, Buckskin",Hungarian Sport Horse,Gelding,7 years,133750,"Marcali, HU",https://www.ehorses.com/hungarian-sport-horse-gelding-7years-16-hh-buckskin-showjumpers-leisurehorses-marcali/2907732.html,0,5.126293790693266,0,7.0,Hungarian Sport Horse,International
ehorses.com,"German Riding Pony, Gelding, 5 years, 14 hh, Grey",Pony,Gelding,5 years,160500,"Buchen (Odenwald), DE",https://www.ehorses.com/german-riding-pony-gelding-5years-14-hh-grey-showjumpers-showhunter-dressagehorses-buchen-odenwald/4689527.html,0,5.205475036740891,0,5.0,Pony,International
ehorses.com,"American Quarter Horse, Gelding, 8 years, 14,3 hh, Roan-Bay",Quarter Horse,Gelding,8 years,35350,"Cleburne TX, US",https://www.ehorses.com/american-quarter-horse-gelding-8years-143-hh-roan-bay-trailhorses-ranch-riding-horses-cleburne-tx/4248027.html,0,4.548389418132918,0,8.0,Quarter Horse,International
ehorses.com,"Oldenburg, Mare, 5 years, 17 hh, Grey",Oldenburg,Mare,5 years,321000,"Sankt Wolfgang, DE",https://www.ehorses.com/oldenburg-mare-5years-17-hh-grey-dressagehorses-showjumpers-sankt-wolfgang/4067018.html,0,5.506505032404872,0,5.0,Oldenburg,International
ehorses.com,"PRE Mix, Stallion, 5 years, 16,1 hh, Bay-Dark",Andalusian,Stallion,5 years,267500,"Martfeld, DE",https://www.ehorses.com/pre-stallion-5years-161-hh-bay-dark-dressagehorses-showhorses-baroquehorses-leisurehorses-martfeld/4709558.html,0,5.427323786357247,0,5.0,Andalusian,International
ehorses.com,"Andalusian, Stallion, 3 years, Palomino",Andalusian,Stallion,3 years,37450,"Chiclana, ES",https://www.ehorses.com/andalusian-stallion-3years-palomino-leisurehorses-chiclana/4732465.html,0,4.573451822035485,0,3.0,Andalusian,International
ehorses.com,"Welsh B, Gelding, 3 years, 12 hh, Grey",Welsh B,Gelding,3 years,30494,"Aalten, NL",https://www.ehorses.com/welsh-b-gelding-3years-12-hh-grey-showhunter-aalten/4749148.html,0,4.484214395962196,0,3.0,Other_Rare,International
ehorses.com,"Andalusian, Mare, 5 years, 15,2 hh, Brown",Andalusian,Mare,5 years,42586,"Vejer de la Frontera, ES",https://www.ehorses.com/andalusian-mare-5years-152-hh-brown-leisurehorses-vejer-de-la-frontera/4749135.html,0,4.629266849758897,0,5.0,Andalusian,International
ehorses.com,"Westphalian, Gelding, 5 years, 17 hh, Bay-Dark",Westphalian,Gelding,5 years,214000,"Rosendahl, DE",https://www.ehorses.com/westphalian-gelding-5years-17-hh-bay-dark-dressagehorses-leisurehorses-rosendahl/4683634.html,0,5.330413773349191,0,5.0,Westphalian,International
ehorses.com,"Belgian Warmblood, Mare, 2 years, 15,2 hh, Black",Belgian Warmblood,Mare,2 years,42800,"Ruiselede, BE",https://www.ehorses.com/belgian-warmblood-mare-2years-152-hh-black-dressagehorses-breedinghorses-ruiselede/4748967.html,0,4.631443769013172,0,2.0,Belgian Warmblood,International
ehorses.com,"KWPN, Gelding, 6 years, 15,3 hh, Black",KWPN,Gelding,6 years,262150,"Neuss, DE",https://www.ehorses.com/kwpn-gelding-6years-153-hh-black-dressagehorses-leisurehorses-neuss/4731804.html,0,5.418549862049742,0,6.0,KWPN,International
ehorses.com,"Other Warmbloods, Mare, 9 years, 16,1 hh",Other Warmbloods,Mare,9 years,262150,"Neuss, DE",https://www.ehorses.com/other-warmbloods-mare-9years-161-hh-dressagehorses-breedinghorses-leisurehorses-neuss/4744715.html,0,5.418549862049742,0,9.0,Other Warmbloods,International
ehorses.com,"KWPN, Gelding, 3 years, 16 hh, Bay-Dark",KWPN,Gelding,3 years,53500,"Neuss, DE",https://www.ehorses.com/kwpn-gelding-3years-16-hh-bay-dark-dressagehorses-leisurehorses-neuss/4733557.html,0,4.7283537820212285,0,3.0,KWPN,International
ehorses.com,"German Sport Horse, Stallion, 2 years, 15,1 hh, Chestnut-Red",German Sport Horse,Stallion,2 years,133750,"Ritzing, AT",https://www.ehorses.com/german-sport-horse-stallion-2years-151-hh-chestnut-red-dressagehorses-ritzing/4728056.html,0,5.126293790693266,0,2.0,German Sport Horse,International
ehorses.com,"Oldenburg, Stallion, 8 years, 17 hh, Brown",Oldenburg,Stallion,8 years,1070000,"Ritzing, AT",https://www.ehorses.com/oldenburg-stallion-8years-17-hh-brown-dressagehorses-ritzing/4630903.html,0,6.02938377768521,0,8.0,Oldenburg,International
ehorses.com,"More ponies/small horses, Mare, 7 years, 14,2 hh, Brown",More ponies/small horses,Mare,7 years,37450,"Mezőhegyes, HU",https://www.ehorses.com/more-poniessmall-horses-mare-7years-142-hh-brown-leisurehorses-mezohegyes/4736593.html,0,4.573451822035485,0,7.0,More ponies/small horses,International
ehorses.com,"Oldenburg, Gelding, 6 years, 17,1 hh, Brown",Oldenburg,Gelding,6 years,267500,"Börrstadt, DE",https://www.ehorses.com/oldenburg-gelding-6years-171-hh-brown-dressagehorses-boerrstadt/4716781.html,0,5.427323786357247,0,6.0,Oldenburg,International
ehorses.com,"German Riding Horse, Gelding, 4 years, 17 hh, Brown",German Riding Horse,Gelding,4 years,321000,"Leipheim, DE",https://www.ehorses.com/german-riding-horse-gelding-4years-17-hh-brown-dressagehorses-leipheim/4749090.html,0,5.506505032404872,0,4.0,German Riding Horse,International
ehorses.com,"Trakehner, Mare, 3 years, 15 hh, Bay-Dark",Trakehner,Mare,3 years,42800,"Mügeln, DE",https://www.ehorses.com/trakehner-mare-3years-15-hh-bay-dark-eventinghorses-breedinghorses-leisurehorses-dressagehorses-muegeln/4749073.html,0,4.631443769013172,0,3.0,Trakehner,International
ehorses.com,"More ponies/small horses, Mare, 9 years, 14,2 hh, Grey",More ponies/small horses,Mare,9 years,48150,"Békéscsaba, HU",https://www.ehorses.com/more-poniessmall-horses-mare-9years-142-hh-grey-leisurehorses-showjumpers-bekescsaba/4749092.html,0,4.682596291460554,0,9.0,More ponies/small horses,International
ehorses.com,"Oldenburg-International (OS), Gelding, 5 years, 16,1 hh, Brown",Oldenburg-International (OS),Gelding,5 years,321000,"Lindern (Oldenburg), DE",https://www.ehorses.com/oldenburg-international-os-gelding-5years-161-hh-brown-showjumpers-leisurehorses-lindern-oldenburg/4733891.html,0,5.506505032404872,0,5.0,Oldenburg-International (OS),International
ehorses.com,"More ponies/small horses, Mare, 5 years, 12 hh, Pinto",More ponies/small horses,Mare,5 years,21400,"Békés, HU",https://www.ehorses.com/more-poniessmall-horses-mare-5years-12-hh-pinto-leisurehorses-bekes/4749080.html,0,4.330413773349191,0,5.0,More ponies/small horses,International
ehorses.com,"Other Warmbloods, Gelding, 10 years, 16,1 hh, Pinto",Other Warmbloods,Gelding,10 years,58849,"Gyula, HU",https://www.ehorses.com/other-warmbloods-gelding-10years-161-hh-pinto-leisurehorses-gyula/4749068.html,0,4.76973908743142,0,10.0,Other Warmbloods,International
ehorses.com,"Other Warmbloods, Gelding, 5 years, 15,2 hh, Grey",Other Warmbloods,Gelding,5 years,41730,"Gyula, HU",https://www.ehorses.com/other-warmbloods-gelding-5years-152-hh-grey-leisurehorses-gyula/4749064.html,0,4.620448384711709,0,5.0,Other Warmbloods,International
ehorses.com,"KWPN, Gelding, 9 years, 16,1 hh, Brown",KWPN,Gelding,9 years,213465,"Neuss, DE",https://www.ehorses.com/kwpn-gelding-9years-161-hh-brown-dressagehorses-neuss/4749057.html,0,5.329326677707977,0,9.0,KWPN,International
ehorses.com,"More ponies/small horses, Mare, 9 years, 14,1 hh, Chestnut-Red",More ponies/small horses,Mare,9 years,41730,"bekes, HU",https://www.ehorses.com/more-poniessmall-horses-mare-9years-141-hh-chestnut-red-leisurehorses-bekes/4749053.html,0,4.620448384711709,0,9.0,More ponies/small horses,International
ehorses.com,"Arabian horses, Mare, 2 years, Grey",Arabian horses,Mare,2 years,74900,"Reichraming, AT",https://www.ehorses.com/arabian-horses-mare-2years-grey-breedinghorses-showhorses-westernhorses-leisurehorses-reichraming/4354792.html,0,4.874481817699467,0,2.0,Arabian horses,International
ehorses.com,"Andalusian, Mare, 7 years, Grey",Andalusian,Mare,7 years,85839,"Corona, CA, US",https://www.ehorses.com/andalusian-mare-7years-grey-dressagehorses-showhorses-breedinghorses-eventinghorses-corona-ca/4687612.html,0,4.933684649579847,0,7.0,Andalusian,International
ehorses.com,"American Paint Horse, Gelding, 13 years, 15,1 hh, Tobiano-all-colors",American Paint Horse,Gelding,13 years,35350,"Level Green KY, US",https://www.ehorses.com/american-paint-horse-gelding-13years-151-hh-tobiano-all-colors-trailhorses-ranch-riding-horses-level-green-ky/4247954.html,0,4.548389418132918,0,13.0,American Paint Horse,International
ehorses.com,"American Paint Horse, Gelding, 9 years, 15 hh, Tobiano-all-colors",American Paint Horse,Gelding,9 years,35350,"Granbury TX, US",https://www.ehorses.com/american-paint-horse-gelding-9years-15-hh-tobiano-all-colors-trailhorses-ranch-riding-horses-granbury-tx/4224614.html,0,4.548389418132918,0,9.0,American Paint Horse,International
ehorses.com,"American Quarter Horse, Gelding, 5 years, 14 hh, Tobiano-all-colors",Quarter Horse,Gelding,5 years,166650,"Mount Vernon, KY, US",https://www.ehorses.com/american-quarter-horse-gelding-5years-14-hh-tobiano-all-colors-trailhorses-ranch-riding-horses-mount-vernon-ky/4519040.html,0,5.221805317996549,0,5.0,Quarter Horse,International
ehorses.com,"PRE, Stallion, 5 years, 15,3 hh, Black",Andalusian,Stallion,5 years,133750,"Provinz Malaga, ES",https://www.ehorses.com/pre-stallion-5years-153-hh-black-dressagehorses-working-equitation-horses-breedinghorses-leisurehorses-provinz-malaga/4525270.html,0,5.126293790693266,0,5.0,Andalusian,International
ehorses.com,"Welsh A (Mountain Pony), Gelding, 5 years, 11 hh, Leopard-Piebald",Pony,Gelding,5 years,39590,"Poznań, PL",https://www.ehorses.com/welsh-a-mountain-pony-gelding-5years-11-hh-leopard-piebald-showjumpers-reininghorses-leisurehorses-dressagehorses-poznan/4616687.html,0,4.597585501752205,0,5.0,Pony,International
ehorses.com,"Hanoverian, Mare, 8 years, 15,3 hh, Chestnut",Hanoverian,Mare,8 years,160500,"Götzendorf an der Leitha, AT",https://www.ehorses.com/hanoverian-mare-8years-153-hh-chestnut-dressagehorses-breedinghorses-showjumpers-leisurehorses-goetzendorf-an-der-leitha/4688363.html,0,5.205475036740891,0,8.0,Hanoverian,International
ehorses.com,"American Quarter Horse, Stallion, 2 years, Chestnut-Red",Quarter Horse,Stallion,2 years,251449,"Bedburg-Hau, DE",https://www.ehorses.com/american-quarter-horse-stallion-2years-chestnut-red-reininghorses-bedburg-hau/4119134.html,0,5.400449912793114,0,2.0,Quarter Horse,International
ehorses.com,"American Quarter Horse, Mare, 2 years, Brown",Quarter Horse,Mare,2 years,294250,"Bedburg-Hau, DE",https://www.ehorses.com/american-quarter-horse-mare-2years-brown-reininghorses-bedburg-hau/4119177.html,0,5.468716471515473,0,2.0,Quarter Horse,International
ehorses.com,"Icelandic Horse, Gelding, 13 years, 14 hh, Chestnut-Red",Icelandic Horse,Gelding,13 years,106465,"Langeln, DE",https://www.ehorses.com/icelandic-horse-gelding-13years-14-hh-chestnut-red-leisurehorses-gaitedhorses-langeln/4749018.html,0,5.027206858430935,0,13.0,Icelandic Horse,International
ehorses.com,"Other Heavy Horses, Gelding, 11 years, 16,1 hh, Grey",Other Heavy Horses,Gelding,11 years,90950,"Buchholz in der Nordheide, DE",https://www.ehorses.com/other-heavy-horses-gelding-11years-161-hh-grey-leisurehorses-hunter-carriagehorses-buchholz-in-der-nordheide/4743664.html,0,4.958802703399503,0,11.0,Other_Rare,International
ehorses.com,"More ponies/small horses, Mare, 5 years, 14,2 hh, Brown",More ponies/small horses,Mare,5 years,41730,"Békéscsaba, HU",https://www.ehorses.com/more-poniessmall-horses-mare-5years-142-hh-brown-leisurehorses-bekescsaba/4749022.html,0,4.620448384711709,0,5.0,More ponies/small horses,International
ehorses.com,"Hanoverian, Gelding, 4 years, 16,1 hh, Chestnut-Red",Hanoverian,Gelding,4 years,133750,"Mijas, ES",https://www.ehorses.com/hanoverian-gelding-4years-161-hh-chestnut-red-dressagehorses-leisurehorses-mijas/4744020.html,0,5.126293790693266,0,4.0,Hanoverian,International
ehorses.com,"KWPN, Gelding, 5 years, 16,2 hh, Brown",KWPN,Gelding,5 years,160500,"Jesteburg, DE",https://www.ehorses.com/kwpn-gelding-5years-162-hh-brown-dressagehorses-showjumpers-showhunter-leisurehorses-jesteburg/4656916.html,0,5.205475036740891,0,5.0,KWPN,International
ehorses.com,"Hanoverian, Gelding, 5 years, 16,3 hh, Black",Hanoverian,Gelding,5 years,187250,"Puebla De Guzman, ES",https://www.ehorses.com/hanoverian-gelding-5years-163-hh-black-dressagehorses-eventinghorses-showjumpers-leisurehorses-puebla-de-guzman/4743807.html,0,5.272421826371504,0,5.0,Hanoverian,International
ehorses.com,"Westphalian, Gelding, 5 years, 16,3 hh, Black",Westphalian,Gelding,5 years,321000,"Rees, DE",https://www.ehorses.com/westphalian-gelding-5years-163-hh-black-dressagehorses-rees/4748991.html,0,5.506505032404872,0,5.0,Westphalian,International
ehorses.com,"Danish Warmblood, Gelding, 5 years, 17 hh, Grey",Danish Warmblood,Gelding,5 years,588500,"Lienen, DE",https://www.ehorses.com/danish-warmblood-gelding-5years-17-hh-grey-dressagehorses-leisurehorses-lienen/4746439.html,0,5.769746467179454,0,5.0,Danish Warmblood,International
ehorses.com,"Hanoverian, Mare, 4 years, 16,1 hh, Chestnut-Red",Hanoverian,Mare,4 years,321000,"Lienen, DE",https://www.ehorses.com/hanoverian-mare-4years-161-hh-chestnut-red-dressagehorses-eventinghorses-showjumpers-showhunter-lienen/4747090.html,0,5.506505032404872,0,4.0,Hanoverian,International
ehorses.com,"Trakehner, Gelding, 5 years, 16,1 hh, Brown",Trakehner,Gelding,5 years,321000,"Dorsten, DE",https://www.ehorses.com/trakehner-gelding-5years-161-hh-brown-showjumpers-dorsten/4748972.html,0,5.506505032404872,0,5.0,Trakehner,International
ehorses.com,"KWPN, Mare, 3 years, 15,2 hh, Bay-Dark",KWPN,Mare,3 years,80250,"Lierde, BE",https://www.ehorses.com/kwpn-mare-3years-152-hh-bay-dark-dressagehorses-lierde/4587246.html,0,4.90444504107691,0,3.0,KWPN,International
ehorses.com,"Other Breeds, Gelding, 17 years, 15,1 hh, Bay-Dark",Other Breeds,Gelding,17 years,26215,"Achtmaal, NL",https://www.ehorses.com/other-breeds-gelding-17years-151-hh-bay-dark-leisurehorses-carriagehorses-achtmaal/4748973.html,0,4.418549862049742,0,17.0,Other_Rare,International
ehorses.com,"KWPN, Gelding, 9 years, 15,3 hh, Grey",KWPN,Gelding,9 years,133750,"Lonsee, DE",https://www.ehorses.com/kwpn-gelding-9years-153-hh-grey-leisurehorses-trailhorses-endurancehorses-dressagehorses-lonsee/4748964.html,0,5.126293790693266,0,9.0,KWPN,International
ehorses.com,"PRE Mix, Gelding, 6 years, 16,2 hh, Grey",Andalusian,Gelding,6 years,80250,"Sleidinge, BE",https://www.ehorses.com/pre-gelding-6years-162-hh-grey-dressagehorses-working-equitation-horses-showjumpers-sleidinge/4726231.html,0,4.90444504107691,0,6.0,Andalusian,International
ehorses.com,"Hanoverian, Mare, 7 years, 17 hh, Grey",Hanoverian,Mare,7 years,321000,"Bad Dürrheim, DE",https://www.ehorses.com/hanoverian-mare-7years-17-hh-grey-showhunter-showjumpers-bad-duerrheim/4696523.html,0,5.506505032404872,0,7.0,Hanoverian,International
ehorses.com,"Polish riding pony, Gelding, 3 years, 14,1 hh, Leopard-Piebald",Pony,Gelding,3 years,84530,"uelsen, DE",https://www.ehorses.com/polish-riding-pony-gelding-3years-141-hh-leopard-piebald-westernhorses-baroquehorses-leisurehorses-uelsen/4633736.html,0,4.927010868975651,0,3.0,Pony,International
ehorses.com,"Irish Sport Horse Mix, Gelding, 6 years, 16 hh, Brown",Irish Sport Horse Mix,Gelding,6 years,80250,"uelsen, DE",https://www.ehorses.com/irish-sport-horse-gelding-6years-16-hh-brown-leisurehorses-eventinghorses-showjumpers-uelsen/4740335.html,0,4.90444504107691,0,6.0,Other_Rare,International
ehorses.com,"Irish Sport Horse Mix, Gelding, 6 years, 16 hh, Bay-Dark",Irish Sport Horse Mix,Gelding,6 years,80250,"uelsen, DE",https://www.ehorses.com/irish-sport-horse-gelding-6years-16-hh-bay-dark-leisurehorses-eventinghorses-uelsen/4740339.html,0,4.90444504107691,0,6.0,Other_Rare,International
ehorses.com,"KWPN, Gelding, 5 years, 17 hh, Chestnut",KWPN,Gelding,5 years,235399,"Riga, LV",https://www.ehorses.com/kwpn-gelding-5years-17-hh-chestnut-dressagehorses-riga/4618067.html,0,5.371804613582164,0,5.0,KWPN,International
ehorses.com,"American Quarter Horse, Gelding, 15 years, 14,1 hh, Roan-Bay",Quarter Horse,Gelding,15 years,35350,"Weatherford TX, US",https://www.ehorses.com/american-quarter-horse-gelding-15years-141-hh-roan-bay-trailhorses-ranch-riding-horses-weatherford-tx/4304435.html,0,4.548389418132918,0,15.0,Quarter Horse,International
ehorses.com,"Westphalian, Gelding, 7 years, 17 hh, Grey-Dapple",Westphalian,Gelding,7 years,321000,"ArnsbergArnsberg, DE",https://www.ehorses.com/westphalian-gelding-7years-17-hh-grey-dapple-showjumpers-dressagehorses-arnsbergarnsberg/4472681.html,0,5.506505032404872,0,7.0,Westphalian,International
ehorses.com,"Shetland Ponies, Stallion, 1 year, 8,1 hh, Black",Shetland Ponies,Stallion,1 year,9095,"Hästveda, SE",https://www.ehorses.com/shetland-ponies-stallion-1year-81-hh-black-breedinghorses-showhorses-carriagehorses-haestveda/4703780.html,0,3.9588027033995026,0,,Shetland Ponies,International
ehorses.com,"Bavarian Warmblood, Gelding, 19 years, Chestnut-Red",Bavarian Warmblood,Gelding,19 years,10700,"Herzberg, DE",https://www.ehorses.com/bavarian-warmblood-gelding-19years-chestnut-red-leisurehorses-dressagehorses-herzberg/4602248.html,0,4.02938377768521,0,19.0,Other_Rare,International
ehorses.com,"Friesian horses, Stallion, 5 years, 15,1 hh",Friesian,Stallion,5 years,46010,"Tzummarum, NL",https://www.ehorses.com/friesian-horses-stallion-5years-151-hh-eventinghorses-tzummarum/1706201.html,0,4.662852233264796,0,5.0,Friesian,International
ehorses.com,"American Quarter Horse, Gelding, 5 years, 15,3 hh, Chestnut",Quarter Horse,Gelding,5 years,35350,"Greenville KY, US",https://www.ehorses.com/american-quarter-horse-gelding-5years-153-hh-chestnut-trailhorses-ranch-riding-horses-greenville-ky/4421488.html,0,4.548389418132918,0,5.0,Quarter Horse,International
ehorses.com,"Irish Sport Horse Mix, Gelding, 7 years, 15,3 hh, Bay-Dark",Irish Sport Horse Mix,Gelding,7 years,80250,"uelsen, DE",https://www.ehorses.com/irish-sport-horse-gelding-7years-153-hh-bay-dark-leisurehorses-eventinghorses-uelsen/4740346.html,0,4.90444504107691,0,7.0,Other_Rare,International
ehorses.com,"KWPN, Mare, 3 years, 15,2 hh, Bay-Dark",KWPN,Mare,3 years,52430,"uelsen, DE",https://www.ehorses.com/kwpn-mare-3years-152-hh-bay-dark-dressagehorses-leisurehorses-uelsen/4740393.html,0,4.719579857713724,0,3.0,KWPN,International
ehorses.com,"German Sport Horse, Mare, 19 years, 16,1 hh, Brown",German Sport Horse,Mare,19 years,10700,"Zossen, DE",https://www.ehorses.com/german-sport-horse-mare-19years-161-hh-brown-carriagehorses-zossen/4748941.html,0,4.02938377768521,0,19.0,German Sport Horse,International
ehorses.com,"Oldenburg, Mare, 1 year, Bay-Dark",Oldenburg,Mare,1 year,63129,"Dassel, DE",https://www.ehorses.com/oldenburg-mare-1year-bay-dark-dressagehorses-dassel/4738868.html,0,4.800228909905183,0,,Oldenburg,International
ehorses.com,"Andalusian, Gelding, 5 years, 15,2 hh, Brown",Andalusian,Gelding,5 years,53500,"Hinojosa Del Duque, ES",https://www.ehorses.com/andalusian-gelding-5years-152-hh-brown-dressagehorses-working-equitation-horses-showhorses-leisurehorses-hinojosa-del-duque/4742113.html,0,4.7283537820212285,0,5.0,Andalusian,International
ehorses.com,"Andalusian, Mare, 6 years, 15,2 hh, Perlino",Andalusian,Mare,6 years,32099,"Hinojosa Del Duque, ES",https://www.ehorses.com/andalusian-mare-6years-152-hh-perlino-leisurehorses-baroquehorses-dressagehorses-hinojosa-del-duque/4747683.html,0,4.506491502771016,0,6.0,Andalusian,International
ehorses.com,"Andalusian, Stallion, 8 years, 15,2 hh, Grey-Dapple",Andalusian,Stallion,8 years,53500,"Hinojosa Del Duque, ES",https://www.ehorses.com/andalusian-stallion-8years-152-hh-grey-dapple-dressagehorses-working-equitation-horses-baroquehorses-leisurehorses-hinojosa-del-duque/4742652.html,0,4.7283537820212285,0,8.0,Andalusian,International
ehorses.com,"PRE Mix, Mare, 1 year, 15,2 hh, Pearl",Andalusian,Mare,1 year,127329,"Stahnsdorf, DE",https://www.ehorses.com/pre-mare-1year-152-hh-pearl-baroquehorses-working-equitation-horses-breedinghorses-stahnsdorf/4520393.html,0,5.104927328285411,0,,Andalusian,International
ehorses.com,"Oldenburg, Gelding, 4 years, 16,2 hh, Brown",Oldenburg,Gelding,4 years,224699,"Hemmoor, DE",https://www.ehorses.com/oldenburg-gelding-4years-162-hh-brown-dressagehorses-showjumpers-leisurehorses-carriagehorses-hemmoor/4748926.html,0,5.351601139640098,0,4.0,Oldenburg,International
ehorses.com,"Ardennes, Stallion, 1 year, 15,1 hh, Brown",Ardennes,Stallion,1 year,16049,"Daleiden, DE",https://www.ehorses.com/ardennes-stallion-1year-151-hh-brown-leisurehorses-breedinghorses-carriagehorses-daleiden/4737044.html,0,4.205447977051676,0,,Other_Rare,International
ehorses.com,"Cruzado, Mare, 5 years, 14,3 hh, Dunalino",Cruzado,Mare,5 years,90939,"Daleiden, DE",https://www.ehorses.com/cruzado-mare-5years-143-hh-dunalino-dressagehorses-trailhorses-showjumpers-leisurehorses-daleiden/4728764.html,0,4.958750174227241,0,5.0,Cruzado,International
ehorses.com,"PRE Mix, Mare, 4 years, 15 hh, Black",Andalusian,Mare,4 years,95230,"Daleiden, DE",https://www.ehorses.com/pre-mare-4years-15-hh-black-dressagehorses-showjumpers-leisurehorses-daleiden/4736735.html,0,4.978773784330122,0,4.0,Andalusian,International
ehorses.com,"Oldenburg, Mare, Foal (01/2026)",Oldenburg,Mare,Foal (01/2026),133750,"Wülfrath, DE",https://www.ehorses.com/oldenburg-mare-foals-dressagehorses-wuelfrath/3068517.html,0,5.126293790693266,0,,Oldenburg,International
ehorses.com,"Oldenburg, Mare, 8 years, 17,1 hh, Brown",Oldenburg,Mare,8 years,1070000,"Kronberg im Taunus, DE",https://www.ehorses.com/oldenburg-mare-8years-171-hh-brown-dressagehorses-kronberg-im-taunus/4626183.html,0,6.02938377768521,0,8.0,Oldenburg,International
ehorses.com,"PRE Mix, Gelding, 7 years, 15,2 hh, Brown",Andalusian,Gelding,7 years,85065,"Breda, NL",https://www.ehorses.com/pre-gelding-7years-152-hh-brown-dressagehorses-leisurehorses-breda/4748913.html,0,4.92975090634168,0,7.0,Andalusian,International
ehorses.com,"KWPN, Gelding, 9 years, 16,2 hh, Brown",KWPN,Gelding,9 years,321000,"Gerstetten, DE",https://www.ehorses.com/kwpn-gelding-9years-162-hh-brown-showjumpers-gerstetten/4748837.html,0,5.506505032404872,0,9.0,KWPN,International
ehorses.com,"Welsh A (Mountain Pony), Mare, 10 years, 11,1 hh, Buckskin",Pony,Mare,10 years,37450,"Didam, NL",https://www.ehorses.com/welsh-a-mountain-pony-mare-10years-111-hh-buckskin-leisurehorses-didam/4748887.html,0,4.573451822035485,0,10.0,Pony,International
ehorses.com,"Oldenburg, Stallion, 3 years, 16 hh, Grey",Oldenburg,Stallion,3 years,321000,"Neumarkt in der Oberpfalz, DE",https://www.ehorses.com/oldenburg-stallion-3years-16-hh-grey-dressagehorses-neumarkt-in-der-oberpfalz/4642151.html,0,5.506505032404872,0,3.0,Oldenburg,International
ehorses.com,"Friesian horses, Gelding, 8 years, 15,2 hh, Tobiano-all-colors",Friesian,Gelding,8 years,35350,"Wallingford KY, US",https://www.ehorses.com/friesian-horses-gelding-8years-152-hh-tobiano-all-colors-trailhorses-showhorses-wallingford-ky/4145721.html,0,4.548389418132918,0,8.0,Friesian,International
ehorses.com,"Swiss Warmblood, Gelding, 7 years, 16,2 hh, Brown",Swiss Warmblood,Gelding,7 years,588500,"Aeugst, CH",https://www.ehorses.com/swiss-warmblood-gelding-7years-162-hh-brown-showjumpers-aeugst/4603183.html,0,5.769746467179454,0,7.0,Other_Rare,International
ehorses.com,"PRE, Stallion, 4 years, 16 hh, Bay",Andalusian,Stallion,4 years,133750,"Hamburg, DE",https://www.ehorses.com/pre-stallion-4years-16-hh-bay-dressagehorses-working-equitation-horses-baroquehorses-leisurehorses-hamburg/4727280.html,0,5.126293790693266,0,4.0,Andalusian,International
ehorses.com,"Westphalian, Mare, 13 years, 16 hh, Brown",Westphalian,Mare,13 years,80250,"Dortmund, DE",https://www.ehorses.com/westphalian-mare-13years-16-hh-brown-breedinghorses-dressagehorses-dortmund/4685914.html,0,4.90444504107691,0,13.0,Westphalian,International
ehorses.com,"American Quarter Horse, Gelding, 8 years, 14,3 hh, Buckskin",Quarter Horse,Gelding,8 years,35350,"Weatherford TX, US",https://www.ehorses.com/american-quarter-horse-gelding-8years-143-hh-buckskin-trailhorses-ranch-riding-horses-weatherford-tx/4199042.html,0,4.548389418132918,0,8.0,Quarter Horse,International
ehorses.com,"Welsh D (Cob), Gelding, 6 years, 14,1 hh, Grey",Welsh D (Cob),Gelding,6 years,40125,"Murska Soboda, SI",https://www.ehorses.com/welsh-d-cob-gelding-6years-141-hh-grey-showjumpers-carriagehorses-murska-soboda/4738331.html,0,4.603415045412929,0,6.0,Other_Rare,International
ehorses.com,"German Riding Horse, Stallion, 3 years, Bay-Dark",German Riding Horse,Stallion,3 years,80250,"Neuenkirchen-Vörden, DE",https://www.ehorses.com/german-riding-horse-stallion-3years-bay-dark-dressagehorses-neuenkirchen-voerden/3827370.html,0,4.90444504107691,0,3.0,German Riding Horse,International
ehorses.com,"Mecklenburg Warmblood, Gelding, 6 years, 16,1 hh, Chestnut-Red",Mecklenburg Warmblood,Gelding,6 years,235399,"Plau am See, DE",https://www.ehorses.com/mecklenburg-warmblood-gelding-6years-161-hh-chestnut-red-showjumpers-eventinghorses-leisurehorses-plau-am-see/4744743.html,0,5.371804613582164,0,6.0,Mecklenburg Warmblood,International
ehorses.com,"French riding pony, Gelding, 6 years, 14,2 hh, Black",Pony,Gelding,6 years,321000,"Mérignies, FR",https://www.ehorses.com/french-riding-pony-gelding-6years-142-hh-black-dressagehorses-merignies/4748865.html,0,5.506505032404872,0,6.0,Pony,International
ehorses.com,"Hanoverian, Gelding, 4 years, 16,3 hh, Chestnut-Red",Hanoverian,Gelding,4 years,321000,"Visbek, DE",https://www.ehorses.com/hanoverian-gelding-4years-163-hh-chestnut-red-dressagehorses-leisurehorses-visbek/4723792.html,0,5.506505032404872,0,4.0,Hanoverian,International
ehorses.com,"Oldenburg, Gelding, 5 years, 16,1 hh, Brown",Oldenburg,Gelding,5 years,187250,"Visbek, DE",https://www.ehorses.com/oldenburg-gelding-5years-161-hh-brown-dressagehorses-leisurehorses-visbek/4677955.html,0,5.272421826371504,0,5.0,Oldenburg,International
ehorses.com,"Hanoverian, Gelding, 7 years, 16,2 hh, Black",Hanoverian,Gelding,7 years,136960,"Blekendorf, DE",https://www.ehorses.com/hanoverian-gelding-7years-162-hh-black-dressagehorses-blekendorf/4748853.html,0,5.136593747333078,0,7.0,Hanoverian,International
ehorses.com,"Icelandic Horse, Mare, 6 years, 13,2 hh",Icelandic Horse,Mare,6 years,126259,"Blunk, DE",https://www.ehorses.com/icelandic-horse-mare-6years-132-hh-leisurehorses-breedinghorses-blunk/4604705.html,0,5.101262345293871,0,6.0,Icelandic Horse,International
ehorses.com,"Icelandic Horse, Mare, 14 years, 13 hh, Chestnut-Red",Icelandic Horse,Mare,14 years,95230,"Nehms, DE",https://www.ehorses.com/icelandic-horse-mare-14years-13-hh-chestnut-red-leisurehorses-gaitedhorses-nehms/4731082.html,0,4.978773784330122,0,14.0,Icelandic Horse,International
ehorses.com,"Icelandic Horse, Mare, 4 years, 13,2 hh",Icelandic Horse,Mare,4 years,95230,"Blunk, DE",https://www.ehorses.com/icelandic-horse-mare-4years-132-hh-gaitedhorses-breedinghorses-leisurehorses-blunk/4282202.html,0,4.978773784330122,0,4.0,Icelandic Horse,International
ehorses.com,"Icelandic Horse, Mare, 4 years, 13,2 hh",Icelandic Horse,Mare,4 years,95230,"Blunk, DE",https://www.ehorses.com/icelandic-horse-mare-4years-132-hh-leisurehorses-gaitedhorses-breedinghorses-blunk/4282173.html,0,4.978773784330122,0,4.0,Icelandic Horse,International
ehorses.com,"Icelandic Horse, Mare, 4 years, 13,2 hh, Chestnut-Red",Icelandic Horse,Mare,4 years,98440,"Blunk, DE",https://www.ehorses.com/icelandic-horse-mare-4years-132-hh-chestnut-red-breedinghorses-gaitedhorses-leisurehorses-blunk/4282127.html,0,4.993171605030765,0,4.0,Icelandic Horse,International
ehorses.com,"Icelandic Horse, Mare, 4 years, 13,2 hh",Icelandic Horse,Mare,4 years,98440,"Blunk, DE",https://www.ehorses.com/icelandic-horse-mare-4years-132-hh-breedinghorses-blunk/4282157.html,0,4.993171605030765,0,4.0,Icelandic Horse,International
ehorses.com,"Icelandic Horse, Mare, 4 years, 13,2 hh, Black",Icelandic Horse,Mare,4 years,95230,"Bunk, DE",https://www.ehorses.com/icelandic-horse-mare-4years-132-hh-black-leisurehorses-gaitedhorses-breedinghorses-bunk/4282112.html,0,4.978773784330122,0,4.0,Icelandic Horse,International
ehorses.com,"German Sport Horse, Gelding, 5 years, 16,1 hh, Chestnut-Red",German Sport Horse,Gelding,5 years,321000,"Michaelisbruch, DE",https://www.ehorses.com/german-sport-horse-gelding-5years-161-hh-chestnut-red-eventinghorses-showjumpers-dressagehorses-michaelisbruch/4748839.html,0,5.506505032404872,0,5.0,German Sport Horse,International
ehorses.com,"Irish Thoroughbred, Gelding, 8 years, 16,1 hh, Grey",Thoroughbred,Gelding,8 years,160500,"Verden (Aller), DE",https://www.ehorses.com/irish-thoroughbred-gelding-8years-161-hh-grey-showjumpers-eventinghorses-leisurehorses-dressagehorses-verden-aller/950362.html,0,5.205475036740891,0,8.0,Thoroughbred,International
ehorses.com,"German Riding Pony, Mare, 7 years, 14,1 hh, Bay-Dark",Pony,Mare,7 years,83460,"Verden (Aller), DE",https://www.ehorses.com/german-riding-pony-mare-7years-141-hh-bay-dark-dressagehorses-breedinghorses-showjumpers-showhunter-verden-aller/949535.html,0,4.92147838037569,0,7.0,Pony,International
ehorses.com,"Belgian Sport Horse, Mare, 13 years, 16,1 hh, Bay",Belgian Sport Horse,Mare,13 years,235399,"Tök, HU",https://www.ehorses.com/belgian-sport-horse-mare-13years-161-hh-bay-showjumpers-breedinghorses-toek/4684944.html,0,5.371804613582164,0,13.0,Other_Rare,International
ehorses.com,"Belgian Warmblood, Mare, 12 years, 15,3 hh, Chestnut",Belgian Warmblood,Mare,12 years,321000,"Forville, BE",https://www.ehorses.com/belgian-warmblood-mare-12years-153-hh-chestnut-showjumpers-forville/4174446.html,0,5.506505032404872,0,12.0,Belgian Warmblood,International
ehorses.com,"Freiberger, Mare, 10 years, 15,2 hh, Bay-Dark",Freiberger,Mare,10 years,73830,"Linkenbach, DE",https://www.ehorses.com/freiberger-mare-10years-152-hh-bay-dark-leisurehorses-trailhorses-westernhorses-dressagehorses-linkenbach/4748821.html,0,4.868232868422465,0,10.0,Other_Rare,International
ehorses.com,"Belgian Warmblood, Gelding, 12 years, 16.1 hh, Bay",Belgian Warmblood,Gelding,12 years,856000,"Doetinchem, NL",https://www.ehorses.com/belgian-warmblood-gelding-12years-16-1-hh-bay-dressagehorses-doetinchem/4748816.html,0,5.9324737646771535,0,12.0,Belgian Warmblood,International
ehorses.com,"Belgian Warmblood, Gelding, 4 years, 16.1 hh, Chestnut",Belgian Warmblood,Gelding,4 years,203300,"Muiden, NL",https://www.ehorses.com/belgian-warmblood-gelding-4years-16-1-hh-chestnut-dressagehorses-muiden/4748809.html,0,5.308137378638039,0,4.0,Belgian Warmblood,International
ehorses.com,"Rhinelander, Gelding, 6 years, 16 hh, Bay-Dark",Rhinelander,Gelding,6 years,80250,"Niederkassel, DE",https://www.ehorses.com/rhinelander-gelding-6years-16-hh-bay-dark-showjumpers-eventinghorses-leisurehorses-dressagehorses-niederkassel/4693375.html,0,4.90444504107691,0,6.0,Other_Rare,International
ehorses.com,"Icelandic Horse, Gelding, 5 years, 13.2 hh, Buckskin",Icelandic Horse,Gelding,5 years,171200,"Euskirchen, DE",https://www.ehorses.com/icelandic-horse-gelding-5years-13-2-hh-buckskin-gaitedhorses-leisurehorses-euskirchen/4748800.html,0,5.233503760341135,0,5.0,Icelandic Horse,International
ehorses.com,"Westphalian, Mare, 7 years, 16.1 hh, Brown",Westphalian,Mare,7 years,117699,"Rheine, DE",https://www.ehorses.com/westphalian-mare-7years-16-1-hh-brown-dressagehorses-showjumpers-leisurehorses-rheine/4700285.html,0,5.070772772985093,0,7.0,Westphalian,International
ehorses.com,"Holstein, Mare, 11 years, 16.1 hh, Grey",Holstein,Mare,11 years,267500,"Kollmar, DE",https://www.ehorses.com/holstein-mare-11years-16-1-hh-grey-showjumpers-kollmar/4748751.html,0,5.427323786357247,0,11.0,Holstein,International
ehorses.com,"Oldenburg, Mare, 6 years, 16 hh, Black",Oldenburg,Mare,6 years,171200,"Schwäbisch Hall, DE",https://www.ehorses.com/oldenburg-mare-6years-16-hh-black-dressagehorses-showjumpers-leisurehorses-schwaebisch-hall/4748315.html,0,5.233503760341135,0,6.0,Oldenburg,International
ehorses.com,"German Riding Horse, Gelding, 6 years, 17 hh, Brown",German Riding Horse,Gelding,6 years,321000,"Neißeaue, DE",https://www.ehorses.com/german-riding-horse-gelding-6years-17-hh-brown-eventinghorses-showjumpers-dressagehorses-neisseaue/4663535.html,0,5.506505032404872,0,6.0,German Riding Horse,International
ehorses.com,"Hanoverian, Mare, 4 years, 16 hh, Black",Hanoverian,Mare,4 years,347750,"Tornesch, DE",https://www.ehorses.com/hanoverian-mare-4years-16-hh-black-dressagehorses-tornesch/4748753.html,0,5.541267138664084,0,4.0,Hanoverian,International
ehorses.com,"KWPN, Mare, 10 years, 16 hh, Black",KWPN,Mare,10 years,95230,"Nettetal, DE",https://www.ehorses.com/kwpn-mare-10years-16-hh-black-dressagehorses-breedinghorses-showjumpers-nettetal/4748744.html,0,4.978773784330122,0,10.0,KWPN,International
ehorses.com,"Irish Sport Horse, Gelding, 8 years, 16 hh, Brown",Irish Sport Horse,Gelding,8 years,38520,"Norderstedt, DE",https://www.ehorses.com/irish-sport-horse-gelding-8years-16-hh-brown-showjumpers-eventinghorses-leisurehorses-dressagehorses-norderstedt/4699421.html,0,4.5856862784524965,0,8.0,Irish Sport Horse,International
ehorses.com,"Irish Thoroughbred, Mare, 7 years, Brown",Thoroughbred,Mare,7 years,38520,"Norderstedt, DE",https://www.ehorses.com/irish-thoroughbred-mare-7years-brown-dressagehorses-leisurehorses-norderstedt/4697898.html,0,4.5856862784524965,0,7.0,Thoroughbred,International
ehorses.com,"Irish Sport Horse, Mare, 12 years, 15.2 hh, Brown",Irish Sport Horse,Mare,12 years,38520,"Norderstedt, DE",https://www.ehorses.com/irish-sport-horse-mare-12years-15-2-hh-brown-leisurehorses-norderstedt/4706524.html,0,4.5856862784524965,0,12.0,Irish Sport Horse,International
ehorses.com,"Arabian Partbred, Gelding, 7 years, 14.2 hh, Grey",Arabian Partbred,Gelding,7 years,80250,"Gomadingen, DE",https://www.ehorses.com/arabian-partbred-gelding-7years-14-2-hh-grey-leisurehorses-trailhorses-endurancehorses-eventinghorses-gomadingen/4748740.html,0,4.90444504107691,0,7.0,Other_Rare,International
ehorses.com,"Westphalian, Gelding, 4 years, 15.1 hh, Chestnut-Red",Westphalian,Gelding,4 years,107000,"Herten, DE",https://www.ehorses.com/westphalian-gelding-4years-15-1-hh-chestnut-red-dressagehorses-showjumpers-herten/4721245.html,0,5.02938377768521,0,4.0,Westphalian,International
ehorses.com,"Duelmen, Gelding, 3 years, 13.1 hh, Grullo",Duelmen,Gelding,3 years,42800,"Herten, DE",https://www.ehorses.com/duelmen-gelding-3years-13-1-hh-grullo-leisurehorses-showjumpers-dressagehorses-herten/4721282.html,0,4.631443769013172,0,3.0,Other_Rare,International
ehorses.com,"KWPN, Mare, 6 years, 16.1 hh, Smoky-Black",KWPN,Mare,6 years,230049,"Goch, DE",https://www.ehorses.com/kwpn-mare-6years-16-1-hh-smoky-black-dressagehorses-breedinghorses-leisurehorses-goch/4664032.html,0,5.361820349770231,0,6.0,KWPN,International
ehorses.com,"Holstein, Mare, 16 years, 16,1 hh, Brown",Holstein,Mare,16 years,96300,"tingev, DK",https://www.ehorses.com/holstein-mare-16years-161-hh-brown-leisurehorses-tingev/4056412.html,0,4.983626287124535,0,16.0,Holstein,International
ehorses.com,"PRE Mix, Gelding, 7 years, 15,3 hh, Brown",Andalusian,Gelding,7 years,144450,"Santa Olalla Del Cala, ES",https://www.ehorses.com/pre-gelding-7years-153-hh-brown-dressagehorses-leisurehorses-santa-olalla-del-cala/4715284.html,0,5.159717546180215,0,7.0,Andalusian,International
ehorses.com,"PRE, Mare, 5 years, Black",Andalusian,Mare,5 years,159430,"Klettgau, DE",https://www.ehorses.com/pre-mare-5years-black-dressagehorses-working-equitation-horses-breedinghorses-leisurehorses-klettgau/4170725.html,0,5.202570046097484,0,5.0,Andalusian,International
ehorses.com,"German Riding Pony, Mare, 11 years, 14,1 hh, Roan-Red",Pony,Mare,11 years,80250,"Gudensberg, DE",https://www.ehorses.com/german-riding-pony-mare-11years-141-hh-roan-red-dressagehorses-breedinghorses-showjumpers-leisurehorses-gudensberg/4711214.html,0,4.90444504107691,0,11.0,Pony,International
ehorses.com,"Czech Warmblood, Stallion, 1 year, Can be white",Czech Warmblood,Stallion,1 year,66340,"Krsice, CZ",https://www.ehorses.com/czech-warmblood-stallion-1year-can-be-white-showjumpers-breedinghorses-eventinghorses-dressagehorses-krsice/4647539.html,0,4.821775467183463,0,,Other_Rare,International
ehorses.com,"Noriker, Stallion, 9 years, 15,2 hh",Noriker,Stallion,9 years,58849,"Obertilliach, AT",https://www.ehorses.com/noriker-stallion-9years-152-hh-leisurehorses-obertilliach/3476643.html,0,4.76973908743142,0,9.0,Other_Rare,International
ehorses.com,"PRE, Stallion, 3 years, 15,2 hh, Perlino",Andalusian,Stallion,3 years,133750,"Vejer de la Frontera, ES",https://www.ehorses.com/pre-stallion-3years-152-hh-perlino-breedinghorses-baroquehorses-leisurehorses-dressagehorses-vejer-de-la-frontera/4672064.html,0,5.126293790693266,0,3.0,Andalusian,International
ehorses.com,"Icelandic Horse, Gelding, 12 years, 13,1 hh, Brown",Icelandic Horse,Gelding,12 years,267500,"Zwingenberg, DE",https://www.ehorses.com/icelandic-horse-gelding-12years-131-hh-brown-gaitedhorses-leisurehorses-dressagehorses-zwingenberg/4737151.html,0,5.427323786357247,0,12.0,Icelandic Horse,International
ehorses.com,"Haflinger Mix, Gelding, 11 years, 15 hh, Chestnut-Red",Haflinger Mix,Gelding,11 years,63129,"Nettetal, DE",https://www.ehorses.com/haflinger-gelding-11years-15-hh-chestnut-red-leisurehorses-baroquehorses-westernhorses-carriagehorses-nettetal/4748667.html,0,4.800228909905183,0,11.0,Other_Rare,International
ehorses.com,"German Riding Pony, Stallion, 1 year, Chestnut",Pony,Stallion,1 year,37450,"Vreden, DE",https://www.ehorses.com/german-riding-pony-stallion-1year-chestnut-dressagehorses-vreden/4633196.html,0,4.573451822035485,0,,Pony,International
ehorses.com,"PRE Mix, Stallion, 5 years, 16,1 hh, Bay-Dark",Andalusian,Stallion,5 years,80250,"Galaroza (Huelva), ES",https://www.ehorses.com/pre-stallion-5years-161-hh-bay-dark-english-pleasure-leisurehorses-sire-dressagehorses-galaroza-huelva/4748699.html,0,4.90444504107691,0,5.0,Andalusian,International
ehorses.com,"Other Warmbloods, Mare, 11 years, 15,2 hh, Chestnut-Red",Other Warmbloods,Mare,11 years,66340,"Minden, DE",https://www.ehorses.com/other-warmbloods-mare-11years-152-hh-chestnut-red-leisurehorses-showjumpers-minden/4744430.html,0,4.821775467183463,0,11.0,Other Warmbloods,International
ehorses.com,"Hanoverian, Mare, 13 years, 16,2 hh, Brown",Hanoverian,Mare,13 years,74900,"Minden, DE",https://www.ehorses.com/hanoverian-mare-13years-162-hh-brown-breedinghorses-minden/4721108.html,0,4.874481817699467,0,13.0,Hanoverian,International
ehorses.com,"Holstein, Mare, 3 years, 15,3 hh, Grey",Holstein,Mare,3 years,90950,"Nusse, DE",https://www.ehorses.com/holstein-mare-3years-153-hh-grey-showjumpers-nusse/4726445.html,0,4.958802703399503,0,3.0,Holstein,International
ehorses.com,"Holstein, Mare, 4 years, 16,1 hh, Bay-Dark",Holstein,Mare,4 years,160500,"Nusse, DE",https://www.ehorses.com/holstein-mare-4years-161-hh-bay-dark-dressagehorses-showjumpers-nusse/4682610.html,0,5.205475036740891,0,4.0,Holstein,International
ehorses.com,"Holstein, Mare, 9 years, 16,1 hh, Brown",Holstein,Mare,9 years,90950,"Nusse, DE",https://www.ehorses.com/holstein-mare-9years-161-hh-brown-breedinghorses-nusse/4652102.html,0,4.958802703399503,0,9.0,Holstein,International
ehorses.com,"Irish Sport Horse, Mare, 5 years, 16,1 hh, Black",Irish Sport Horse,Mare,5 years,197950,"Stadl-Paura, AT",https://www.ehorses.com/irish-sport-horse-mare-5years-161-hh-black-eventinghorses-showjumpers-stadl-paura/4723340.html,0,5.2965555060882235,0,5.0,Irish Sport Horse,International
ehorses.com,"Irish Sport Horse, Gelding, 7 years, 16,1 hh, Bay-Dark",Irish Sport Horse,Gelding,7 years,310300,"Stadl-Paura, AT",https://www.ehorses.com/irish-sport-horse-gelding-7years-161-hh-bay-dark-eventinghorses-stadl-paura/4718750.html,0,5.491781775584165,0,7.0,Irish Sport Horse,International
ehorses.com,"Irish Thoroughbred, Gelding, 7 years, 16,1 hh, Chestnut",Thoroughbred,Gelding,7 years,64199,"Stadl-Paura, AT",https://www.ehorses.com/irish-thoroughbred-gelding-7years-161-hh-chestnut-leisurehorses-eventinghorses-stadl-paura/4743724.html,0,4.807528263304612,0,7.0,Thoroughbred,International
ehorses.com,"Irish Thoroughbred, Gelding, 6 years, 16,1 hh, Bay-Dark",Thoroughbred,Gelding,6 years,74900,"Stadl-Paura, AT",https://www.ehorses.com/irish-thoroughbred-gelding-6years-161-hh-bay-dark-leisurehorses-stadl-paura/4744518.html,0,4.874481817699467,0,6.0,Thoroughbred,International
ehorses.com,"German Sport Horse, Mare, 4 years, 16,3 hh, Black",German Sport Horse,Mare,4 years,85600,"Libbesdorf, DE",https://www.ehorses.com/german-sport-horse-mare-4years-163-hh-black-dressagehorses-breedinghorses-leisurehorses-libbesdorf/4704079.html,0,4.9324737646771535,0,4.0,German Sport Horse,International
ehorses.com,"German Riding Horse, Gelding, 7 years, 15,2 hh, Grey",German Riding Horse,Gelding,7 years,116629,"Mettlach, DE",https://www.ehorses.com/german-riding-horse-gelding-7years-152-hh-grey-dressagehorses-showjumpers-mettlach/4748634.html,0,5.066806551915435,0,7.0,German Riding Horse,International
ehorses.com,"Hanoverian, Mare, 4 years, 16,3 hh, Black",Hanoverian,Mare,4 years,53500,"Wolnzach, DE",https://www.ehorses.com/hanoverian-mare-4years-163-hh-black-dressagehorses-breedinghorses-wolnzach/4748680.html,0,4.7283537820212285,0,4.0,Hanoverian,International
ehorses.com,"Holstein, Gelding, 9 years, 16,3 hh, Bay-Dark",Holstein,Gelding,9 years,588500,"Issum, DE",https://www.ehorses.com/holstein-gelding-9years-163-hh-bay-dark-showjumpers-issum/4748632.html,0,5.769746467179454,0,9.0,Holstein,International
ehorses.com,"German Sport Horse, Mare, 8 years, 16,3 hh, Bay-Dark",German Sport Horse,Mare,8 years,492199,"PARDUBICE, CZ",https://www.ehorses.com/german-sport-horse-mare-8years-163-hh-bay-dark-showjumpers-pardubice/4582055.html,0,5.692140727012206,0,8.0,German Sport Horse,International
ehorses.com,"Westphalian, Mare, 5 years, 17.2 hh, Bay-Dark",Westphalian,Mare,5 years,181900,"Sankt Augustin, DE",https://www.ehorses.com/westphalian-mare-5years-17-2-hh-bay-dark-dressagehorses-sankt-augustin/4734971.html,0,5.259832699063484,0,5.0,Westphalian,International
ehorses.com,"Hanoverian, Gelding, 3 years, 16.2 hh, Bay-Dark",Hanoverian,Gelding,3 years,160500,"Sankt Augustin, DE",https://www.ehorses.com/hanoverian-gelding-3years-16-2-hh-bay-dark-dressagehorses-sankt-augustin/4735004.html,0,5.205475036740891,0,3.0,Hanoverian,International
ehorses.com,"Hanoverian, Mare, 5 years, 15.2 hh, Brown",Hanoverian,Mare,5 years,41730,"Sankt Augustin, DE",https://www.ehorses.com/hanoverian-mare-5years-15-2-hh-brown-leisurehorses-working-equitation-horses-breedinghorses-dressagehorses-sankt-augustin/4735187.html,0,4.620448384711709,0,5.0,Hanoverian,International
ehorses.com,"Westphalian, Mare, 4 years, 16.1 hh, Bay-Dark",Westphalian,Mare,4 years,53500,"Sankt Augustin, DE",https://www.ehorses.com/westphalian-mare-4years-16-1-hh-bay-dark-dressagehorses-breedinghorses-leisurehorses-sankt-augustin/4735412.html,0,4.7283537820212285,0,4.0,Westphalian,International
ehorses.com,"Oldenburg-International (OS), Gelding, 13 years, 16.1 hh, Chestnut",Oldenburg-International (OS),Gelding,13 years,32099,"Paris 17, FR",https://www.ehorses.com/oldenburg-international-os-gelding-13years-16-1-hh-chestnut-showjumpers-leisurehorses-paris-17/4721745.html,0,4.506491502771016,0,13.0,Oldenburg-International (OS),International
ehorses.com,"Hungarian Sport Horse, Mare, 15 years, 16.1 hh, Brown",Hungarian Sport Horse,Mare,15 years,31029,"Szentes, HU",https://www.ehorses.com/hungarian-sport-horse-mare-15years-16-1-hh-brown-showjumpers-szentes/4724941.html,0,4.491767779403694,0,15.0,Hungarian Sport Horse,International
ehorses.com,"Thoroughbred, Gelding, 4 years, 15.1 hh, Brown",Thoroughbred,Gelding,4 years,28889,"Le Breil, Vieux-Pont-en-Auge, FR",https://www.ehorses.com/thoroughbred-gelding-4years-15-1-hh-brown-dressagehorses-showjumpers-le-breil-vieux-pont-en-auge/4733621.html,0,4.460732508891673,0,4.0,Thoroughbred,International
ehorses.com,"German Sport Horse, Gelding, 10 years, 16.1 hh, Bay-Dark",German Sport Horse,Gelding,10 years,26750,"Boulogne-Billancourt, FR",https://www.ehorses.com/german-sport-horse-gelding-10years-16-1-hh-bay-dark-gaitedhorses-showjumpers-boulogne-billancourt/4742294.html,0,4.427323786357247,0,10.0,German Sport Horse,International
ehorses.com,"German Sport Horse, Stallion, 3 years, 16.1 hh, Dun",German Sport Horse,Stallion,3 years,107000,"Békéscsaba, HU",https://www.ehorses.com/german-sport-horse-stallion-3years-16-1-hh-dun-showjumpers-leisurehorses-bekescsaba/4725084.html,0,5.02938377768521,0,3.0,German Sport Horse,International
ehorses.com,"Hanoverian, Gelding, 7 years, 16.2 hh, Bay-Dark",Hanoverian,Gelding,7 years,321000,"Kempen, DE",https://www.ehorses.com/hanoverian-gelding-7years-16-2-hh-bay-dark-dressagehorses-showhunter-leisurehorses-kempen/4746106.html,0,5.506505032404872,0,7.0,Hanoverian,International
ehorses.com,"PRE, Mare, 19 years, 15.2 hh, Grullo",Andalusian,Mare,19 years,19795,"Achstetten, DE",https://www.ehorses.com/pre-mare-19years-15-2-hh-grullo-leisurehorses-breedinghorses-achstetten/4747754.html,0,4.2965555060882235,0,19.0,Andalusian,International
ehorses.com,"PRE, Mare, 7 years, 15 hh, Grey",Andalusian,Mare,7 years,23540,"Jardinito, El (Cordoba) (Finca)Córdoba, ES",https://www.ehorses.com/pre-mare-7years-15-hh-grey-sire-leisurehorses-jardinito-el-cordoba-fincacordoba/4746166.html,0,4.3718064585074154,0,7.0,Andalusian,International
ehorses.com,"PRE, Stallion, 1 year",Andalusian,Stallion,1 year,80250,"Las Piñas, ES",https://www.ehorses.com/pre-stallion-1year-dressagehorses-las-pinas/4309043.html,0,4.90444504107691,0,,Andalusian,International
ehorses.com,"German Sport Horse, Mare, 6 years, Brown",German Sport Horse,Mare,6 years,909499,"Vechta, DE",https://www.ehorses.com/german-sport-horse-mare-6years-brown-dressagehorses-vechta/4748565.html,0,5.958802225890189,0,6.0,German Sport Horse,International
ehorses.com,"American Quarter Horse, Stallion, 3 years, 15 hh, Chestnut-Red",Quarter Horse,Stallion,3 years,144450,"Alfeld (Leine), DE",https://www.ehorses.com/american-quarter-horse-stallion-3years-15-hh-chestnut-red-reininghorses-breedinghorses-westernhorses-alfeld-leine/4414196.html,0,5.159717546180215,0,3.0,Quarter Horse,International
ehorses.com,"PRE, Stallion, 6 years, 16.3 hh, Buckskin",Andalusian,Stallion,6 years,187250,"La Cabrera, ES",https://www.ehorses.com/pre-stallion-6years-16-3-hh-buckskin-baroquehorses-breedinghorses-sire-dressagehorses-la-cabrera/4745549.html,0,5.272421826371504,0,6.0,Andalusian,International
ehorses.com,"PRE, Stallion, 3 years, 17 hh, Black",Andalusian,Stallion,3 years,128399,"El Real De La Jara, ES",https://www.ehorses.com/pre-stallion-3years-17-hh-black-dressagehorses-working-equitation-horses-baroquehorses-leisurehorses-el-real-de-la-jara/4655716.html,0,5.1085616413638855,0,3.0,Andalusian,International
ehorses.com,"Heavy Warmblood, Gelding, 6 years, 16 hh, Grey-Dapple",Heavy Warmblood,Gelding,6 years,74900,"Kamenz, DE",https://www.ehorses.com/heavy-warmblood-gelding-6years-16-hh-grey-dapple-carriagehorses-leisurehorses-kamenz/4742988.html,0,4.874481817699467,0,6.0,Other_Rare,International
ehorses.com,"Lusitano, Stallion, 10 years, 16 hh, Black",Lusitano,Stallion,10 years,909499,"Santa Perpetua de Mogoda, ES",https://www.ehorses.com/lusitano-stallion-10years-16-hh-black-dressagehorses-working-equitation-horses-showhorses-breedinghorses-santa-perpetua-de-mogoda/4653461.html,0,5.958802225890189,0,10.0,Lusitano,International
ehorses.com,"American Quarter Horse, Gelding, 14 years, 14,3 hh, Palomino",Quarter Horse,Gelding,14 years,35350,"Stephenville, TX, US",https://www.ehorses.com/american-quarter-horse-gelding-14years-143-hh-palomino-trailhorses-stephenville-tx/4634848.html,0,4.548389418132918,0,14.0,Quarter Horse,International
ehorses.com,"American Quarter Horse, Gelding, 7 years, Palomino",Quarter Horse,Gelding,7 years,35350,"Salem IL, US",https://www.ehorses.com/american-quarter-horse-gelding-7years-palomino-trailhorses-ranch-riding-horses-salem-il/4592842.html,0,4.548389418132918,0,7.0,Quarter Horse,International
ehorses.com,"American Quarter Horse, Gelding, 13 years, 14,3 hh, Tobiano-all-colors",Quarter Horse,Gelding,13 years,35350,"Lipan TX, US",https://www.ehorses.com/american-quarter-horse-gelding-13years-143-hh-tobiano-all-colors-trailhorses-ranch-riding-horses-lipan-tx/4406147.html,0,4.548389418132918,0,13.0,Quarter Horse,International
ehorses.com,"Oldenburg, Mare, 10 years, 16,1 hh, Black",Oldenburg,Mare,10 years,133750,"Bramsche, DE",https://www.ehorses.com/oldenburg-mare-10years-161-hh-black-breedinghorses-showjumpers-dressagehorses-bramsche/4387231.html,0,5.126293790693266,0,10.0,Oldenburg,International
ehorses.com,"Welsh B, Gelding, 7 years, 12,1 hh, Chestnut-Red",Welsh B,Gelding,7 years,37450,"Rechnitz, AT",https://www.ehorses.com/welsh-b-gelding-7years-121-hh-chestnut-red-leisurehorses-showjumpers-carriagehorses-dressagehorses-rechnitz/4727846.html,0,4.573451822035485,0,7.0,Other_Rare,International
ehorses.com,"PRE, Gelding, 1 year, 16 hh, Grey",Andalusian,Gelding,1 year,26750,"Córdoba, ES",https://www.ehorses.com/pre-gelding-1year-16-hh-grey-dressagehorses-leisurehorses-carriagehorses-cordoba/4745386.html,0,4.427323786357247,0,,Andalusian,International
ehorses.com,"PRE, Stallion, 1 year, 16 hh, Brown",Andalusian,Stallion,1 year,28889,"Córdoba, ES",https://www.ehorses.com/pre-stallion-1year-16-hh-brown-eventinghorses-dressagehorses-cordoba/4745377.html,0,4.460732508891673,0,,Andalusian,International
ehorses.com,"PRE, Gelding, 14 years, 15,1 hh, Brown",Andalusian,Gelding,14 years,41730,"Neustadt (Wied), DE",https://www.ehorses.com/pre-gelding-14years-151-hh-brown-leisurehorses-working-equitation-horses-showjumpers-dressagehorses-neustadt-wied/4745287.html,0,4.620448384711709,0,14.0,Andalusian,International
ehorses.com,"PRE, Stallion, 1 year, 16 hh, Brown",Andalusian,Stallion,1 year,26750,"Córdoba, ES",https://www.ehorses.com/pre-stallion-1year-16-hh-brown-eventinghorses-dressagehorses-cordoba/4745365.html,0,4.427323786357247,0,,Andalusian,International
ehorses.com,"PRE, Gelding, 17 years, 15,2 hh, Grey",Andalusian,Gelding,17 years,31029,"Neustadt (Wied), DE",https://www.ehorses.com/pre-gelding-17years-152-hh-grey-leisurehorses-dressagehorses-neustadt-wied/4745284.html,0,4.491767779403694,0,17.0,Andalusian,International
ehorses.com,"Oldenburg-International (OS), Mare, 3 years, 16,2 hh, Grey-Dapple",Oldenburg-International (OS),Mare,3 years,321000,"Lübtheen, DE",https://www.ehorses.com/oldenburg-international-os-mare-3years-162-hh-grey-dapple-showjumpers-breedinghorses-eventinghorses-dressagehorses-luebtheen/4748545.html,0,5.506505032404872,0,3.0,Oldenburg-International (OS),International
ehorses.com,"Other Warmbloods, Mare, 7 years, 16 hh",Other Warmbloods,Mare,7 years,321000,"Riga, LV",https://www.ehorses.com/other-warmbloods-mare-7years-16-hh-showjumpers-eventinghorses-dressagehorses-riga/4741783.html,0,5.506505032404872,0,7.0,Other Warmbloods,International
ehorses.com,"PRE, Gelding, 6 years, 16,1 hh, Grey",Andalusian,Gelding,6 years,80250,"Asperup, DK",https://www.ehorses.com/pre-gelding-6years-161-hh-grey-dressagehorses-baroquehorses-showjumpers-asperup/4744166.html,0,4.90444504107691,0,6.0,Andalusian,International
ehorses.com,"PRE, Stallion, 1 year, 16 hh, Grey",Andalusian,Stallion,1 year,26750,"Jardinito, El (Cordoba) (Finca), ES",https://www.ehorses.com/pre-stallion-1year-16-hh-grey-eventinghorses-dressagehorses-jardinito-el-cordoba-finca/4744006.html,0,4.427323786357247,0,,Andalusian,International
ehorses.com,"PRE, Stallion, 3 years, 15,2 hh, Grey-Dapple",Andalusian,Stallion,3 years,48150,"Tabernas, ES",https://www.ehorses.com/pre-stallion-3years-152-hh-grey-dapple-eventinghorses-working-equitation-horses-leisurehorses-dressagehorses-tabernas/4743951.html,0,4.682596291460554,0,3.0,Andalusian,International
ehorses.com,"KWPN, Stallion, 3 years, 16,2 hh, Grey-Dapple",KWPN,Stallion,3 years,74900,"Békés, HU",https://www.ehorses.com/kwpn-stallion-3years-162-hh-grey-dapple-showjumpers-bekes/4676926.html,0,4.874481817699467,0,3.0,KWPN,International
ehorses.com,"PRE, Stallion, 4 years, 15,2 hh, Dun",Andalusian,Stallion,4 years,64199,"Tabernas, ES",https://www.ehorses.com/pre-stallion-4years-152-hh-dun-eventinghorses-working-equitation-horses-breedinghorses-leisurehorses-tabernas/4743934.html,0,4.807528263304612,0,4.0,Andalusian,International
ehorses.com,"PRE, Stallion, 3 years, 15,3 hh, Perlino",Andalusian,Stallion,3 years,187250,"Povinz Malaga, ES",https://www.ehorses.com/pre-stallion-3years-153-hh-perlino-breedinghorses-working-equitation-horses-baroquehorses-dressagehorses-povinz-malaga/4743929.html,0,5.272421826371504,0,3.0,Andalusian,International
ehorses.com,"More ponies/small horses, Mare, 5 years, 15,1 hh, Grey-Dapple",More ponies/small horses,Mare,5 years,32099,"Békéscsaba, HU",https://www.ehorses.com/more-poniessmall-horses-mare-5years-151-hh-grey-dapple-leisurehorses-bekescsaba/4744867.html,0,4.506491502771016,0,5.0,More ponies/small horses,International
ehorses.com,"PRE, Stallion, 2 years, 15,2 hh, Brown",Andalusian,Stallion,2 years,26750,"Tabernas, ES",https://www.ehorses.com/pre-stallion-2years-152-hh-brown-eventinghorses-doma-vaquera-working-equitation-horses-leisurehorses-tabernas/4743902.html,0,4.427323786357247,0,2.0,Andalusian,International
ehorses.com,"Trakehner, Gelding, 4 years, 16 hh, Bay-Dark",Trakehner,Gelding,4 years,85600,"Westerstede, DE",https://www.ehorses.com/trakehner-gelding-4years-16-hh-bay-dark-dressagehorses-eventinghorses-showjumpers-westerstede/4636928.html,0,4.9324737646771535,0,4.0,Trakehner,International
ehorses.com,"PRE, Stallion, 4 years, 16 hh, Grey-Dark-Tan",Andalusian,Stallion,4 years,133750,"Vejer de la Frontera, ES",https://www.ehorses.com/pre-stallion-4years-16-hh-grey-dark-tan-leisurehorses-working-equitation-horses-dressagehorses-vejer-de-la-frontera/4743763.html,0,5.126293790693266,0,4.0,Andalusian,International
ehorses.com,"PRE, Mare, 2 years, 15,2 hh, Brown",Andalusian,Mare,2 years,133750,"vejer de la frontera, ES",https://www.ehorses.com/pre-mare-2years-152-hh-brown-dressagehorses-working-equitation-horses-leisurehorses-vejer-de-la-frontera/4743706.html,0,5.126293790693266,0,2.0,Andalusian,International
ehorses.com,"American Quarter Horse, Stallion, 9 years, 13,3 hh, Palomino",Quarter Horse,Stallion,9 years,192600,"Neukirchen am Walde, AT",https://www.ehorses.com/american-quarter-horse-stallion-9years-133-hh-palomino-reininghorses-neukirchen-am-walde/4730377.html,0,5.284656282788515,0,9.0,Quarter Horse,International
ehorses.com,"American Quarter Horse, Gelding, 12 years, 14,2 hh, Palomino",Quarter Horse,Gelding,12 years,35350,"Weatherford TX, US",https://www.ehorses.com/american-quarter-horse-gelding-12years-142-hh-palomino-trailhorses-ranch-riding-horses-weatherford-tx/4355531.html,0,4.548389418132918,0,12.0,Quarter Horse,International
ehorses.com,"Oldenburg, Mare, 6 years, 16,1 hh, Chestnut-Red",Oldenburg,Mare,6 years,133750,"Achtrup, DE",https://www.ehorses.com/oldenburg-mare-6years-161-hh-chestnut-red-dressagehorses-breedinghorses-showjumpers-leisurehorses-achtrup/4654039.html,0,5.126293790693266,0,6.0,Oldenburg,International
ehorses.com,"Appaloosa, Gelding, 11 years, 14,1 hh, Roan-Bay",Appaloosa,Gelding,11 years,35350,"Paicines CA, US",https://www.ehorses.com/appaloosa-gelding-11years-141-hh-roan-bay-trailhorses-ranch-riding-horses-paicines-ca/4436563.html,0,4.548389418132918,0,11.0,Other_Rare,International
ehorses.com,"Hungarian Sport Horse, Mare, 6 years, 16,1 hh, Chestnut",Hungarian Sport Horse,Mare,6 years,909499,"Debrecen, HU",https://www.ehorses.com/hungarian-sport-horse-mare-6years-161-hh-chestnut-dressagehorses-debrecen/4592101.html,0,5.958802225890189,0,6.0,Hungarian Sport Horse,International
ehorses.com,"Friesian horses, Mare, 4 years, 16,1 hh",Friesian,Mare,4 years,96300,"Dalen, NL",https://www.ehorses.com/friesian-horses-mare-4years-161-hh-leisurehorses-dalen/4512865.html,0,4.983626287124535,0,4.0,Friesian,International
ehorses.com,"American Quarter Horse, Gelding, 8 years, 15 hh, Roan-Red",Quarter Horse,Gelding,8 years,35350,"Level Green KY, US",https://www.ehorses.com/american-quarter-horse-gelding-8years-15-hh-roan-red-trailhorses-ranch-riding-horses-level-green-ky/4117515.html,0,4.548389418132918,0,8.0,Quarter Horse,International
ehorses.com,"Oldenburg, Mare, 16 years, 16 hh, Bay-Dark",Oldenburg,Mare,16 years,40125,"Dassel, DE",https://www.ehorses.com/oldenburg-mare-16years-16-hh-bay-dark-dressagehorses-showjumpers-dassel/4623869.html,0,4.603415045412929,0,16.0,Oldenburg,International
ehorses.com,"Trakehner, Gelding, 3 years, Chestnut-Red",Trakehner,Gelding,3 years,80250,"Crivitz, DE",https://www.ehorses.com/trakehner-gelding-3years-chestnut-red-eventinghorses-showjumpers-carriagehorses-dressagehorses-crivitz/3709594.html,0,4.90444504107691,0,3.0,Trakehner,International
ehorses.com,"Anglo European Studbook, Gelding, 5 years, 15,3 hh, Brown",Anglo-Arabian,Gelding,5 years,63129,"Zieuwent, NL",https://www.ehorses.com/anglo-european-studbook-gelding-5years-153-hh-brown-showjumpers-eventinghorses-dressagehorses-zieuwent/4748511.html,0,4.800228909905183,0,5.0,Anglo-Arabian,International
ehorses.com,"Arabian horses, Mare, 4 years, 15,1 hh, Chestnut-Red",Arabian horses,Mare,4 years,85600,"Amtzell, DE",https://www.ehorses.com/arabian-horses-mare-4years-151-hh-chestnut-red-endurancehorses-breedinghorses-leisurehorses-dressagehorses-amtzell/4206638.html,0,4.9324737646771535,0,4.0,Arabian horses,International
ehorses.com,"Arabian horses, Mare, 12 years, 14,3 hh, Grey",Arabian horses,Mare,12 years,85600,"Amtzell, DE",https://www.ehorses.com/arabian-horses-mare-12years-143-hh-grey-leisurehorses-amtzell/4742202.html,0,4.9324737646771535,0,12.0,Arabian horses,International
ehorses.com,"KWPN, Gelding, 5 years, 16 hh, Black",KWPN,Gelding,5 years,133750,"Oosterhout, NL",https://www.ehorses.com/kwpn-gelding-5years-16-hh-black-sire-oosterhout/4748060.html,0,5.126293790693266,0,5.0,KWPN,International
ehorses.com,"Cruzado Mix, Gelding, 5 years, 15,3 hh, Grey-Dark-Tan",Cruzado Mix,Gelding,5 years,26750,"Westerheim, DE",https://www.ehorses.com/cruzado-gelding-5years-153-hh-grey-dark-tan-leisurehorses-westerheim/4748169.html,0,4.427323786357247,0,5.0,Other_Rare,International
ehorses.com,"Westphalian, Mare, 4 years, 15,3 hh, Black",Westphalian,Mare,4 years,105930,"Wachtendonk, DE",https://www.ehorses.com/westphalian-mare-4years-153-hh-black-dressagehorses-showjumpers-leisurehorses-wachtendonk/4723412.html,0,5.025018972282759,0,4.0,Westphalian,International
ehorses.com,"Connemara Mix, Gelding, 10 years, 14.2 hh, Grey",Connemara Mix,Gelding,10 years,105930,"Wachtendonk, DE",https://www.ehorses.com/connemara-gelding-10years-14-2-hh-grey-showjumpers-leisurehorses-dressagehorses-wachtendonk/4737452.html,0,5.025018972282759,0,10.0,Other_Rare,International
ehorses.com,"Holstein, Mare, 14 years, 16 hh, Smoky-Black",Holstein,Mare,14 years,95230,"Wachtendonk, DE",https://www.ehorses.com/holstein-mare-14years-16-hh-smoky-black-showjumpers-leisurehorses-dressagehorses-wachtendonk/4747107.html,0,4.978773784330122,0,14.0,Holstein,International
ehorses.com,"Hanoverian, Mare, 6 years, 16 hh, Bay-Dark",Hanoverian,Mare,6 years,133750,"Kempen, DE",https://www.ehorses.com/hanoverian-mare-6years-16-hh-bay-dark-dressagehorses-showjumpers-showhunter-leisurehorses-kempen/4721595.html,0,5.126293790693266,0,6.0,Hanoverian,International
ehorses.com,"KWPN, Gelding, 5 years, 16 hh",KWPN,Gelding,5 years,267500,"Schladming, AT",https://www.ehorses.com/kwpn-gelding-5years-16-hh-showjumpers-schladming/4498498.html,0,5.427323786357247,0,5.0,KWPN,International
ehorses.com,"Hanoverian, Gelding, 12 years, 17 hh, Grey",Hanoverian,Gelding,12 years,149800,"Heinsberg, DE",https://www.ehorses.com/hanoverian-gelding-12years-17-hh-grey-showjumpers-hunter-leisurehorses-dressagehorses-heinsberg/4739325.html,0,5.175511813363448,0,12.0,Hanoverian,International
ehorses.com,"PRE, Stallion, 4 years, 16 hh, Grey-Dapple",Andalusian,Stallion,4 years,64199,"Sagunt/Sagunto, ES",https://www.ehorses.com/pre-stallion-4years-16-hh-grey-dapple-working-equitation-horses-doma-vaquera-gaitedhorses-baroquehorses-saguntsagunto/4231893.html,0,4.807528263304612,0,4.0,Andalusian,International
ehorses.com,"Hanoverian, Gelding, 5 years, 16.3 hh, Brown",Hanoverian,Gelding,5 years,235399,"Burscheid, DE",https://www.ehorses.com/hanoverian-gelding-5years-16-3-hh-brown-dressagehorses-burscheid/4728705.html,0,5.371804613582164,0,5.0,Hanoverian,International
ehorses.com,"Hanoverian, Gelding, 4 years, 16 hh, Chestnut-Red",Hanoverian,Gelding,4 years,187250,"Tiddische, DE",https://www.ehorses.com/hanoverian-gelding-4years-16-hh-chestnut-red-dressagehorses-eventinghorses-tiddische/4520626.html,0,5.272421826371504,0,4.0,Hanoverian,International
ehorses.com,"PRE Mix, Stallion, 3 years, 15.3 hh, Buckskin",Andalusian,Stallion,3 years,101650,"Logroño, ES",https://www.ehorses.com/pre-stallion-3years-15-3-hh-buckskin-leisurehorses-working-equitation-horses-logrono/4748445.html,0,5.007107382974057,0,3.0,Andalusian,International
ehorses.com,"More ponies/small horses, Gelding, 9 years, 14.2 hh, Chestnut-Red",More ponies/small horses,Gelding,9 years,31029,"Plaue, DE",https://www.ehorses.com/more-poniessmall-horses-gelding-9years-14-2-hh-chestnut-red-westernhorses-leisurehorses-plaue/4730311.html,0,4.491767779403694,0,9.0,More ponies/small horses,International
ehorses.com,"Oldenburg-International (OS), Mare, 12 years, 15.2 hh, Brown",Oldenburg-International (OS),Mare,12 years,208650,"Werlte, DE",https://www.ehorses.com/oldenburg-international-os-mare-12years-15-2-hh-brown-showjumpers-breedinghorses-werlte/4620429.html,0,5.319418389047728,0,12.0,Oldenburg-International (OS),International
ehorses.com,"KWPN, Mare, 6 years, 16.2 hh, Brown",KWPN,Mare,6 years,588500,"Joure, NL",https://www.ehorses.com/kwpn-mare-6years-16-2-hh-brown-dressagehorses-joure/4748378.html,0,5.769746467179454,0,6.0,KWPN,International
ehorses.com,"Trakehner Mix, Mare, 14 years, 15.2 hh, Chestnut",Trakehner Mix,Mare,14 years,37450,"Wasserburg am Inn, DE",https://www.ehorses.com/trakehner-mare-14years-15-2-hh-chestnut-leisurehorses-wasserburg-am-inn/4733793.html,0,4.573451822035485,0,14.0,Other_Rare,International
ehorses.com,"American Quarter Horse, Mare, 8 years, 15.1 hh, Palomino",Quarter Horse,Mare,8 years,112349,"Wasserburg am Inn, DE",https://www.ehorses.com/american-quarter-horse-mare-8years-15-1-hh-palomino-reininghorses-leisurehorses-wasserburg-am-inn/4733778.html,0,5.050569211188484,0,8.0,Quarter Horse,International
ehorses.com,"German Riding Pony, Gelding, 5 years, 14.1 hh, Brown",Pony,Gelding,5 years,187250,"Frelsdorf, DE",https://www.ehorses.com/german-riding-pony-gelding-5years-14-1-hh-brown-dressagehorses-showjumpers-showhunter-leisurehorses-frelsdorf/4748355.html,0,5.272421826371504,0,5.0,Pony,International
ehorses.com,"Hanoverian Mix, Mare, 1 year, 16 hh, Brown",Hanoverian Mix,Mare,1 year,80250,"Générac, FR",https://www.ehorses.com/hanoverian-mare-1year-16-hh-brown-dressagehorses-breedinghorses-leisurehorses-generac/4748357.html,0,4.90444504107691,0,,Other_Rare,International
ehorses.com,"Westphalian, Mare, 6 years, 16.1 hh, Black",Westphalian,Mare,6 years,251449,"Bad Wörishofen, DE",https://www.ehorses.com/westphalian-mare-6years-16-1-hh-black-dressagehorses-breedinghorses-leisurehorses-bad-woerishofen/4748347.html,0,5.400449912793114,0,6.0,Westphalian,International
ehorses.com,"Lusitano Mix, Mare, 1 year, 15.2 hh, Black",Lusitano,Mare,1 year,80250,"Générac, FR",https://www.ehorses.com/lusitano-mare-1year-15-2-hh-black-dressagehorses-working-equitation-horses-showhorses-leisurehorses-generac/4748345.html,0,4.90444504107691,0,,Lusitano,International
ehorses.com,"Westphalian, Gelding, 10 years, 17.1 hh, Smoky-Black",Westphalian,Gelding,10 years,588500,"Mainburg, DE",https://www.ehorses.com/westphalian-gelding-10years-17-1-hh-smoky-black-showjumpers-showhunter-dressagehorses-mainburg/4732307.html,0,5.769746467179454,0,10.0,Westphalian,International
ehorses.com,"German Sport Horse, Mare, 5 years, 16 hh, Chestnut-Red",German Sport Horse,Mare,5 years,374500,"Bad Wörishofen, DE",https://www.ehorses.com/german-sport-horse-mare-5years-16-hh-chestnut-red-dressagehorses-breedinghorses-leisurehorses-bad-woerishofen/4748327.html,0,5.573451822035485,0,5.0,German Sport Horse,International
ehorses.com,"Holstein, Mare, 6 years, 16 hh, Brown",Holstein,Mare,6 years,321000,"Lohne (Oldenburg), DE",https://www.ehorses.com/holstein-mare-6years-16-hh-brown-showjumpers-breedinghorses-leisurehorses-dressagehorses-lohne-oldenburg/4577366.html,0,5.506505032404872,0,6.0,Holstein,International
ehorses.com,"Oldenburg-International (OS), Mare, 5 years, 16.1 hh, Bay-Dark",Oldenburg-International (OS),Mare,5 years,133750,"Lohne (Oldenburg), DE",https://www.ehorses.com/oldenburg-international-os-mare-5years-16-1-hh-bay-dark-showjumpers-breedinghorses-leisurehorses-dressagehorses-lohne-oldenburg/4680850.html,0,5.126293790693266,0,5.0,Oldenburg-International (OS),International
ehorses.com,"Oldenburg-International (OS), Mare, 6 years, 15.3 hh, Bay-Dark",Oldenburg-International (OS),Mare,6 years,321000,"Lohne (Oldenburg), DE",https://www.ehorses.com/oldenburg-international-os-mare-6years-15-3-hh-bay-dark-showjumpers-breedinghorses-showhunter-dressagehorses-lohne-oldenburg/4680863.html,0,5.506505032404872,0,6.0,Oldenburg-International (OS),International
ehorses.com,"Hanoverian, Mare, 7 years, 16.2 hh, Black",Hanoverian,Mare,7 years,80250,"Gifhorn, DE",https://www.ehorses.com/hanoverian-mare-7years-16-2-hh-black-dressagehorses-breedinghorses-leisurehorses-gifhorn/4612530.html,0,4.90444504107691,0,7.0,Hanoverian,International
ehorses.com,"Oldenburg, Gelding, 6 years, 17 hh, Bay-Dark",Oldenburg,Gelding,6 years,588500,"Jüchen, DE",https://www.ehorses.com/oldenburg-gelding-6years-17-hh-bay-dark-dressagehorses-juechen/4745405.html,0,5.769746467179454,0,6.0,Oldenburg,International
ehorses.com,"German Sport Horse, Gelding, 8 years, 17.2 hh, Brown",German Sport Horse,Gelding,8 years,288900,"Wiernsheim, DE",https://www.ehorses.com/german-sport-horse-gelding-8years-17-2-hh-brown-showjumpers-leisurehorses-dressagehorses-wiernsheim/4748248.html,0,5.460747541844197,0,8.0,German Sport Horse,International
ehorses.com,"Gypsy Horse, Mare, 7 years, 12.2 hh, Champagne",Gypsy Horse,Mare,7 years,23540,"Issum, DE",https://www.ehorses.com/gypsy-horse-mare-7years-12-2-hh-champagne-leisurehorses-issum/4716021.html,0,4.3718064585074154,0,7.0,Other_Rare,International
ehorses.com,"Gypsy Horse, Stallion, 1 year, 12 hh, Champagne",Gypsy Horse,Stallion,1 year,31029,"Issum, DE",https://www.ehorses.com/gypsy-horse-stallion-1year-12-hh-champagne-leisurehorses-issum/4716069.html,0,4.491767779403694,0,,Other_Rare,International
ehorses.com,"KWPN, Stallion, 1 year, 12.2 hh, Smoky-Black",KWPN,Stallion,1 year,48150,"Issum, DE",https://www.ehorses.com/kwpn-stallion-1year-12-2-hh-smoky-black-dressagehorses-issum/4719437.html,0,4.682596291460554,0,,KWPN,International
ehorses.com,"American Quarter Horse, Gelding, 6 years, 15 hh, Buckskin",Quarter Horse,Gelding,6 years,35350,"Weatherford TX, US",https://www.ehorses.com/american-quarter-horse-gelding-6years-15-hh-buckskin-trailhorses-ranch-riding-horses-weatherford-tx/4515872.html,0,4.548389418132918,0,6.0,Quarter Horse,International
ehorses.com,"German Riding Pony, Mare, 5 years, 14,1 hh, Chestnut-Red",Pony,Mare,5 years,50825,"Extertal, DE",https://www.ehorses.com/german-riding-pony-mare-5years-141-hh-chestnut-red-dressagehorses-breedinghorses-showjumpers-leisurehorses-extertal/4734583.html,0,4.706077387310076,0,5.0,Pony,International
ehorses.com,"Lusitano, Stallion, 6 years, 15,3 hh, Grey",Lusitano,Stallion,6 years,321000,"Navas Del Madroño, ES",https://www.ehorses.com/lusitano-stallion-6years-153-hh-grey-dressagehorses-navas-del-madrono/4668017.html,0,5.506505032404872,0,6.0,Lusitano,International
ehorses.com,"Oldenburg, Gelding, 3 years, 16,1 hh, Brown",Oldenburg,Gelding,3 years,53500,"Damme, DE",https://www.ehorses.com/oldenburg-gelding-3years-161-hh-brown-dressagehorses-damme/4520158.html,0,4.7283537820212285,0,3.0,Oldenburg,International
ehorses.com,"Danish Warmblood, Gelding, 8 years, 17,1 hh, Smoky-Black",Danish Warmblood,Gelding,8 years,909499,"Oberstadion, DE",https://www.ehorses.com/danish-warmblood-gelding-8years-171-hh-smoky-black-dressagehorses-oberstadion/4104225.html,0,5.958802225890189,0,8.0,Danish Warmblood,International
ehorses.com,"Thoroughbred, Mare, 17 years, 17 hh, Bay",Thoroughbred,Mare,17 years,65650,"Fort Collins, CO, US",https://www.ehorses.com/thoroughbred-mare-17years-17-hh-bay-trailhorses-english-pleasure-showjumpers-dressagehorses-fort-collins-co/4463752.html,0,4.817234730425498,0,17.0,Thoroughbred,International
ehorses.com,"Anglo European Studbook, Stallion, 5 years, 16,1 hh, Chestnut",Anglo-Arabian,Stallion,5 years,80250,"Békéscsaba, HU",https://www.ehorses.com/anglo-european-studbook-stallion-5years-161-hh-chestnut-showjumpers-showhunter-bekescsaba/4416869.html,0,4.90444504107691,0,5.0,Anglo-Arabian,International
ehorses.com,"Draft Horse, Gelding, 4 years, 16,1 hh, Black",Draft Horse,Gelding,4 years,35350,"Jacksboro TX, US",https://www.ehorses.com/draft-horse-gelding-4years-161-hh-black-trailhorses-ranch-riding-horses-jacksboro-tx/4509214.html,0,4.548389418132918,0,4.0,Other_Rare,International
ehorses.com,"Shetland Ponies, Stallion, 1 year, 8,1 hh, Chestnut-Red",Shetland Ponies,Stallion,1 year,8560,"Issum, DE",https://www.ehorses.com/shetland-ponies-stallion-1year-81-hh-chestnut-red-cowhorses-issum/4719446.html,0,3.932473764677153,0,,Shetland Ponies,International
ehorses.com,"Konik Mix, Stallion, 1 year, 12,1 hh, Dun",Konik Mix,Stallion,1 year,31029,"Issum, DE",https://www.ehorses.com/konik-stallion-1year-121-hh-dun-baroquehorses-issum/4720356.html,0,4.491767779403694,0,,Other_Rare,International
ehorses.com,"Other Warmbloods, Gelding, 11 years, 16,2 hh, Grey",Other Warmbloods,Gelding,11 years,84530,"Issum, DE",https://www.ehorses.com/other-warmbloods-gelding-11years-162-hh-grey-dressagehorses-issum/4719454.html,0,4.927010868975651,0,11.0,Other Warmbloods,International
ehorses.com,"Other Thoroughbred Breeds, Mare, 7 years, 15,2 hh, Grey-Fleabitten",Thoroughbred,Mare,7 years,49220,"Issum, DE",https://www.ehorses.com/other-thoroughbred-breeds-mare-7years-152-hh-grey-fleabitten-endurancehorses-issum/4720046.html,0,4.692141609366784,0,7.0,Thoroughbred,International
ehorses.com,"Icelandic Horse, Mare, 5 years, 13,3 hh, Pinto",Icelandic Horse,Mare,5 years,187250,"Oberzent, DE",https://www.ehorses.com/icelandic-horse-mare-5years-133-hh-pinto-gaitedhorses-breedinghorses-leisurehorses-dressagehorses-oberzent/4748190.html,0,5.272421826371504,0,5.0,Icelandic Horse,International
ehorses.com,"Czech Warmblood, Gelding, 15 years, 12 hh, Brown",Czech Warmblood,Gelding,15 years,40660,"Bergamo, IT",https://www.ehorses.com/czech-warmblood-gelding-15years-12-hh-brown-ranch-riding-horses-trailhorses-leisurehorses-bergamo/4748262.html,0,4.60916737430202,0,15.0,Other_Rare,International
ehorses.com,"More ponies/small horses, Mare, 14 years, 12,2 hh, Pinto",More ponies/small horses,Mare,14 years,27819,"Ursensollen, DE",https://www.ehorses.com/more-poniessmall-horses-mare-14years-122-hh-pinto-leisurehorses-ursensollen/4748268.html,0,4.4443415145026295,0,14.0,More ponies/small horses,International
ehorses.com,"Hanoverian, Gelding, 3 years, 16,2 hh, Brown",Hanoverian,Gelding,3 years,112349,"Isernhagen, DE",https://www.ehorses.com/hanoverian-gelding-3years-162-hh-brown-dressagehorses-isernhagen/4707200.html,0,5.050569211188484,0,3.0,Hanoverian,International
ehorses.com,"Anglo European Studbook, Mare, 7 years, 15,3 hh, Brown",Anglo-Arabian,Mare,7 years,627000,"Gossau SG, CH",https://www.ehorses.com/anglo-european-studbook-mare-7years-153-hh-brown-showjumpers-gossau-sg/4748183.html,0,5.797267540830717,0,7.0,Anglo-Arabian,International
ehorses.com,"Other Warmbloods, Gelding, 9 years, 15,1 hh, Brown",Other Warmbloods,Gelding,9 years,101650,"Ankum, DE",https://www.ehorses.com/other-warmbloods-gelding-9years-151-hh-brown-leisurehorses-showjumpers-ankum/4748172.html,0,5.007107382974057,0,9.0,Other Warmbloods,International
ehorses.com,"Lusitano, Stallion, 8 years, 15,2 hh, Grey",Lusitano,Stallion,8 years,535000,"Sanlucar De Barrameda, ES",https://www.ehorses.com/lusitano-stallion-8years-152-hh-grey-dressagehorses-working-equitation-horses-baroquehorses-breedinghorses-sanlucar-de-barrameda/4748160.html,0,5.7283537820212285,0,8.0,Lusitano,International
ehorses.com,"German Sport Horse, Gelding, 5 years, 16,2 hh, Bay-Dark",German Sport Horse,Gelding,5 years,69550,"Blekendorf, DE",https://www.ehorses.com/german-sport-horse-gelding-5years-162-hh-bay-dark-dressagehorses-leisurehorses-blekendorf/4680916.html,0,4.842297134328065,0,5.0,German Sport Horse,International
ehorses.com,"More ponies/small horses, Mare, 6 years, 14,1 hh, Black",More ponies/small horses,Mare,6 years,48150,"Blekendorf, DE",https://www.ehorses.com/more-poniessmall-horses-mare-6years-141-hh-black-leisurehorses-showjumpers-dressagehorses-blekendorf/4692984.html,0,4.682596291460554,0,6.0,More ponies/small horses,International
ehorses.com,"Trakehner, Gelding, 7 years, 17 hh, Black",Trakehner,Gelding,7 years,181900,"Blekendorf, DE",https://www.ehorses.com/trakehner-gelding-7years-17-hh-black-dressagehorses-showjumpers-leisurehorses-blekendorf/4734554.html,0,5.259832699063484,0,7.0,Trakehner,International
ehorses.com,"Swiss Warmblood, Mare, 11 years, 15,2 hh, Bay-Dark",Swiss Warmblood,Mare,11 years,228000,"Bern, CH",https://www.ehorses.com/swiss-warmblood-mare-11years-152-hh-bay-dark-leisurehorses-showjumpers-dressagehorses-bern/4748151.html,0,5.357934847000454,0,11.0,Other_Rare,International
ehorses.com,"Oldenburg, Mare, 4 years, Bay-Dark",Oldenburg,Mare,4 years,16049,"Fuldabrück, DE",https://www.ehorses.com/oldenburg-mare-4years-bay-dark-leisurehorses-fuldabrueck/4748071.html,0,4.205447977051676,0,4.0,Oldenburg,International
ehorses.com,"Lusitano Mix, Gelding, 12 years, 14,3 hh, Dun",Lusitano,Gelding,12 years,77040,"Jerez de la Frontera, ES",https://www.ehorses.com/lusitano-gelding-12years-143-hh-dun-leisurehorses-working-equitation-horses-carriagehorses-jerez-de-la-frontera/4748026.html,0,4.886716274116478,0,12.0,Lusitano,International
ehorses.com,"German Riding Pony, Gelding, 3 years, 14,3 hh, Dun",Pony,Gelding,3 years,64199,"Marsberg, DE",https://www.ehorses.com/german-riding-pony-gelding-3years-143-hh-dun-dressagehorses-marsberg/4738788.html,0,4.807528263304612,0,3.0,Pony,International
ehorses.com,"Lusitano, Mare, 5 years, 15,2 hh, Grey",Lusitano,Mare,5 years,214000,"Blankenberge, BE",https://www.ehorses.com/lusitano-mare-5years-152-hh-grey-dressagehorses-equitation-portugesa-working-equitation-horses-blankenberge/4722607.html,0,5.330413773349191,0,5.0,Lusitano,International
ehorses.com,"Hucul, Mare, 3 years, 13,2 hh, Dun",Hucul,Mare,3 years,40125,"Eggermühlen, DE",https://www.ehorses.com/hucul-mare-3years-132-hh-dun-leisurehorses-eggermuehlen/4687939.html,0,4.603415045412929,0,3.0,Other_Rare,International
ehorses.com,"German Riding Pony, Gelding, 4 years, 14,2 hh, Palomino",Pony,Gelding,4 years,234329,"Kempen, DE",https://www.ehorses.com/german-riding-pony-gelding-4years-142-hh-palomino-dressagehorses-showjumpers-leisurehorses-kempen/4710517.html,0,5.3698260391757415,0,4.0,Pony,International
ehorses.com,"PRE Mix, Mare, 3 years, 16,2 hh, Grey",Andalusian,Mare,3 years,80250,"El Catllar, ES",https://www.ehorses.com/pre-mare-3years-162-hh-grey-dressagehorses-showjumpers-el-catllar/4053347.html,0,4.90444504107691,0,3.0,Andalusian,International
ehorses.com,"PRE Mix, Stallion, 15 years, 15,2 hh, White",Andalusian,Stallion,15 years,321000,"Bas Rhin, FR",https://www.ehorses.com/pre-stallion-15years-152-hh-white-dressagehorses-bas-rhin/4739586.html,0,5.506505032404872,0,15.0,Andalusian,International
ehorses.com,"American Quarter Horse, Gelding, 7 years, 14,2 hh, Chestnut",Quarter Horse,Gelding,7 years,35350,"Weatherford TX, US",https://www.ehorses.com/american-quarter-horse-gelding-7years-142-hh-chestnut-trailhorses-ranch-riding-horses-weatherford-tx/4429342.html,0,4.548389418132918,0,7.0,Quarter Horse,International
ehorses.com,"KWPN, Gelding, 14 years, 16,2 hh, Bay",KWPN,Gelding,14 years,909499,"Mol, BE",https://www.ehorses.com/kwpn-gelding-14years-162-hh-bay-dressagehorses-mol/4642387.html,0,5.958802225890189,0,14.0,KWPN,International
ehorses.com,"Westphalian, Mare, 1 year, 16 hh, Bay-Dark",Westphalian,Mare,1 year,80250,"Siegen, DE",https://www.ehorses.com/westphalian-mare-1year-16-hh-bay-dark-dressagehorses-breedinghorses-leisurehorses-siegen/4506785.html,0,4.90444504107691,0,,Westphalian,International
ehorses.com,"Oldenburg, Gelding, 6 years, 17,1 hh, Bay-Dark",Oldenburg,Gelding,6 years,321000,"Siegen, DE",https://www.ehorses.com/oldenburg-gelding-6years-171-hh-bay-dark-dressagehorses-working-equitation-horses-leisurehorses-siegen/4687462.html,0,5.506505032404872,0,6.0,Oldenburg,International
ehorses.com,"Trakehner, Gelding, 3 years, 16,1 hh, Chestnut-Red",Trakehner,Gelding,3 years,214000,"Löbau, DE",https://www.ehorses.com/trakehner-gelding-3years-161-hh-chestnut-red-dressagehorses-eventinghorses-leisurehorses-loebau/4676734.html,0,5.330413773349191,0,3.0,Trakehner,International
ehorses.com,"Connemara, Gelding, 5 years, 14,3 hh, Grey",Connemara,Gelding,5 years,108800,"Mountrath, IE",https://www.ehorses.com/connemara-gelding-5years-143-hh-grey-eventinghorses-showjumpers-leisurehorses-dressagehorses-mountrath/4681744.html,0,5.036628895362161,0,5.0,Connemara,International
ehorses.com,"PRE, Stallion, 9 years, 15,2 hh",Andalusian,Stallion,9 years,909499,"Vinkeveen, NL",https://www.ehorses.com/pre-stallion-9years-152-hh-dressagehorses-vinkeveen/4361834.html,0,5.958802225890189,0,9.0,Andalusian,International
ehorses.com,"PRE Mix, Gelding, 6 years, 17 hh",Andalusian,Gelding,6 years,909499,"Vinkeveen, NL",https://www.ehorses.com/pre-gelding-6years-17-hh-dressagehorses-vinkeveen/4482824.html,0,5.958802225890189,0,6.0,Andalusian,International
ehorses.com,"PRE Mix, Stallion, 7 years, 16,2 hh",Andalusian,Stallion,7 years,588500,"Vinkeveen, NL",https://www.ehorses.com/pre-stallion-7years-162-hh-dressagehorses-vinkeveen/4482841.html,0,5.769746467179454,0,7.0,Andalusian,International
ehorses.com,"PRE, Stallion, 4 years, 14,2 hh, Buckskin",Andalusian,Stallion,4 years,80250,"Vejer de la Frontera, DE",https://www.ehorses.com/pre-stallion-4years-142-hh-buckskin-leisurehorses-baroquehorses-dressagehorses-vejer-de-la-frontera/4730490.html,0,4.90444504107691,0,4.0,Andalusian,International
ehorses.com,"Lusitano, Gelding, 6 years, 15,2 hh, Bay-Dark",Lusitano,Gelding,6 years,80250,"Vejer de la Frontera, ES",https://www.ehorses.com/lusitano-gelding-6years-152-hh-bay-dark-working-equitation-horses-leisurehorses-vejer-de-la-frontera/4730464.html,0,4.90444504107691,0,6.0,Lusitano,International
ehorses.com,"KWPN, Mare, 15 years, 16,2 hh, Brown",KWPN,Mare,15 years,85600,"Manche, FR",https://www.ehorses.com/kwpn-mare-15years-162-hh-brown-dressagehorses-breedinghorses-manche/4748032.html,0,4.9324737646771535,0,15.0,KWPN,International
ehorses.com,"Anglo European Studbook, Gelding, 5 years, 15,3 hh, Grey",Anglo-Arabian,Gelding,5 years,588500,"Piła, PL",https://www.ehorses.com/anglo-european-studbook-gelding-5years-153-hh-grey-showjumpers-endurancehorses-showhunter-leisurehorses-pia/4725624.html,0,5.769746467179454,0,5.0,Anglo-Arabian,International
ehorses.com,"Hanoverian, Mare, 6 years, 16 hh, Chestnut-Red",Hanoverian,Mare,6 years,588500,"Münster, DE",https://www.ehorses.com/hanoverian-mare-6years-16-hh-chestnut-red-dressagehorses-breedinghorses-leisurehorses-muenster/4700638.html,0,5.769746467179454,0,6.0,Hanoverian,International
ehorses.com,"Oldenburg, Gelding, 5 years, 16,1 hh, Black",Oldenburg,Gelding,5 years,321000,"Münster, DE",https://www.ehorses.com/oldenburg-gelding-5years-161-hh-black-dressagehorses-leisurehorses-muenster/4700657.html,0,5.506505032404872,0,5.0,Oldenburg,International
ehorses.com,"Holstein, Gelding, 9 years, 16,3 hh, Brown",Holstein,Gelding,9 years,588500,"Gadow, DE",https://www.ehorses.com/holstein-gelding-9years-163-hh-brown-showjumpers-dressagehorses-gadow/4748001.html,0,5.769746467179454,0,9.0,Holstein,International
ehorses.com,"Selle Français, Gelding, 2 years, 16,2 hh, Brown",Selle Français,Gelding,2 years,160500,"Gironde, FR",https://www.ehorses.com/selle-francais-gelding-2years-162-hh-brown-dressagehorses-gironde/4747999.html,0,5.205475036740891,0,2.0,Other_Rare,International
ehorses.com,"Oldenburg, Gelding, 9 years, 17 hh, Black",Oldenburg,Gelding,9 years,428000,"Ahrensburg, DE",https://www.ehorses.com/oldenburg-gelding-9years-17-hh-black-dressagehorses-leisurehorses-ahrensburg/4711528.html,0,5.631443769013172,0,9.0,Oldenburg,International
ehorses.com,"Andalusian, Stallion, 7 years, 15,3 hh, Bay-Dark",Andalusian,Stallion,7 years,518949,"Ermelo, NL",https://www.ehorses.com/andalusian-stallion-7years-153-hh-bay-dark-dressagehorses-working-equitation-horses-baroquehorses-leisurehorses-ermelo/4737525.html,0,5.715124679415134,0,7.0,Andalusian,International
ehorses.com,"Lusitano, Stallion, 9 years, 16 hh, Cremello",Lusitano,Stallion,9 years,476149,"Ermelo, NL",https://www.ehorses.com/lusitano-stallion-9years-16-hh-cremello-dressagehorses-working-equitation-horses-baroquehorses-leisurehorses-ermelo/4731727.html,0,5.677742876569243,0,9.0,Lusitano,International
ehorses.com,"Andalusian, Stallion, 10 years, 16,1 hh, Grey-Dapple",Andalusian,Stallion,10 years,476149,"Ermelo, NL",https://www.ehorses.com/andalusian-stallion-10years-161-hh-grey-dapple-dressagehorses-working-equitation-horses-baroquehorses-leisurehorses-ermelo/4730033.html,0,5.677742876569243,0,10.0,Andalusian,International
ehorses.com,"Hanoverian, Mare, 4 years, 16,1 hh, Brown",Hanoverian,Mare,4 years,251449,"Scheeßel, DE",https://www.ehorses.com/hanoverian-mare-4years-161-hh-brown-dressagehorses-scheessel/4747982.html,0,5.400449912793114,0,4.0,Hanoverian,International
ehorses.com,"KWPN, Gelding, 6 years, 16 hh, Brown",KWPN,Gelding,6 years,428000,"Gieten, NL",https://www.ehorses.com/kwpn-gelding-6years-16-hh-brown-dressagehorses-gieten/4207870.html,0,5.631443769013172,0,6.0,KWPN,International
ehorses.com,"American Quarter Horse, Gelding, 6 years, 15,1 hh, Brown",Quarter Horse,Gelding,6 years,144450,"Wilhelmsburg, AT",https://www.ehorses.com/american-quarter-horse-gelding-6years-151-hh-brown-trailhorses-leisurehorses-wilhelmsburg/4744404.html,0,5.159717546180215,0,6.0,Quarter Horse,International
ehorses.com,"Hispano Arabian, Stallion, 14 years, 15,2 hh, Palomino",Hispano Arabian,Stallion,14 years,133750,"Hamburg, DE",https://www.ehorses.com/hispano-arabian-stallion-14years-152-hh-palomino-leisurehorses-working-equitation-horses-breedinghorses-dressagehorses-hamburg/4670848.html,0,5.126293790693266,0,14.0,Other_Rare,International
ehorses.com,"Rhinelander, Gelding, 12 years, 17 hh, Smoky-Black",Rhinelander,Gelding,12 years,321000,"Krefeld, DE",https://www.ehorses.com/rhinelander-gelding-12years-17-hh-smoky-black-dressagehorses-leisurehorses-krefeld/4731638.html,0,5.506505032404872,0,12.0,Other_Rare,International
ehorses.com,"NRPS, Gelding, 4 years, 16,2 hh, Black",NRPS,Gelding,4 years,187250,"Oosterhout, NL",https://www.ehorses.com/nrps-gelding-4years-162-hh-black-dressagehorses-oosterhout/4656952.html,0,5.272421826371504,0,4.0,Other_Rare,International
ehorses.com,"Austrian Warmblood, Mare, 18 years, 15,2 hh, Brown",Austrian Warmblood,Mare,18 years,31029,"Zell an der Pram, AT",https://www.ehorses.com/austrian-warmblood-mare-18years-152-hh-brown-breedinghorses-leisurehorses-zell-an-der-pram/4738558.html,0,4.491767779403694,0,18.0,Austrian Warmblood,International
ehorses.com,"Fjord Horses Mix, Stallion, 9 years, 13,2 hh, Buckskin",Fjord Horses Mix,Stallion,9 years,32099,"Békés, HU",https://www.ehorses.com/fjord-horses-stallion-9years-132-hh-buckskin-leisurehorses-bekes/4727250.html,0,4.506491502771016,0,9.0,Other_Rare,International
ehorses.com,"Hanoverian, Mare, 5 years, 16,1 hh, Brown",Hanoverian,Mare,5 years,197950,"Stoetze, DE",https://www.ehorses.com/hanoverian-mare-5years-161-hh-brown-dressagehorses-stoetze/4683169.html,0,5.2965555060882235,0,5.0,Hanoverian,International
ehorses.com,"PRE Mix, Stallion, 6 years, 16 hh, Brown",Andalusian,Stallion,6 years,187250,"Calañas, ES",https://www.ehorses.com/pre-stallion-6years-16-hh-brown-dressagehorses-doma-vaquera-working-equitation-horses-leisurehorses-calanas/4747956.html,0,5.272421826371504,0,6.0,Andalusian,International
ehorses.com,"Mecklenburg Warmblood, Gelding, 4 years, 15,2 hh, Palomino",Mecklenburg Warmblood,Gelding,4 years,321000,"Loewenberger Land, 30 min. von Berlin, DE",https://www.ehorses.com/mecklenburg-warmblood-gelding-4years-152-hh-palomino-dressagehorses-loewenberger-land-30-min--von-berlin/4631285.html,0,5.506505032404872,0,4.0,Mecklenburg Warmblood,International
ehorses.com,"Westphalian, Gelding, 10 years, 17 hh, Brown",Westphalian,Gelding,10 years,85600,"Créteil, FR",https://www.ehorses.com/westphalian-gelding-10years-17-hh-brown-showjumpers-creteil/4747919.html,0,4.9324737646771535,0,10.0,Westphalian,International
ehorses.com,"Oldenburg, Mare, 15 years, 16,1 hh, Brown",Oldenburg,Mare,15 years,90950,"Sankt Peter am Kammersberg, AT",https://www.ehorses.com/oldenburg-mare-15years-161-hh-brown-dressagehorses-breedinghorses-leisurehorses-sankt-peter-am-kammersberg/4747955.html,0,4.958802703399503,0,15.0,Oldenburg,International
ehorses.com,"Oldenburg, Mare, 6 years, 16,1 hh, Grey-Dapple",Oldenburg,Mare,6 years,267500,"Griesheim, DE",https://www.ehorses.com/oldenburg-mare-6years-161-hh-grey-dapple-eventinghorses-showjumpers-leisurehorses-dressagehorses-griesheim/4747954.html,0,5.427323786357247,0,6.0,Oldenburg,International
ehorses.com,"PRE Mix, Stallion, 5 years, 15,2 hh, Grey-Dapple",Andalusian,Stallion,5 years,133750,"Sevilla, ES",https://www.ehorses.com/pre-stallion-5years-152-hh-grey-dapple-baroquehorses-doma-vaquera-leisurehorses-dressagehorses-sevilla/4695122.html,0,5.126293790693266,0,5.0,Andalusian,International
ehorses.com,"Anglo-Arab, Mare, 6 years, 15,2 hh, Pinto",Anglo-Arabian,Mare,6 years,133750,"Sevilla, ES",https://www.ehorses.com/anglo-arab-mare-6years-152-hh-pinto-leisurehorses-sevilla/4720242.html,0,5.126293790693266,0,6.0,Anglo-Arabian,International
ehorses.com,"German Riding Horse, Mare, 7 years, 14,2 hh, Chestnut-Red",German Riding Horse,Mare,7 years,588500,"Sankt Peter am Kammersberg, AT",https://www.ehorses.com/german-riding-horse-mare-7years-142-hh-chestnut-red-showjumpers-breedinghorses-leisurehorses-dressagehorses-sankt-peter-am-kammersberg/4747944.html,0,5.769746467179454,0,7.0,German Riding Horse,International
ehorses.com,"Hanoverian, Gelding, 5 years, 16,2 hh, Grey-Dapple",Hanoverian,Gelding,5 years,128399,"Verden (Aller), DE",https://www.ehorses.com/hanoverian-gelding-5years-162-hh-grey-dapple-showjumpers-verden-aller/4747704.html,0,5.1085616413638855,0,5.0,Hanoverian,International
ehorses.com,"Oldenburg-International (OS), Mare, 10 years, Bay",Oldenburg-International (OS),Mare,10 years,631300,"Budapest, HU",https://www.ehorses.com/oldenburg-international-os-mare-10years-bay-showjumpers-budapest/4747660.html,0,5.8002357893273535,0,10.0,Oldenburg-International (OS),International
ehorses.com,"Oldenburg-International (OS), Mare, 10 years, Bay",Oldenburg-International (OS),Mare,10 years,631300,"Budapest, HU",https://www.ehorses.com/oldenburg-international-os-mare-10years-bay-showjumpers-budapest/4747687.html,0,5.8002357893273535,0,10.0,Oldenburg-International (OS),International
ehorses.com,"Hanoverian, Stallion, 1 year, 16,1 hh, Brown",Hanoverian,Stallion,1 year,48150,"Winsen (Luhe), DE",https://www.ehorses.com/hanoverian-stallion-1year-161-hh-brown-dressagehorses-eventinghorses-winsen-luhe/4547530.html,0,4.682596291460554,0,,Hanoverian,International
ehorses.com,"PRE, Stallion, 9 years, 15,2 hh, Grey-Dapple",Andalusian,Stallion,9 years,321000,"Wien, AT",https://www.ehorses.com/pre-stallion-9years-152-hh-grey-dapple-dressagehorses-showhorses-baroquehorses-leisurehorses-wien/3415681.html,0,5.506505032404872,0,9.0,Andalusian,International
ehorses.com,"Friesian horses, Gelding, 7 years, 15,3 hh, Black",Friesian,Gelding,7 years,227250,"Mount Vernon, US",https://www.ehorses.com/friesian-horses-gelding-7years-153-hh-black-ranch-riding-horses-trailhorses-mount-vernon/4251554.html,0,5.356503891894005,0,7.0,Friesian,International
ehorses.com,"Holstein, Mare, 3 years, 16 hh, Bay-Dark",Holstein,Mare,3 years,85600,"Goch, DE",https://www.ehorses.com/holstein-mare-3years-16-hh-bay-dark-showjumpers-breedinghorses-eventinghorses-leisurehorses-goch/4701725.html,0,4.9324737646771535,0,3.0,Holstein,International
ehorses.com,"Oldenburg, Mare, 19 years, 16,3 hh, Chestnut-Red",Oldenburg,Mare,19 years,5350,"Gleiming, AT",https://www.ehorses.com/oldenburg-mare-19years-163-hh-chestnut-red-breedinghorses-gleiming/4496871.html,0,3.7283537820212285,0,19.0,Oldenburg,International
ehorses.com,"Trakehner, Mare, 1 year, Grey",Trakehner,Mare,1 year,74900,"Seibersbach, DE",https://www.ehorses.com/trakehner-mare-1year-grey-eventinghorses-showjumpers-seibersbach/4636889.html,0,4.874481817699467,0,,Trakehner,International
ehorses.com,"PRE Mix, Stallion, 6 years, 16 hh, Bay-Dark",Andalusian,Stallion,6 years,187250,"ALICANTE, ES",https://www.ehorses.com/pre-stallion-6years-16-hh-bay-dark-dressagehorses-leisurehorses-carriagehorses-alicante/4410631.html,0,5.272421826371504,0,6.0,Andalusian,International
ehorses.com,"Trakehner, Gelding, 6 years, 17 hh, Black",Trakehner,Gelding,6 years,80250,"Celle, DE",https://www.ehorses.com/trakehner-gelding-6years-17-hh-black-dressagehorses-eventinghorses-leisurehorses-celle/4696918.html,0,4.90444504107691,0,6.0,Trakehner,International
ehorses.com,"Trakehner, Mare, 5 years, 16,1 hh, Can be white",Trakehner,Mare,5 years,133750,"Großenkneten, DE",https://www.ehorses.com/trakehner-mare-5years-161-hh-can-be-white-eventinghorses-breedinghorses-leisurehorses-dressagehorses-grossenkneten/4599953.html,0,5.126293790693266,0,5.0,Trakehner,International
ehorses.com,"German Riding Pony, Stallion, 21 years, 14,3 hh, Smoky-Black",Pony,Stallion,21 years,29959,"Wildeshausen, DE",https://www.ehorses.com/german-riding-pony-stallion-21years-143-hh-smoky-black-dressagehorses-leisurehorses-sire-wildeshausen/4649185.html,0,4.476527312975026,0,21.0,Pony,International
ehorses.com,"Trakehner, Mare, 4 years, 16,1 hh, Brown",Trakehner,Mare,4 years,187250,"Großenkneten, DE",https://www.ehorses.com/trakehner-mare-4years-161-hh-brown-dressagehorses-breedinghorses-eventinghorses-leisurehorses-grossenkneten/4683104.html,0,5.272421826371504,0,4.0,Trakehner,International
ehorses.com,"Other Warmbloods, Mare, 7 years, Palomino",Other Warmbloods,Mare,7 years,66875,"Den Ham, NL",https://www.ehorses.com/other-warmbloods-mare-7years-palomino-dressagehorses-den-ham/4731471.html,0,4.825263795029285,0,7.0,Other Warmbloods,International
ehorses.com,"Icelandic Horse, Gelding, 9 years, 13,2 hh, Brown",Icelandic Horse,Gelding,9 years,101650,"Oldendorf, DE",https://www.ehorses.com/icelandic-horse-gelding-9years-132-hh-brown-gaitedhorses-leisurehorses-dressagehorses-oldendorf/4747780.html,0,5.007107382974057,0,9.0,Icelandic Horse,International
ehorses.com,"Hanoverian, Mare, 8 years, 16,1 hh, Brown",Hanoverian,Mare,8 years,321000,"Frankfurt am Main, DE",https://www.ehorses.com/hanoverian-mare-8years-161-hh-brown-dressagehorses-frankfurt-am-main/4063043.html,0,5.506505032404872,0,8.0,Hanoverian,International
ehorses.com,"Westphalian, Gelding, 7 years, 16,1 hh, Chestnut-Red",Westphalian,Gelding,7 years,588500,"Frankfurt am Main, DE",https://www.ehorses.com/westphalian-gelding-7years-161-hh-chestnut-red-dressagehorses-frankfurt-am-main/4064413.html,0,5.769746467179454,0,7.0,Westphalian,International
ehorses.com,"Westphalian, Gelding, 8 years, 16,1 hh, Brown",Westphalian,Gelding,8 years,321000,"Frankfurt am Main, DE",https://www.ehorses.com/westphalian-gelding-8years-161-hh-brown-dressagehorses-frankfurt-am-main/4064524.html,0,5.506505032404872,0,8.0,Westphalian,International
ehorses.com,"Westphalian, Gelding, 6 years, 17 hh, Black",Westphalian,Gelding,6 years,588500,"Herbstein, DE",https://www.ehorses.com/westphalian-gelding-6years-17-hh-black-dressagehorses-working-equitation-horses-leisurehorses-herbstein/4747771.html,0,5.769746467179454,0,6.0,Westphalian,International
ehorses.com,"Thoroughbred, Mare, 9 years, 16 hh, Brown",Thoroughbred,Mare,9 years,40125,"Sint Maarten, NL",https://www.ehorses.com/thoroughbred-mare-9years-16-hh-brown-breedinghorses-sint-maarten/4692820.html,0,4.603415045412929,0,9.0,Thoroughbred,International
ehorses.com,"Westphalian, Stallion, 1 year, 16,2 hh, Brown",Westphalian,Stallion,1 year,80250,"Schwerte, DE",https://www.ehorses.com/westphalian-stallion-1year-162-hh-brown-showjumpers-schwerte/4542826.html,0,4.90444504107691,0,,Westphalian,International
ehorses.com,"KWPN, Gelding, 3 years, 16,1 hh, Black",KWPN,Gelding,3 years,80250,"Moergestel, NL",https://www.ehorses.com/kwpn-gelding-3years-161-hh-black-dressagehorses-moergestel/4747752.html,0,4.90444504107691,0,3.0,KWPN,International
ehorses.com,"Hanoverian, Gelding, 9 years, 16,2 hh, Smoky-Black",Hanoverian,Gelding,9 years,160500,"Leipzig, DE",https://www.ehorses.com/hanoverian-gelding-9years-162-hh-smoky-black-showjumpers-leisurehorses-dressagehorses-leipzig/4736789.html,0,5.205475036740891,0,9.0,Hanoverian,International
ehorses.com,"Holstein, Stallion, 3 years, 16,1 hh, Brown",Holstein,Stallion,3 years,187250,"Bargenstedt, DE",https://www.ehorses.com/holstein-stallion-3years-161-hh-brown-showjumpers-eventinghorses-showhunter-bargenstedt/4726907.html,0,5.272421826371504,0,3.0,Holstein,International
ehorses.com,"Zangersheider, Mare, 7 years, 16,2 hh, Chestnut-Red",Zangersheider,Mare,7 years,171200,"Mossautal, DE",https://www.ehorses.com/zangersheider-mare-7years-162-hh-chestnut-red-showjumpers-mossautal/1733771.html,0,5.233503760341135,0,7.0,Zangersheider,International
ehorses.com,"Shagya Arabian, Gelding, 16 years, 14,2 hh, Brown",Shagya Arabian,Gelding,16 years,5350,"Neuhaus in der Wart, AT",https://www.ehorses.com/shagya-arabian-gelding-16years-142-hh-brown-leisurehorses-neuhaus-in-der-wart/4700461.html,0,3.7283537820212285,0,16.0,Other_Rare,International
ehorses.com,"German Riding Horse, Stallion, 2 years, 17 hh, Brown",German Riding Horse,Stallion,2 years,46010,"Wehringen, DE",https://www.ehorses.com/german-riding-horse-stallion-2years-17-hh-brown-dressagehorses-eventinghorses-showjumpers-wehringen/4701652.html,0,4.662852233264796,0,2.0,German Riding Horse,International
ehorses.com,"American Quarter Horse, Gelding, 12 years, 14,3 hh, Palomino",Quarter Horse,Gelding,12 years,35350,"Bitterwater CA, US",https://www.ehorses.com/american-quarter-horse-gelding-12years-143-hh-palomino-trailhorses-ranch-riding-horses-bitterwater-ca/4090864.html,0,4.548389418132918,0,12.0,Quarter Horse,International
ehorses.com,"Lusitano, Gelding, 7 years, 16,1 hh, Bay",Lusitano,Gelding,7 years,235399,"Płoniawy Bramura, PL",https://www.ehorses.com/lusitano-gelding-7years-161-hh-bay-working-equitation-horses-dressagehorses-poniawy-bramura/4740022.html,0,5.371804613582164,0,7.0,Lusitano,International
ehorses.com,"American Quarter Horse, Gelding, 10 years, 15 hh, Tobiano-all-colors",Quarter Horse,Gelding,10 years,35350,"Stephenville Tx, US",https://www.ehorses.com/american-quarter-horse-gelding-10years-15-hh-tobiano-all-colors-trailhorses-ranch-riding-horses-stephenville-tx/4277590.html,0,4.548389418132918,0,10.0,Quarter Horse,International
ehorses.com,"German Riding Horse, Gelding, 12 years, 14,2 hh, Brown",German Riding Horse,Gelding,12 years,187250,"Enzesfeld-Lindabrunn, AT",https://www.ehorses.com/german-riding-horse-gelding-12years-142-hh-brown-dressagehorses-eventinghorses-showjumpers-enzesfeld-lindabrunn/4658684.html,0,5.272421826371504,0,12.0,German Riding Horse,International
ehorses.com,"American Quarter Horse, Gelding, 17 years, 14,2 hh, Sorrel",Quarter Horse,Gelding,17 years,35350,"Stephenville TX, US",https://www.ehorses.com/american-quarter-horse-gelding-17years-142-hh-sorrel-trailhorses-ranch-riding-horses-stephenville-tx/4515920.html,0,4.548389418132918,0,17.0,Quarter Horse,International
ehorses.com,"More ponies/small horses, Gelding, 6 years, 12,1 hh, Grey-Dapple",More ponies/small horses,Gelding,6 years,32099,"Rechnitz, AT",https://www.ehorses.com/more-poniessmall-horses-gelding-6years-121-hh-grey-dapple-leisurehorses-showjumpers-carriagehorses-dressagehorses-rechnitz/4746144.html,0,4.506491502771016,0,6.0,More ponies/small horses,International
ehorses.com,"Oldenburg-International (OS), Stallion, 1 year, Brown",Oldenburg-International (OS),Stallion,1 year,74900,"Cloppenburg, DE",https://www.ehorses.com/oldenburg-international-os-stallion-1year-brown-showjumpers-cloppenburg/4608241.html,0,4.874481817699467,0,,Oldenburg-International (OS),International
ehorses.com,"Other Breeds, Mare, 6 years, 15 hh, Chestnut-Red",Other Breeds,Mare,6 years,48150,"Buttstädt, DE",https://www.ehorses.com/other-breeds-mare-6years-15-hh-chestnut-red-leisurehorses-carriagehorses-buttstaedt/4747715.html,0,4.682596291460554,0,6.0,Other_Rare,International
ehorses.com,"Wuerttemberg, Mare, 15 years, Chestnut-Red",Wuerttemberg,Mare,15 years,107000,"Gundelfingen an der Donau, DE",https://www.ehorses.com/wuerttemberg-mare-15years-chestnut-red-breedinghorses-gundelfingen-an-der-donau/4747673.html,0,5.02938377768521,0,15.0,Wuerttemberg,International
ehorses.com,"PRE, Gelding, 4 years, 17,2 hh, Brown",Andalusian,Gelding,4 years,187250,"Arjona, ES",https://www.ehorses.com/pre-gelding-4years-172-hh-brown-baroquehorses-breedinghorses-arjona/4694006.html,0,5.272421826371504,0,4.0,Andalusian,International
ehorses.com,"PRE, Mare, 2 years, 15,1 hh, Dun",Andalusian,Mare,2 years,80250,"Arjona, ES",https://www.ehorses.com/pre-mare-2years-151-hh-dun-breedinghorses-arjona/4694148.html,0,4.90444504107691,0,2.0,Andalusian,International
ehorses.com,"Hanoverian, Mare, 5 years, 16,1 hh, Bay-Dark",Hanoverian,Mare,5 years,321000,"Meinhard, DE",https://www.ehorses.com/hanoverian-mare-5years-161-hh-bay-dark-dressagehorses-breedinghorses-leisurehorses-meinhard/4719836.html,0,5.506505032404872,0,5.0,Hanoverian,International
ehorses.com,"KWPN, Gelding, 5 years, 16,2 hh, Bay-Dark",KWPN,Gelding,5 years,133750,"Grieselstein, AT",https://www.ehorses.com/kwpn-gelding-5years-162-hh-bay-dark-dressagehorses-leisurehorses-grieselstein/4742810.html,0,5.126293790693266,0,5.0,KWPN,International
ehorses.com,"Holstein, Gelding, 12 years, Brown",Holstein,Gelding,12 years,406600,"Gundelfingen an der Donau, DE",https://www.ehorses.com/holstein-gelding-12years-brown-showjumpers-gundelfingen-an-der-donau/4747661.html,0,5.60916737430202,0,12.0,Holstein,International
ehorses.com,"More ponies/small horses, Gelding, 3 years, 12,1 hh, Palomino",More ponies/small horses,Gelding,3 years,26750,"Rechnitz, AT",https://www.ehorses.com/more-poniessmall-horses-gelding-3years-121-hh-palomino-leisurehorses-showjumpers-carriagehorses-dressagehorses-rechnitz/4734813.html,0,4.427323786357247,0,3.0,More ponies/small horses,International
ehorses.com,"More ponies/small horses, Mare, 8 years, 12,1 hh, Brown",More ponies/small horses,Mare,8 years,26750,"Rechnitz, AT",https://www.ehorses.com/more-poniessmall-horses-mare-8years-121-hh-brown-leisurehorses-rechnitz/4747652.html,0,4.427323786357247,0,8.0,More ponies/small horses,International
ehorses.com,"PRE, Stallion, 2 years, 16,1 hh, Bay-Dark",Andalusian,Stallion,2 years,128399,"Segovia, ES",https://www.ehorses.com/pre-stallion-2years-161-hh-bay-dark-dressagehorses-gaitedhorses-segovia/4741605.html,0,5.1085616413638855,0,2.0,Andalusian,International
ehorses.com,"PRE, Gelding, 11 years, 15,3 hh, Bay-Dark",Andalusian,Gelding,11 years,53500,"Villanueva de la Concepción, ES",https://www.ehorses.com/pre-gelding-11years-153-hh-bay-dark-dressagehorses-villanueva-de-la-concepcion/4742582.html,0,4.7283537820212285,0,11.0,Andalusian,International
ehorses.com,"PRE, Gelding, 8 years, 16,2 hh, Bay-Dark",Andalusian,Gelding,8 years,133750,"Campo De Camara (Almogia), ES",https://www.ehorses.com/pre-gelding-8years-162-hh-bay-dark-dressagehorses-campo-de-camara-almogia/4742528.html,0,5.126293790693266,0,8.0,Andalusian,International
ehorses.com,"German Sport Horse, Mare, 6 years, 17 hh, Smoky-Black",German Sport Horse,Mare,6 years,214000,"Arnstorf, DE",https://www.ehorses.com/german-sport-horse-mare-6years-17-hh-smoky-black-dressagehorses-arnstorf/4747632.html,0,5.330413773349191,0,6.0,German Sport Horse,International
ehorses.com,"Haflinger Mix, Mare, 18 years, 14,2 hh",Haflinger Mix,Mare,18 years,17120,"Oettingen in Bayern, DE",https://www.ehorses.com/haflinger-mare-18years-142-hh-leisurehorses-oettingen-in-bayern/4715471.html,0,4.233503760341135,0,18.0,Other_Rare,International
ehorses.com,"Hanoverian, Mare, 8 years, 16,1 hh, Black",Hanoverian,Mare,8 years,32099,"Friedeburg Reepsholt, Hoheesche, DE",https://www.ehorses.com/hanoverian-mare-8years-161-hh-black-showjumpers-friedeburg-reepsholt-hoheesche/4744627.html,0,4.506491502771016,0,8.0,Hanoverian,International
ehorses.com,"Andalusian, Stallion, 6 years, 16 hh, Grey-Dapple",Andalusian,Stallion,6 years,251449,"Ermelo, NL",https://www.ehorses.com/andalusian-stallion-6years-16-hh-grey-dapple-dressagehorses-working-equitation-horses-baroquehorses-leisurehorses-ermelo/4746585.html,0,5.400449912793114,0,6.0,Andalusian,International
ehorses.com,"KWPN, Gelding, 4 years, 17,1 hh, Brown",KWPN,Gelding,4 years,133750,"Oosterhout, NL",https://www.ehorses.com/kwpn-gelding-4years-171-hh-brown-dressagehorses-oosterhout/4747147.html,0,5.126293790693266,0,4.0,KWPN,International
ehorses.com,"Trakehner, Mare, 2 years, Brown",Trakehner,Mare,2 years,74900,"Bismark, DE",https://www.ehorses.com/trakehner-mare-2years-brown-dressagehorses-eventinghorses-bismark/4603166.html,0,4.874481817699467,0,2.0,Trakehner,International
ehorses.com,"Connemara, Mare, 16 years, 14,3 hh, Grey",Connemara,Mare,16 years,80250,"Waldshut-Tiengen, DE",https://www.ehorses.com/connemara-mare-16years-143-hh-grey-leisurehorses-westernhorses-waldshut-tiengen/4262914.html,0,4.90444504107691,0,16.0,Connemara,International
ehorses.com,"Lusitano, Stallion, 11 years, 16 hh, Grey-Dapple",Lusitano,Stallion,11 years,2140000,"Martfeld, DE",https://www.ehorses.com/lusitano-stallion-11years-16-hh-grey-dapple-dressagehorses-working-equitation-horses-showhorses-baroquehorses-martfeld/4722475.html,0,6.330413773349191,0,11.0,Lusitano,International
ehorses.com,"American Quarter Horse, Mare, 13 years, 15,2 hh, Roan-Red",Quarter Horse,Mare,13 years,35350,"Rusk TX, US",https://www.ehorses.com/american-quarter-horse-mare-13years-152-hh-roan-red-trailhorses-ranch-riding-horses-rusk-tx/4582058.html,0,4.548389418132918,0,13.0,Quarter Horse,International
ehorses.com,"PRE Mix, Stallion, 6 years, 16 hh, Bay",Andalusian,Stallion,6 years,187250,"Caceres, ES",https://www.ehorses.com/pre-stallion-6years-16-hh-bay-dressagehorses-leisurehorses-caceres/4517525.html,0,5.272421826371504,0,6.0,Andalusian,International
ehorses.com,"Arabian Partbred, Stallion, 12 years, 15 hh, Pinto",Arabian Partbred,Stallion,12 years,40125,"Rot an der Rot, DE",https://www.ehorses.com/arabian-partbred-stallion-12years-15-hh-pinto-endurancehorses-leisurehorses-rot-an-der-rot/4620764.html,0,4.603415045412929,0,12.0,Other_Rare,International
ehorses.com,"Andalusian, Stallion, 5 years, 16 hh, Brown",Andalusian,Stallion,5 years,90950,"Ermelo, NL",https://www.ehorses.com/andalusian-stallion-5years-16-hh-brown-dressagehorses-working-equitation-horses-trailhorses-leisurehorses-ermelo/4747255.html,0,4.958802703399503,0,5.0,Andalusian,International
ehorses.com,"German Riding Horse, Gelding, 4 years, 16,1 hh, Grey-Dark-Tan",German Riding Horse,Gelding,4 years,74889,"Erkelenz, DE",https://www.ehorses.com/german-riding-horse-gelding-4years-161-hh-grey-dark-tan-dressagehorses-showjumpers-carriagehorses-erkelenz/4747459.html,0,4.8744180314493475,0,4.0,German Riding Horse,International
ehorses.com,"German Riding Pony, Mare, 3 years, 14 hh, Chestnut-Red",Pony,Mare,3 years,38520,"Erkelenz, DE",https://www.ehorses.com/german-riding-pony-mare-3years-14-hh-chestnut-red-dressagehorses-showjumpers-carriagehorses-erkelenz/4747495.html,0,4.5856862784524965,0,3.0,Pony,International
ehorses.com,"Andalusian, Stallion, 5 years, 15,2 hh, Black",Andalusian,Stallion,5 years,160500,"Ermelo, NL",https://www.ehorses.com/andalusian-stallion-5years-152-hh-black-dressagehorses-working-equitation-horses-baroquehorses-leisurehorses-ermelo/4747551.html,0,5.205475036740891,0,5.0,Andalusian,International
ehorses.com,"Holstein, Gelding, 13 years, 16,1 hh, Grey-Fleabitten",Holstein,Gelding,13 years,331700,"Schmilau, DE",https://www.ehorses.com/holstein-gelding-13years-161-hh-grey-fleabitten-showjumpers-schmilau/4401259.html,0,5.520745471519482,0,13.0,Holstein,International
ehorses.com,"Westphalian, Mare, 5 years, 16 hh, Grey-Dapple",Westphalian,Mare,5 years,235399,"Schmilau, DE",https://www.ehorses.com/westphalian-mare-5years-16-hh-grey-dapple-showjumpers-schmilau/4455110.html,0,5.371804613582164,0,5.0,Westphalian,International
ehorses.com,"Holstein, Gelding, 4 years, 16,1 hh, Brown",Holstein,Gelding,4 years,149800,"Mustin, DE",https://www.ehorses.com/holstein-gelding-4years-161-hh-brown-showjumpers-mustin/4487126.html,0,5.175511813363448,0,4.0,Holstein,International
ehorses.com,"Holstein, Mare, 9 years, 16 hh, Bay-Dark",Holstein,Mare,9 years,235399,"Schmilau, DE",https://www.ehorses.com/holstein-mare-9years-16-hh-bay-dark-showjumpers-eventinghorses-schmilau/4493702.html,0,5.371804613582164,0,9.0,Holstein,International
ehorses.com,"Holstein, Stallion, 1 year, Brown",Holstein,Stallion,1 year,64199,"Schmilau, DE",https://www.ehorses.com/holstein-stallion-1year-brown-showjumpers-schmilau/4575413.html,0,4.807528263304612,0,,Holstein,International
ehorses.com,"Danish Warmblood, Gelding, 5 years, 16,3 hh, Chestnut",Danish Warmblood,Gelding,5 years,358450,"Schmilau, DE",https://www.ehorses.com/danish-warmblood-gelding-5years-163-hh-chestnut-showjumpers-schmilau/4674508.html,0,5.5544285847220545,0,5.0,Danish Warmblood,International
ehorses.com,"Holstein, Mare, 10 years, 16 hh, Brown",Holstein,Mare,10 years,299600,"Pogeez, DE",https://www.ehorses.com/holstein-mare-10years-16-hh-brown-showjumpers-pogeez/4674514.html,0,5.476541809027429,0,10.0,Holstein,International
ehorses.com,"Holstein, Mare, 7 years, 16,1 hh, Chestnut",Holstein,Mare,7 years,176550,"Schmilau, DE",https://www.ehorses.com/holstein-mare-7years-161-hh-chestnut-showjumpers-eventinghorses-leisurehorses-schmilau/4674526.html,0,5.2468677218991155,0,7.0,Holstein,International
ehorses.com,"Holstein, Mare, 1 year, Brown",Holstein,Mare,1 year,133750,"Schmilau, DE",https://www.ehorses.com/holstein-mare-1year-brown-showjumpers-schmilau/4738100.html,0,5.126293790693266,0,,Holstein,International
ehorses.com,"Anglo European Studbook, Mare, 6 years, 17 hh, Bay-Dark",Anglo-Arabian,Mare,6 years,187250,"Regau, AT",https://www.ehorses.com/anglo-european-studbook-mare-6years-17-hh-bay-dark-leisurehorses-showjumpers-dressagehorses-regau/4744433.html,0,5.272421826371504,0,6.0,Anglo-Arabian,International
ehorses.com,"Anglo European Studbook, Gelding, 7 years, 16,3 hh, Smoky-Black",Anglo-Arabian,Gelding,7 years,133750,"Regau, AT",https://www.ehorses.com/anglo-european-studbook-gelding-7years-163-hh-smoky-black-leisurehorses-showjumpers-regau/4747600.html,0,5.126293790693266,0,7.0,Anglo-Arabian,International
ehorses.com,"Zangersheider, Gelding, 7 years, 16,3 hh, Brown-Light",Zangersheider,Gelding,7 years,321000,"BW, DE",https://www.ehorses.com/zangersheider-gelding-7years-163-hh-brown-light-showjumpers-bw/4737211.html,0,5.506505032404872,0,7.0,Zangersheider,International
ehorses.com,"American Quarter Horse, Stallion, 1 year, 15,3 hh, Black",Quarter Horse,Stallion,1 year,160500,"Echternacherbrück, DE",https://www.ehorses.com/american-quarter-horse-stallion-1year-153-hh-black-westernhorses-showhorses-leisurehorses-echternacherbrueck/4747577.html,0,5.205475036740891,0,,Quarter Horse,International
ehorses.com,"American Quarter Horse, Mare, 3 years, 14,1 hh, Black",Quarter Horse,Mare,3 years,187250,"Dahlem, DE",https://www.ehorses.com/american-quarter-horse-mare-3years-141-hh-black-westernhorses-showhorses-leisurehorses-dahlem/4747574.html,0,5.272421826371504,0,3.0,Quarter Horse,International
ehorses.com,"American Quarter Horse, Stallion, 1 year, 15.2 hh, Chestnut-Red",Quarter Horse,Stallion,1 year,80250,"Langenau, DE",https://www.ehorses.com/american-quarter-horse-stallion-1year-15-2-hh-chestnut-red-westernhorses-showhorses-leisurehorses-langenau/4747573.html,0,4.90444504107691,0,,Quarter Horse,International
ehorses.com,"American Paint Horse, Mare, 10 years, 15 hh, Pinto",American Paint Horse,Mare,10 years,117699,"Schollene, DE",https://www.ehorses.com/american-paint-horse-mare-10years-15-hh-pinto-westernhorses-showhorses-leisurehorses-schollene/4747572.html,0,5.070772772985093,0,10.0,American Paint Horse,International
ehorses.com,"American Quarter Horse, Mare, 2 years, 15 hh, Roan-Blue",Quarter Horse,Mare,2 years,85600,"Breitenbach, DE",https://www.ehorses.com/american-quarter-horse-mare-2years-15-hh-roan-blue-westernhorses-showhorses-leisurehorses-breitenbach/4747569.html,0,4.9324737646771535,0,2.0,Quarter Horse,International
ehorses.com,"Westphalian, Gelding, 6 years, 17 hh, Chestnut-Red",Westphalian,Gelding,6 years,267500,"Iserlohn, DE",https://www.ehorses.com/westphalian-gelding-6years-17-hh-chestnut-red-dressagehorses-leisurehorses-iserlohn/4739166.html,0,5.427323786357247,0,6.0,Westphalian,International
ehorses.com,"KWPN, Gelding, 17 years, 16 hh, Bay",KWPN,Gelding,17 years,588500,"Sherwood, Oregon, US",https://www.ehorses.com/kwpn-gelding-17years-16-hh-bay-dressagehorses-sherwood-oregon/4747491.html,0,5.769746467179454,0,17.0,KWPN,International
ehorses.com,"Hanoverian, Gelding, 5 years, 17 hh, Bay-Dark",Hanoverian,Gelding,5 years,101650,"Braunschweig, DE",https://www.ehorses.com/hanoverian-gelding-5years-17-hh-bay-dark-showjumpers-eventinghorses-leisurehorses-dressagehorses-braunschweig/4747514.html,0,5.007107382974057,0,5.0,Hanoverian,International
ehorses.com,"American Quarter Horse, Stallion, 1 year, 14.2 hh, Red Dun",Quarter Horse,Stallion,1 year,85600,"Steinen, DE",https://www.ehorses.com/american-quarter-horse-stallion-1year-14-2-hh-red-dun-westernhorses-cuttinghorses-reininghorses-leisurehorses-steinen/4499684.html,0,4.9324737646771535,0,,Quarter Horse,International
ehorses.com,"Haflinger, Stallion, 1 year, 14.1 hh, Chestnut-Red",Haflinger,Stallion,1 year,21400,"Steinen, DE",https://www.ehorses.com/haflinger-stallion-1year-14-1-hh-chestnut-red-leisurehorses-westernhorses-steinen/4499980.html,0,4.330413773349191,0,,Haflinger,International
ehorses.com,"German Riding Pony Mix, Stallion, 1 year, 13.2 hh, Pinto",Pony,Stallion,1 year,21400,"Steinen, DE",https://www.ehorses.com/german-riding-pony-stallion-1year-13-2-hh-pinto-leisurehorses-westernhorses-steinen/4500049.html,0,4.330413773349191,0,,Pony,International
ehorses.com,"German Riding Pony Mix, Mare, 1 year, 13.2 hh, Pinto",Pony,Mare,1 year,21400,"Steinen, DE",https://www.ehorses.com/german-riding-pony-mare-1year-13-2-hh-pinto-leisurehorses-westernhorses-steinen/4500055.html,0,4.330413773349191,0,,Pony,International
ehorses.com,"Shetland Ponies, Stallion, 1 year, 9.2 hh, Pinto",Shetland Ponies,Stallion,1 year,12840,"Steinen, DE",https://www.ehorses.com/shetland-ponies-stallion-1year-9-2-hh-pinto-leisurehorses-steinen/4500057.html,0,4.108565023732835,0,,Shetland Ponies,International
ehorses.com,"American Quarter Horse, Stallion, 1 year, 14.2 hh, Roan-Red",Quarter Horse,Stallion,1 year,101650,"Steinen, DE",https://www.ehorses.com/american-quarter-horse-stallion-1year-14-2-hh-roan-red-westernhorses-cuttinghorses-reininghorses-leisurehorses-steinen/4500169.html,0,5.007107382974057,0,,Quarter Horse,International
ehorses.com,"American Quarter Horse, Stallion, 1 year, 14.2 hh, Chestnut-Red",Quarter Horse,Stallion,1 year,52430,"Steinen, DE",https://www.ehorses.com/american-quarter-horse-stallion-1year-14-2-hh-chestnut-red-westernhorses-cuttinghorses-reininghorses-leisurehorses-steinen/4500194.html,0,4.719579857713724,0,,Quarter Horse,International
ehorses.com,"American Quarter Horse, Stallion, 2 years, 14.2 hh, Bay-Dark",Quarter Horse,Stallion,2 years,58849,"Steinen, DE",https://www.ehorses.com/american-quarter-horse-stallion-2years-14-2-hh-bay-dark-westernhorses-cowhorses-leisurehorses-steinen/4556096.html,0,4.76973908743142,0,2.0,Quarter Horse,International
ehorses.com,"German Riding Pony Mix, Stallion, 2 years, 14.1 hh, Pinto",Pony,Stallion,2 years,26750,"Steinen, DE",https://www.ehorses.com/german-riding-pony-stallion-2years-14-1-hh-pinto-leisurehorses-westernhorses-steinen/4556159.html,0,4.427323786357247,0,2.0,Pony,International
ehorses.com,"American Quarter Horse, Stallion, 2 years, 14.2 hh, Chestnut-Red",Quarter Horse,Stallion,2 years,80250,"Steinen, DE",https://www.ehorses.com/american-quarter-horse-stallion-2years-14-2-hh-chestnut-red-westernhorses-cuttinghorses-cowhorses-steinen/4556200.html,0,4.90444504107691,0,2.0,Quarter Horse,International
ehorses.com,"Lusitano Mix, Mare, 2 years, 15.1 hh, Dun",Lusitano,Mare,2 years,80250,"Générac, FR",https://www.ehorses.com/lusitano-mare-2years-15-1-hh-dun-dressagehorses-working-equitation-horses-eventinghorses-leisurehorses-generac/4747481.html,0,4.90444504107691,0,2.0,Lusitano,International
ehorses.com,"Lusitano Mix, Stallion, 2 years, 15.1 hh, Black",Lusitano,Stallion,2 years,80250,"Générac, FR",https://www.ehorses.com/lusitano-stallion-2years-15-1-hh-black-working-equitation-horses-showhorses-leisurehorses-dressagehorses-generac/4747467.html,0,4.90444504107691,0,2.0,Lusitano,International
ehorses.com,"Oldenburg, Gelding, 4 years, 17 hh, Brown",Oldenburg,Gelding,4 years,267500,"Radzionków, PL",https://www.ehorses.com/oldenburg-gelding-4years-17-hh-brown-dressagehorses-radzionkow/4747449.html,0,5.427323786357247,0,4.0,Oldenburg,International
ehorses.com,"More ponies/small horses, Stallion, 3 years, 14.1 hh, Palomino",More ponies/small horses,Stallion,3 years,187250,"Générac, FR",https://www.ehorses.com/more-poniessmall-horses-stallion-3years-14-1-hh-palomino-dressagehorses-showhorses-leisurehorses-sire-generac/4747435.html,0,5.272421826371504,0,3.0,More ponies/small horses,International
ehorses.com,"Hanoverian, Mare, 6 years, 16 hh, Black",Hanoverian,Mare,6 years,321000,"Neuberg, DE",https://www.ehorses.com/hanoverian-mare-6years-16-hh-black-dressagehorses-neuberg/4055494.html,0,5.506505032404872,0,6.0,Hanoverian,International
ehorses.com,"Oldenburg, Mare, 5 years, 16.1 hh, Black",Oldenburg,Mare,5 years,321000,"Lohne (Oldenburg), DE",https://www.ehorses.com/oldenburg-mare-5years-16-1-hh-black-dressagehorses-breedinghorses-lohne-oldenburg/4239122.html,0,5.506505032404872,0,5.0,Oldenburg,International
ehorses.com,"Oldenburg, Gelding, 8 years, 17 hh, Black",Oldenburg,Gelding,8 years,187250,"Lohne (Oldenburg), DE",https://www.ehorses.com/oldenburg-gelding-8years-17-hh-black-dressagehorses-leisurehorses-lohne-oldenburg/4699727.html,0,5.272421826371504,0,8.0,Oldenburg,International
ehorses.com,"Hanoverian, Gelding, 5 years, 16.1 hh, Black",Hanoverian,Gelding,5 years,321000,"Lohne (Oldenburg), DE",https://www.ehorses.com/hanoverian-gelding-5years-16-1-hh-black-dressagehorses-lohne-oldenburg/4420279.html,0,5.506505032404872,0,5.0,Hanoverian,International
ehorses.com,"Oldenburg, Mare, 5 years, 16 hh, Bay-Dark",Oldenburg,Mare,5 years,133750,"Lohne (Oldenburg), DE",https://www.ehorses.com/oldenburg-mare-5years-16-hh-bay-dark-dressagehorses-breedinghorses-leisurehorses-lohne-oldenburg/4448017.html,0,5.126293790693266,0,5.0,Oldenburg,International
ehorses.com,"German Sport Horse, Mare, 6 years, 16.2 hh, Chestnut",German Sport Horse,Mare,6 years,321000,"Lohne (Oldenburg), DE",https://www.ehorses.com/german-sport-horse-mare-6years-16-2-hh-chestnut-dressagehorses-lohne-oldenburg/4614347.html,0,5.506505032404872,0,6.0,German Sport Horse,International
ehorses.com,"Oldenburg, Gelding, 4 years, 17 hh, Smoky-Black",Oldenburg,Gelding,4 years,321000,"Lohne (Oldenburg), DE",https://www.ehorses.com/oldenburg-gelding-4years-17-hh-smoky-black-dressagehorses-showjumpers-leisurehorses-lohne-oldenburg/4656645.html,0,5.506505032404872,0,4.0,Oldenburg,International
ehorses.com,"Oldenburg, Gelding, 4 years, 16.1 hh, Black",Oldenburg,Gelding,4 years,588500,"Lohne (Oldenburg), DE",https://www.ehorses.com/oldenburg-gelding-4years-16-1-hh-black-dressagehorses-lohne-oldenburg/4656655.html,0,5.769746467179454,0,4.0,Oldenburg,International
ehorses.com,"Oldenburg, Gelding, 5 years, 17.1 hh, Chestnut-Red",Oldenburg,Gelding,5 years,321000,"Lohne (Oldenburg), DE",https://www.ehorses.com/oldenburg-gelding-5years-17-1-hh-chestnut-red-dressagehorses-lohne-oldenburg/4656660.html,0,5.506505032404872,0,5.0,Oldenburg,International
ehorses.com,"Oldenburg-International (OS), Gelding, 5 years, 16.2 hh, Bay-Dark",Oldenburg-International (OS),Gelding,5 years,321000,"Lohne (Oldenburg), DE",https://www.ehorses.com/oldenburg-international-os-gelding-5years-16-2-hh-bay-dark-showjumpers-showhunter-dressagehorses-lohne-oldenburg/4699690.html,0,5.506505032404872,0,5.0,Oldenburg-International (OS),International
ehorses.com,"Oldenburg-International (OS), Mare, 5 years, 16.1 hh, Bay-Dark",Oldenburg-International (OS),Mare,5 years,321000,"Lohne (Oldenburg), DE",https://www.ehorses.com/oldenburg-international-os-mare-5years-16-1-hh-bay-dark-showjumpers-breedinghorses-lohne-oldenburg/4735388.html,0,5.506505032404872,0,5.0,Oldenburg-International (OS),International
ehorses.com,"Westphalian, Mare, 5 years, 16.3 hh, Bay-Dark",Westphalian,Mare,5 years,105930,"Dornburg, DE",https://www.ehorses.com/westphalian-mare-5years-16-3-hh-bay-dark-showjumpers-leisurehorses-dressagehorses-dornburg/4384282.html,0,5.025018972282759,0,5.0,Westphalian,International
ehorses.com,"Polo Pony, Mare, 14 years, 15.1 hh, Chestnut-Red",Pony,Mare,14 years,62700,"Rafz, CH",https://www.ehorses.com/polo-pony-mare-14years-15-1-hh-chestnut-red-leisurehorses-rafz/4650752.html,0,4.797267540830717,0,14.0,Pony,International
ehorses.com,"Oldenburg, Gelding, 6 years, 16.2 hh, Chestnut-Red",Oldenburg,Gelding,6 years,74900,"Gronau (Westfalen), DE",https://www.ehorses.com/oldenburg-gelding-6years-16-2-hh-chestnut-red-dressagehorses-leisurehorses-gronau-westfalen/4747372.html,0,4.874481817699467,0,6.0,Oldenburg,International
ehorses.com,"Lewitzer, Gelding, 4 years, 14.1 hh, Pinto",Lewitzer,Gelding,4 years,123049,"Jesteburg, DE",https://www.ehorses.com/lewitzer-gelding-4years-14-1-hh-pinto-eventinghorses-showjumpers-leisurehorses-dressagehorses-jesteburg/4579903.html,0,5.090078088609755,0,4.0,Other_Rare,International
ehorses.com,"Hanoverian, Gelding, 6 years, 16.1 hh, Brown",Hanoverian,Gelding,6 years,160500,"Buchholz in der Nordheide, DE",https://www.ehorses.com/hanoverian-gelding-6years-16-1-hh-brown-eventinghorses-showjumpers-leisurehorses-dressagehorses-buchholz-in-der-nordheide/4729306.html,0,5.205475036740891,0,6.0,Hanoverian,International
ehorses.com,"Westphalian, Gelding, 3 years, 16.1 hh, Chestnut-Red",Westphalian,Gelding,3 years,80250,"Freiberg, DE",https://www.ehorses.com/westphalian-gelding-3years-16-1-hh-chestnut-red-dressagehorses-leisurehorses-freiberg/4713194.html,0,4.90444504107691,0,3.0,Westphalian,International
ehorses.com,"German Riding Pony, Gelding, 4 years, 14.2 hh, Chestnut-Red",Pony,Gelding,4 years,321000,"Hamm, DE",https://www.ehorses.com/german-riding-pony-gelding-4years-14-2-hh-chestnut-red-dressagehorses-showjumpers-leisurehorses-hamm/4740455.html,0,5.506505032404872,0,4.0,Pony,International
ehorses.com,"Icelandic Horse, Mare, 9 years, 14 hh, Pinto",Icelandic Horse,Mare,9 years,133750,"Zweibrücken, DE",https://www.ehorses.com/icelandic-horse-mare-9years-14-hh-pinto-gaitedhorses-zweibruecken/4025974.html,0,5.126293790693266,0,9.0,Icelandic Horse,International
ehorses.com,"Westphalian, Mare, 5 years, 16,2 hh, Bay-Dark",Westphalian,Mare,5 years,144450,"Jengen, DE",https://www.ehorses.com/westphalian-mare-5years-162-hh-bay-dark-dressagehorses-breedinghorses-leisurehorses-jengen/4745095.html,0,5.159717546180215,0,5.0,Westphalian,International
ehorses.com,"Fjord Horses, Mare, 2 years, 12,1 hh",Fjord Horses,Mare,2 years,28354,"Dorsten, DE",https://www.ehorses.com/fjord-horses-mare-2years-121-hh-leisurehorses-dorsten/4642285.html,0,4.452614335023878,0,2.0,Other_Rare,International
ehorses.com,"Mecklenburg Warmblood, Stallion, 2 years, Palomino",Mecklenburg Warmblood,Stallion,2 years,80250,"Weitenhagen, DE",https://www.ehorses.com/mecklenburg-warmblood-stallion-2years-palomino-dressagehorses-breedinghorses-eventinghorses-weitenhagen/4148288.html,0,4.90444504107691,0,2.0,Mecklenburg Warmblood,International
ehorses.com,"American Quarter Horse, Mare, 4 years, 14,2 hh, Roan-Bay",Quarter Horse,Mare,4 years,35350,"Camden MI, US",https://www.ehorses.com/american-quarter-horse-mare-4years-142-hh-roan-bay-trailhorses-ranch-riding-horses-camden-mi/4581887.html,0,4.548389418132918,0,4.0,Quarter Horse,International
ehorses.com,"Hungarian Sport Horse, Gelding, 4 years, 17 hh, Grey",Hungarian Sport Horse,Gelding,4 years,321000,"Debrecen, HU",https://www.ehorses.com/hungarian-sport-horse-gelding-4years-17-hh-grey-dressagehorses-debrecen/4592140.html,0,5.506505032404872,0,4.0,Hungarian Sport Horse,International
ehorses.com,"Oldenburg, Mare, 8 years, 16,1 hh, Chestnut-Red",Oldenburg,Mare,8 years,187250,"Damme, DE",https://www.ehorses.com/oldenburg-mare-8years-161-hh-chestnut-red-dressagehorses-breedinghorses-damme/4609024.html,0,5.272421826371504,0,8.0,Oldenburg,International
ehorses.com,"German Riding Pony, Stallion, 4 years, Palomino",Pony,Stallion,4 years,187250,"Hamm, DE",https://www.ehorses.com/german-riding-pony-stallion-4years-palomino-dressagehorses-showjumpers-leisurehorses-carriagehorses-hamm/4740429.html,0,5.272421826371504,0,4.0,Pony,International
ehorses.com,"Lusitano, Stallion, 10 years, 15,3 hh, Dun",Lusitano,Stallion,10 years,187250,"Aeropuerto De Noain (Pamplona), ES",https://www.ehorses.com/lusitano-stallion-10years-153-hh-dun-dressagehorses-equitation-portugesa-aeropuerto-de-noain-pamplona/4747344.html,0,5.272421826371504,0,10.0,Lusitano,International
ehorses.com,"Icelandic Horse, Gelding, 16 years, 13,2 hh, Chestnut-Red",Icelandic Horse,Gelding,16 years,85600,"Euskirchen, DE",https://www.ehorses.com/icelandic-horse-gelding-16years-132-hh-chestnut-red-gaitedhorses-leisurehorses-euskirchen/4747354.html,0,4.9324737646771535,0,16.0,Icelandic Horse,International
ehorses.com,"KWPN, Stallion, 15 years, 17 hh, Chestnut-Red",KWPN,Stallion,15 years,299600,"Radzionków, PL",https://www.ehorses.com/kwpn-stallion-15years-17-hh-chestnut-red-dressagehorses-breedinghorses-radzionkow/4390472.html,0,5.476541809027429,0,15.0,KWPN,International
ehorses.com,"Lusitano Mix, Stallion, 1 year, 15,1 hh, Bay-Dark",Lusitano,Stallion,1 year,40125,"Générac, FR",https://www.ehorses.com/lusitano-stallion-1year-151-hh-bay-dark-dressagehorses-working-equitation-horses-leisurehorses-generac/4747313.html,0,4.603415045412929,0,,Lusitano,International
ehorses.com,"Pintos, Mare, 6 years, 14,2 hh, Pinto",Pintos,Mare,6 years,80250,"Würzburg, DE",https://www.ehorses.com/pintos-mare-6years-142-hh-pinto-leisurehorses-trailhorses-carriagehorses-dressagehorses-wuerzburg/4747308.html,0,4.90444504107691,0,6.0,Other_Rare,International
ehorses.com,"Irish Sport Horse, Mare, 4 years, 16 hh, Brown",Irish Sport Horse,Mare,4 years,32099,"Lage, DE",https://www.ehorses.com/irish-sport-horse-mare-4years-16-hh-brown-dressagehorses-breedinghorses-showjumpers-leisurehorses-lage/4747302.html,0,4.506491502771016,0,4.0,Irish Sport Horse,International
ehorses.com,"American Quarter Horse, Gelding, 9 years, 15 hh, Dun",Quarter Horse,Gelding,9 years,35350,"Paicines CA, US",https://www.ehorses.com/american-quarter-horse-gelding-9years-15-hh-dun-trailhorses-ranch-riding-horses-paicines-ca/4736370.html,0,4.548389418132918,0,9.0,Quarter Horse,International
ehorses.com,"American Quarter Horse, Gelding, 14 years, 15,1 hh, Bay",Quarter Horse,Gelding,14 years,35350,"Bitterwater CA, US",https://www.ehorses.com/american-quarter-horse-gelding-14years-151-hh-bay-trailhorses-ranch-riding-horses-bitterwater-ca/4736373.html,0,4.548389418132918,0,14.0,Quarter Horse,International
ehorses.com,"Appaloosa, Gelding, 12 years, 15 hh, Roan-Red",Appaloosa,Gelding,12 years,35350,"Paicines CA, US",https://www.ehorses.com/appaloosa-gelding-12years-15-hh-roan-red-trailhorses-ranch-riding-horses-paicines-ca/4736380.html,0,4.548389418132918,0,12.0,Other_Rare,International
ehorses.com,"Draft Horse, Gelding, 6 years, 16.2 hh, Bay",Draft Horse,Gelding,6 years,35350,"Jacksboro TX, US",https://www.ehorses.com/draft-horse-gelding-6years-16-2-hh-bay-trailhorses-ranch-riding-horses-jacksboro-tx/4736369.html,0,4.548389418132918,0,6.0,Other_Rare,International
ehorses.com,"Lusitano Mix, Stallion, 1 year, 15.2 hh, Brown",Lusitano,Stallion,1 year,80250,"Générac, FR",https://www.ehorses.com/lusitano-stallion-1year-15-2-hh-brown-dressagehorses-working-equitation-horses-eventinghorses-leisurehorses-generac/4747265.html,0,4.90444504107691,0,,Lusitano,International
ehorses.com,"Oldenburg-International (OS), Mare, 10 years, 16.1 hh, Brown",Oldenburg-International (OS),Mare,10 years,133750,"Kornberg, AT",https://www.ehorses.com/oldenburg-international-os-mare-10years-16-1-hh-brown-leisurehorses-eventinghorses-showjumpers-dressagehorses-kornberg/4745767.html,0,5.126293790693266,0,10.0,Oldenburg-International (OS),International
ehorses.com,"Hanoverian, Mare, 6 years, 16.1 hh, Chestnut",Hanoverian,Mare,6 years,214000,"Rosenheim, DE",https://www.ehorses.com/hanoverian-mare-6years-16-1-hh-chestnut-dressagehorses-rosenheim/4747264.html,0,5.330413773349191,0,6.0,Hanoverian,International
ehorses.com,"Icelandic Horse, Mare, 3 years, 14 hh, Brown",Icelandic Horse,Mare,3 years,80250,"Lehmrade, DE",https://www.ehorses.com/icelandic-horse-mare-3years-14-hh-brown-gaitedhorses-lehmrade/4747270.html,0,4.90444504107691,0,3.0,Icelandic Horse,International
ehorses.com,"Icelandic Horse, Gelding, 4 years, 13.3 hh, Chestnut-Red",Icelandic Horse,Gelding,4 years,85600,"Wanroij, NL",https://www.ehorses.com/icelandic-horse-gelding-4years-13-3-hh-chestnut-red-gaitedhorses-wanroij/4736068.html,0,4.9324737646771535,0,4.0,Icelandic Horse,International
ehorses.com,"Oldenburg, Gelding, 12 years, 18 hh, Brown",Oldenburg,Gelding,12 years,192600,"Beelitz, DE",https://www.ehorses.com/oldenburg-gelding-12years-18-hh-brown-leisurehorses-beelitz/4675301.html,0,5.284656282788515,0,12.0,Oldenburg,International
ehorses.com,"Lusitano, Mare, 18 years, 15 hh, Black",Lusitano,Mare,18 years,40125,"Générac, FR",https://www.ehorses.com/lusitano-mare-18years-15-hh-black-breedinghorses-generac/4747254.html,0,4.603415045412929,0,18.0,Lusitano,International
ehorses.com,"Icelandic Horse, Gelding, 5 years, 13.2 hh, Chestnut-Red",Icelandic Horse,Gelding,5 years,85600,"Wanroij, NL",https://www.ehorses.com/icelandic-horse-gelding-5years-13-2-hh-chestnut-red-gaitedhorses-wanroij/4728757.html,0,4.9324737646771535,0,5.0,Icelandic Horse,International
ehorses.com,"Hanoverian, Gelding, 6 years, 16.1 hh, Brown",Hanoverian,Gelding,6 years,278200,"Neuhaus, DE",https://www.ehorses.com/hanoverian-gelding-6years-16-1-hh-brown-dressagehorses-leisurehorses-neuhaus/4632485.html,0,5.444357125656028,0,6.0,Hanoverian,International
ehorses.com,"Hanoverian, Mare, 8 years, 16.1 hh, Brown",Hanoverian,Mare,8 years,64199,"Rhade, DE",https://www.ehorses.com/hanoverian-mare-8years-16-1-hh-brown-breedinghorses-showjumpers-leisurehorses-rhade/4731959.html,0,4.807528263304612,0,8.0,Hanoverian,International
ehorses.com,"Hanoverian, Mare, 6 years, 16.2 hh, Brown",Hanoverian,Mare,6 years,299600,"Zeven, DE",https://www.ehorses.com/hanoverian-mare-6years-16-2-hh-brown-showjumpers-breedinghorses-eventinghorses-leisurehorses-zeven/4739617.html,0,5.476541809027429,0,6.0,Hanoverian,International
ehorses.com,"Hanoverian, Gelding, 5 years, 16.2 hh, Brown",Hanoverian,Gelding,5 years,288900,"Neuhaus an der Oste, DE",https://www.ehorses.com/hanoverian-gelding-5years-16-2-hh-brown-dressagehorses-leisurehorses-neuhaus-an-der-oste/4742025.html,0,5.460747541844197,0,5.0,Hanoverian,International
ehorses.com,"Lusitano, Mare, 11 years, 15.1 hh, Black",Lusitano,Mare,11 years,80250,"Générac, FR",https://www.ehorses.com/lusitano-mare-11years-15-1-hh-black-breedinghorses-dressagehorses-generac/4747242.html,0,4.90444504107691,0,11.0,Lusitano,International
ehorses.com,"Belgian Sport Horse, Mare, 4 years, 16.1 hh, Brown",Belgian Sport Horse,Mare,4 years,321000,"Frankfurt am Main, DE",https://www.ehorses.com/belgian-sport-horse-mare-4years-16-1-hh-brown-dressagehorses-frankfurt-am-main/4747184.html,0,5.506505032404872,0,4.0,Other_Rare,International
ehorses.com,"PRE, Mare, 6 years, 15.2 hh, Chestnut-Red",Andalusian,Mare,6 years,321000,"StahnsdorfStahnsdorf, DE",https://www.ehorses.com/pre-mare-6years-15-2-hh-chestnut-red-working-equitation-horses-doma-vaquera-baroquehorses-breedinghorses-stahnsdorfstahnsdorf/4366004.html,0,5.506505032404872,0,6.0,Andalusian,International
ehorses.com,"Holstein, Mare, 17 years, 16.3 hh, Grey",Holstein,Mare,17 years,32099,"Zossen, DE",https://www.ehorses.com/holstein-mare-17years-16-3-hh-grey-breedinghorses-zossen/4743916.html,0,4.506491502771016,0,17.0,Holstein,International
ehorses.com,"Oldenburg, Mare, 1 year, 16,2 hh",Oldenburg,Mare,1 year,53500,"Lengerich, DE",https://www.ehorses.com/oldenburg-mare-1year-162-hh-dressagehorses-leisurehorses-lengerich/4477088.html,0,4.7283537820212285,0,,Oldenburg,International
ehorses.com,"Missouri Foxtrotter, Gelding, 7 years, Chestnut",Missouri Foxtrotter,Gelding,7 years,35350,"Parkers Lake KY, US",https://www.ehorses.com/missouri-foxtrotter-gelding-7years-chestnut-trailhorses-gaitedhorses-parkers-lake-ky/4310537.html,0,4.548389418132918,0,7.0,Other_Rare,International
ehorses.com,"Wuerttemberg Mix, Mare, 6 years, 17 hh, Chestnut",Wuerttemberg Mix,Mare,6 years,321000,"Eberhardzell, DE",https://www.ehorses.com/wuerttemberg-mare-6years-17-hh-chestnut-dressagehorses-breedinghorses-leisurehorses-eberhardzell/4488260.html,0,5.506505032404872,0,6.0,Other_Rare,International
ehorses.com,"Oldenburg, Mare, 10 years, 17,1 hh, Grey",Oldenburg,Mare,10 years,749000,"Békéscsaba, HU",https://www.ehorses.com/oldenburg-mare-10years-171-hh-grey-showjumpers-bekescsaba/4714136.html,0,5.874481817699467,0,10.0,Oldenburg,International
ehorses.com,"Czech Warmblood, Gelding, 8 years, 16,2 hh, Bay-Dark",Czech Warmblood,Gelding,8 years,214000,"Brno, CZ",https://www.ehorses.com/czech-warmblood-gelding-8years-162-hh-bay-dark-showhunter-showjumpers-brno/4635893.html,0,5.330413773349191,0,8.0,Other_Rare,International
ehorses.com,"Zangersheider, Gelding, 4 years, 17 hh, Brown",Zangersheider,Gelding,4 years,267500,"Margarethen am Moos, AT",https://www.ehorses.com/zangersheider-gelding-4years-17-hh-brown-showjumpers-dressagehorses-margarethen-am-moos/4740395.html,0,5.427323786357247,0,4.0,Zangersheider,International
ehorses.com,"American Quarter Horse, Stallion, 2 years, 14,3 hh, Palomino",Quarter Horse,Stallion,2 years,105930,"Clausthal-Zellerfeld, DE",https://www.ehorses.com/american-quarter-horse-stallion-2years-143-hh-palomino-westernhorses-showhorses-leisurehorses-clausthal-zellerfeld/4732225.html,0,5.025018972282759,0,2.0,Quarter Horse,International
ehorses.com,"Westphalian, Gelding, 6 years, 16,1 hh, Brown",Westphalian,Gelding,6 years,267500,"Rosenheim, DE",https://www.ehorses.com/westphalian-gelding-6years-161-hh-brown-dressagehorses-rosenheim/4747179.html,0,5.427323786357247,0,6.0,Westphalian,International
ehorses.com,"Hanoverian, Gelding, 5 years, 16,1 hh, Chestnut-Red",Hanoverian,Gelding,5 years,187250,"Bremen, DE",https://www.ehorses.com/hanoverian-gelding-5years-161-hh-chestnut-red-showjumpers-showhunter-bremen/4746694.html,0,5.272421826371504,0,5.0,Hanoverian,International
ehorses.com,"Welsh D (Cob), Mare, 4 years, 14,1 hh, Chestnut-Red",Welsh D (Cob),Mare,4 years,80250,"Stahnsdorf, DE",https://www.ehorses.com/welsh-d-cob-mare-4years-141-hh-chestnut-red-leisurehorses-breedinghorses-dressagehorses-stahnsdorf/4229462.html,0,4.90444504107691,0,4.0,Other_Rare,International
ehorses.com,"Westphalian, Mare, 8 years, 16,2 hh, Brown",Westphalian,Mare,8 years,192600,"Rosenheim, DE",https://www.ehorses.com/westphalian-mare-8years-162-hh-brown-dressagehorses-rosenheim/4747132.html,0,5.284656282788515,0,8.0,Westphalian,International
ehorses.com,"Lusitano, Mare, 15 years, 15,1 hh, Buckskin",Lusitano,Mare,15 years,80250,"Générac, FR",https://www.ehorses.com/lusitano-mare-15years-151-hh-buckskin-breedinghorses-dressagehorses-generac/4735096.html,0,4.90444504107691,0,15.0,Lusitano,International
ehorses.com,"Welsh D (Cob), Mare, 8 years, 14,1 hh, Chestnut-Red",Welsh D (Cob),Mare,8 years,48150,"Ammersbek, DE",https://www.ehorses.com/welsh-d-cob-mare-8years-141-hh-chestnut-red-dressagehorses-showjumpers-showhunter-ammersbek/4747144.html,0,4.682596291460554,0,8.0,Other_Rare,International
ehorses.com,"Baden Wuerttemberg, Gelding, 7 years, 16,2 hh, Brown",Baden Wuerttemberg,Gelding,7 years,588500,"Haftenkamp, DE",https://www.ehorses.com/baden-wuerttemberg-gelding-7years-162-hh-brown-dressagehorses-leisurehorses-haftenkamp/4747153.html,0,5.769746467179454,0,7.0,Other_Rare,International
ehorses.com,"German Riding Pony, Mare, 5 years, 13,2 hh, Chestnut-Red",Pony,Mare,5 years,64199,"Suhlendorf, DE",https://www.ehorses.com/german-riding-pony-mare-5years-132-hh-chestnut-red-dressagehorses-breedinghorses-showjumpers-suhlendorf/4156694.html,0,4.807528263304612,0,5.0,Pony,International
ehorses.com,"Oldenburg, Gelding, 5 years, 17 hh, Brown",Oldenburg,Gelding,5 years,214000,"Rosenheim, DE",https://www.ehorses.com/oldenburg-gelding-5years-17-hh-brown-dressagehorses-rosenheim/4747099.html,0,5.330413773349191,0,5.0,Oldenburg,International
ehorses.com,"KWPN, Gelding, 4 years, 16,3 hh, Smoky-Black",KWPN,Gelding,4 years,41730,"Wachtendonk, DE",https://www.ehorses.com/kwpn-gelding-4years-163-hh-smoky-black-leisurehorses-dressagehorses-wachtendonk/4692876.html,0,4.620448384711709,0,4.0,KWPN,International
ehorses.com,"Murgese, Mare, 1 year, Roan-Blue",Murgese,Mare,1 year,31992,"Martina Franca, IT",https://www.ehorses.com/murgese-mare-1year-roan-blue-leisurehorses-working-equitation-horses-baroquehorses-carriagehorses-martina-franca/4747115.html,0,4.505041391125466,0,,Other_Rare,International
ehorses.com,"Murgese, Gelding, 3 years, 14,2 hh, Black",Murgese,Gelding,3 years,64199,"Martina Franca, IT",https://www.ehorses.com/murgese-gelding-3years-142-hh-black-leisurehorses-working-equitation-horses-carriagehorses-martina-franca/4747112.html,0,4.807528263304612,0,3.0,Other_Rare,International
ehorses.com,"Oldenburg, Mare, 1 year, 16,1 hh",Oldenburg,Mare,1 year,107000,"Wittmund, DE",https://www.ehorses.com/oldenburg-mare-1year-161-hh-dressagehorses-breedinghorses-eventinghorses-showjumpers-wittmund/4517920.html,0,5.02938377768521,0,,Oldenburg,International
ehorses.com,"Oldenburg, Mare, 10 years, 16,3 hh",Oldenburg,Mare,10 years,235399,"Wittmund, DE",https://www.ehorses.com/oldenburg-mare-10years-163-hh-dressagehorses-breedinghorses-wittmund/4518721.html,0,5.371804613582164,0,10.0,Oldenburg,International
ehorses.com,"Oldenburg, Mare, 6 years, 16,1 hh",Oldenburg,Mare,6 years,342400,"Wittmund, DE",https://www.ehorses.com/oldenburg-mare-6years-161-hh-dressagehorses-breedinghorses-wittmund/4518650.html,0,5.534533756005116,0,6.0,Oldenburg,International
ehorses.com,"Oldenburg, Mare, 2 years, 16,1 hh",Oldenburg,Mare,2 years,139100,"Wittmund, DE",https://www.ehorses.com/oldenburg-mare-2years-161-hh-dressagehorses-breedinghorses-eventinghorses-showjumpers-wittmund/4518578.html,0,5.143327129992047,0,2.0,Oldenburg,International
ehorses.com,"Oldenburg, Mare, 11 years, 16 hh",Oldenburg,Mare,11 years,278200,"Wittmund, DE",https://www.ehorses.com/oldenburg-mare-11years-16-hh-dressagehorses-breedinghorses-wittmund/4518680.html,0,5.444357125656028,0,11.0,Oldenburg,International
ehorses.com,"Oldenburg, Stallion, 2 years, 16,3 hh, Bay-Dark",Oldenburg,Stallion,2 years,69550,"Blunk, DE",https://www.ehorses.com/oldenburg-stallion-2years-163-hh-bay-dark-dressagehorses-blunk/4679940.html,0,4.842297134328065,0,2.0,Oldenburg,International
ehorses.com,"Oldenburg, Stallion, 1 year, 16,2 hh, Brown",Oldenburg,Stallion,1 year,128399,"Steinhöfel, DE",https://www.ehorses.com/oldenburg-stallion-1year-162-hh-brown-showjumpers-eventinghorses-steinhoefel/4588348.html,0,5.1085616413638855,0,,Oldenburg,International
ehorses.com,"German Sport Horse, Gelding, 5 years, 16,2 hh, Brown",German Sport Horse,Gelding,5 years,278200,"Kirchenthumbach, DE",https://www.ehorses.com/german-sport-horse-gelding-5years-162-hh-brown-dressagehorses-showjumpers-leisurehorses-kirchenthumbach/4670051.html,0,5.444357125656028,0,5.0,German Sport Horse,International
ehorses.com,"German Sport Horse, Gelding, 3 years, 16 hh, Brown",German Sport Horse,Gelding,3 years,187250,"Aach, DE",https://www.ehorses.com/german-sport-horse-gelding-3years-16-hh-brown-showjumpers-eventinghorses-leisurehorses-dressagehorses-aach/4484617.html,0,5.272421826371504,0,3.0,German Sport Horse,International
ehorses.com,"Lusitano, Stallion, 6 years, 15,2 hh, Buckskin",Lusitano,Stallion,6 years,80250,"Martfeld, DE",https://www.ehorses.com/lusitano-stallion-6years-152-hh-buckskin-dressagehorses-showhorses-baroquehorses-leisurehorses-martfeld/4129316.html,0,4.90444504107691,0,6.0,Lusitano,International
ehorses.com,"American Paint Horse, Gelding, 14 years, 14,1 hh, Overo-all-colors",American Paint Horse,Gelding,14 years,35350,"Paicines CA, US",https://www.ehorses.com/american-paint-horse-gelding-14years-141-hh-overo-all-colors-trailhorses-ranch-riding-horses-paicines-ca/4610633.html,0,4.548389418132918,0,14.0,American Paint Horse,International
ehorses.com,"Hanoverian, Mare, 10 years, 16 hh, Chestnut-Red",Hanoverian,Mare,10 years,52430,"Beratzhausen, DE",https://www.ehorses.com/hanoverian-mare-10years-16-hh-chestnut-red-leisurehorses-endurancehorses-breedinghorses-dressagehorses-beratzhausen/4736855.html,0,4.719579857713724,0,10.0,Hanoverian,International
ehorses.com,"Danish Warmblood, Gelding, 2 years, 16,1 hh, Brown",Danish Warmblood,Gelding,2 years,128399,"Bredebro, DK",https://www.ehorses.com/danish-warmblood-gelding-2years-161-hh-brown-showjumpers-bredebro/4259358.html,0,5.1085616413638855,0,2.0,Danish Warmblood,International
ehorses.com,"Hanoverian, Gelding, 7 years, 16,2 hh, Bay-Dark",Hanoverian,Gelding,7 years,80250,"Hohenfelde, DE",https://www.ehorses.com/hanoverian-gelding-7years-162-hh-bay-dark-dressagehorses-showjumpers-leisurehorses-hohenfelde/4747101.html,0,4.90444504107691,0,7.0,Hanoverian,International
ehorses.com,"German Riding Pony, Mare, 5 years, 14,2 hh, Dun",Pony,Mare,5 years,208650,"Ankum, DE",https://www.ehorses.com/german-riding-pony-mare-5years-142-hh-dun-dressagehorses-breedinghorses-eventinghorses-showjumpers-ankum/4747080.html,0,5.319418389047728,0,5.0,Pony,International
ehorses.com,"Gotland Pony, Stallion, 6 years, 12,2 hh, Pinto",Pony,Stallion,6 years,40125,"Zieuwent, NL",https://www.ehorses.com/gotland-pony-stallion-6years-122-hh-pinto-carriagehorses-showjumpers-leisurehorses-dressagehorses-zieuwent/4747079.html,0,4.603415045412929,0,6.0,Pony,International
ehorses.com,"Welsh A (Mountain Pony), Gelding, 5 years, 11,1 hh, Grey",Pony,Gelding,5 years,80250,"Meinhard, DE",https://www.ehorses.com/welsh-a-mountain-pony-gelding-5years-111-hh-grey-dressagehorses-showjumpers-leisurehorses-carriagehorses-meinhard/4657564.html,0,4.90444504107691,0,5.0,Pony,International
ehorses.com,"Freiberger, Stallion, 2 years, 15,2 hh, Brown",Freiberger,Stallion,2 years,80250,"Olst, NL",https://www.ehorses.com/freiberger-stallion-2years-152-hh-brown-carriagehorses-working-equitation-horses-leisurehorses-dressagehorses-olst/4747061.html,0,4.90444504107691,0,2.0,Other_Rare,International
ehorses.com,"Freiberger, Stallion, 1 year, 15,2 hh, Brown",Freiberger,Stallion,1 year,48150,"Olst, NL",https://www.ehorses.com/freiberger-stallion-1year-152-hh-brown-leisurehorses-breedinghorses-carriagehorses-dressagehorses-olst/4747037.html,0,4.682596291460554,0,,Other_Rare,International
ehorses.com,"Andalusian, Stallion, 8 years, 15,2 hh, Dun",Andalusian,Stallion,8 years,80250,"Menorca, ES",https://www.ehorses.com/andalusian-stallion-8years-152-hh-dun-leisurehorses-working-equitation-horses-baroquehorses-eventinghorses-menorca/4747028.html,0,4.90444504107691,0,8.0,Andalusian,International
ehorses.com,"PRE, Stallion, 8 years, 16,1 hh, Dun",Andalusian,Stallion,8 years,321000,"Noain, ES",https://www.ehorses.com/pre-stallion-8years-161-hh-dun-dressagehorses-working-equitation-horses-baroquehorses-noain/4697402.html,0,5.506505032404872,0,8.0,Andalusian,International
ehorses.com,"Other Breeds, Gelding, 6 years, 15,2 hh, Brown",Other Breeds,Gelding,6 years,58314,"Achtmaal, NL",https://www.ehorses.com/other-breeds-gelding-6years-152-hh-brown-leisurehorses-achtmaal/4747000.html,0,4.7657728325091275,0,6.0,Other_Rare,International
ehorses.com,"Hanoverian, Gelding, 12 years, 17,2 hh, Dun",Hanoverian,Gelding,12 years,321000,"Noain (Navarra), ES",https://www.ehorses.com/hanoverian-gelding-12years-172-hh-dun-dressagehorses-noain-navarra/4699250.html,0,5.506505032404872,0,12.0,Hanoverian,International
ehorses.com,"Lusitano, Gelding, 11 years, 16 hh, Brown",Lusitano,Gelding,11 years,535000,"Handewitt, DE",https://www.ehorses.com/lusitano-gelding-11years-16-hh-brown-dressagehorses-handewitt/4746819.html,0,5.7283537820212285,0,11.0,Lusitano,International
ehorses.com,"Hanoverian, Mare, 6 years, 16,2 hh, Brown",Hanoverian,Mare,6 years,171200,"Langelsheim, DE",https://www.ehorses.com/hanoverian-mare-6years-162-hh-brown-dressagehorses-langelsheim/4244395.html,0,5.233503760341135,0,6.0,Hanoverian,International
ehorses.com,"Hanoverian, Mare, 5 years, 16,2 hh, Black",Hanoverian,Mare,5 years,267500,"Langelsheim, DE",https://www.ehorses.com/hanoverian-mare-5years-162-hh-black-dressagehorses-langelsheim/4728878.html,0,5.427323786357247,0,5.0,Hanoverian,International
ehorses.com,"Hanoverian, Gelding, 8 years, 17 hh, Bay-Dark",Hanoverian,Gelding,8 years,374500,"Langelsheim, DE",https://www.ehorses.com/hanoverian-gelding-8years-17-hh-bay-dark-showjumpers-langelsheim/4742969.html,0,5.573451822035485,0,8.0,Hanoverian,International
ehorses.com,"Oldenburg, Mare, 7 years, 15,2 hh, Smoky-Black",Oldenburg,Mare,7 years,187250,"Roßdorf, DE",https://www.ehorses.com/oldenburg-mare-7years-152-hh-smoky-black-dressagehorses-breedinghorses-eventinghorses-showjumpers-rossdorf/4511860.html,0,5.272421826371504,0,7.0,Oldenburg,International
ehorses.com,"Hanoverian, Mare, 14 years, 16 hh, Chestnut",Hanoverian,Mare,14 years,80250,"Dassel, DE",https://www.ehorses.com/hanoverian-mare-14years-16-hh-chestnut-dressagehorses-dassel/4685966.html,0,4.90444504107691,0,14.0,Hanoverian,International
ehorses.com,"Hanoverian, Mare, 14 years, 16,1 hh, Black",Hanoverian,Mare,14 years,588500,"Jüchen, DE",https://www.ehorses.com/hanoverian-mare-14years-161-hh-black-dressagehorses-juechen/4745388.html,0,5.769746467179454,0,14.0,Hanoverian,International
ehorses.com,"Arabian horses, Gelding, 4 years, 15,1 hh, Grey",Arabian horses,Gelding,4 years,133750,"Wassertrüdingen, DE",https://www.ehorses.com/arabian-horses-gelding-4years-151-hh-grey-leisurehorses-endurancehorses-westernhorses-wassertruedingen/4249961.html,0,5.126293790693266,0,4.0,Arabian horses,International
ehorses.com,"Straight Egyptian, Mare, 16 years, 15 hh, Brown",Straight Egyptian,Mare,16 years,133750,"Wassertrüdingen, DE",https://www.ehorses.com/straight-egyptian-mare-16years-15-hh-brown-breedinghorses-showhorses-leisurehorses-wassertruedingen/4250846.html,0,5.126293790693266,0,16.0,Straight Egyptian,International
ehorses.com,"Straight Egyptian, Gelding, 3 years, 15.1 hh, Brown",Straight Egyptian,Gelding,3 years,80250,"Wassertrüdingen, DE",https://www.ehorses.com/straight-egyptian-gelding-3years-15-1-hh-brown-leisurehorses-working-equitation-horses-endurancehorses-wassertruedingen/4577253.html,0,4.90444504107691,0,3.0,Straight Egyptian,International
ehorses.com,"Arabian horses, Gelding, 3 years, 15.1 hh, Brown",Arabian horses,Gelding,3 years,80250,"Wassertrüdingen, DE",https://www.ehorses.com/arabian-horses-gelding-3years-15-1-hh-brown-leisurehorses-wassertruedingen/4577314.html,0,4.90444504107691,0,3.0,Arabian horses,International
ehorses.com,"Straight Egyptian, Gelding, 4 years, 15.1 hh, Grey",Straight Egyptian,Gelding,4 years,133750,"Wassertrüdingen, DE",https://www.ehorses.com/straight-egyptian-gelding-4years-15-1-hh-grey-leisurehorses-endurancehorses-westernhorses-wassertruedingen/4577371.html,0,5.126293790693266,0,4.0,Straight Egyptian,International
ehorses.com,"Holstein, Mare, 9 years, 16.1 hh, Chestnut-Red",Holstein,Mare,9 years,321000,"Gadow, DE",https://www.ehorses.com/holstein-mare-9years-16-1-hh-chestnut-red-showjumpers-gadow/4746968.html,0,5.506505032404872,0,9.0,Holstein,International
ehorses.com,"Hanoverian, Stallion, 3 years, 16.2 hh, Black",Hanoverian,Stallion,3 years,321000,"Niederkirchen, DE",https://www.ehorses.com/hanoverian-stallion-3years-16-2-hh-black-dressagehorses-niederkirchen/4746928.html,0,5.506505032404872,0,3.0,Hanoverian,International
ehorses.com,"Hanoverian, Mare, 1 year, Chestnut",Hanoverian,Mare,1 year,69550,"Breddorf, DE",https://www.ehorses.com/hanoverian-mare-1year-chestnut-showjumpers-breedinghorses-eventinghorses-dressagehorses-breddorf/4529909.html,0,4.842297134328065,0,,Hanoverian,International
ehorses.com,"Hanoverian, Mare, 1 year, Black",Hanoverian,Mare,1 year,69550,"Breddorf, DE",https://www.ehorses.com/hanoverian-mare-1year-black-eventinghorses-breedinghorses-showjumpers-dressagehorses-breddorf/4520536.html,0,4.842297134328065,0,,Hanoverian,International
ehorses.com,"Wuerttemberg, Mare, 7 years, 16 hh, Brown",Wuerttemberg,Mare,7 years,84530,"Ertingen, DE",https://www.ehorses.com/wuerttemberg-mare-7years-16-hh-brown-showjumpers-breedinghorses-ertingen/4733475.html,0,4.927010868975651,0,7.0,Wuerttemberg,International
ehorses.com,"PRE, Stallion, 3 years, 16.1 hh, Grey-Dark-Tan",Andalusian,Stallion,3 years,80250,"Teldau, DE",https://www.ehorses.com/pre-stallion-3years-16-1-hh-grey-dark-tan-leisurehorses-working-equitation-horses-baroquehorses-dressagehorses-teldau/4733846.html,0,4.90444504107691,0,3.0,Andalusian,International
ehorses.com,"PRE Mix, Gelding, 4 years, 15.2 hh, Grey-Red-Tan",Andalusian,Gelding,4 years,80250,"Bötersen, DE",https://www.ehorses.com/pre-gelding-4years-15-2-hh-grey-red-tan-leisurehorses-working-equitation-horses-baroquehorses-dressagehorses-boetersen/4718668.html,0,4.90444504107691,0,4.0,Andalusian,International
ehorses.com,"Hanoverian, Gelding, 11 years, 17 hh, Brown",Hanoverian,Gelding,11 years,192600,"Willich, DE",https://www.ehorses.com/hanoverian-gelding-11years-17-hh-brown-dressagehorses-willich/4746876.html,0,5.284656282788515,0,11.0,Hanoverian,International
ehorses.com,"NRPS, Gelding, 4 years, 14.1 hh, Smoky-Black",NRPS,Gelding,4 years,133750,"Fürstenau, DE",https://www.ehorses.com/nrps-gelding-4years-14-1-hh-smoky-black-dressagehorses-showjumpers-showhunter-carriagehorses-fuerstenau/4746871.html,0,5.126293790693266,0,4.0,Other_Rare,International
ehorses.com,"German Sport Horse, Gelding, 12 years, 16.3 hh, Brown",German Sport Horse,Gelding,12 years,171200,"Willich, DE",https://www.ehorses.com/german-sport-horse-gelding-12years-16-3-hh-brown-leisurehorses-showjumpers-dressagehorses-willich/4746841.html,0,5.233503760341135,0,12.0,German Sport Horse,International
ehorses.com,"Hispano Arabian, Gelding, 11 years, 15.2 hh, Brown",Hispano Arabian,Gelding,11 years,133750,"Madrid, ES",https://www.ehorses.com/hispano-arabian-gelding-11years-15-2-hh-brown-dressagehorses-doma-vaquera-working-equitation-horses-leisurehorses-madrid/4682531.html,0,5.126293790693266,0,11.0,Other_Rare,International
ehorses.com,"Oldenburg, Gelding, 3 years, 16.1 hh, Chestnut",Oldenburg,Gelding,3 years,315650,"Heidesheim am Rhein, DE",https://www.ehorses.com/oldenburg-gelding-3years-16-1-hh-chestnut-dressagehorses-heidesheim-am-rhein/4744458.html,0,5.499205793663372,0,3.0,Oldenburg,International
ehorses.com,"Austrian Warmblood, Gelding, 4 years, 16.3 hh, Brown",Austrian Warmblood,Gelding,4 years,101650,"Bad Kleinkirchheim, AT",https://www.ehorses.com/austrian-warmblood-gelding-4years-16-3-hh-brown-dressagehorses-bad-kleinkirchheim/4732609.html,0,5.007107382974057,0,4.0,Austrian Warmblood,International
ehorses.com,"Austrian Warmblood, Mare, 4 years, 16.1 hh, Pinto",Austrian Warmblood,Mare,4 years,101650,"Bad Kleinkirchheim, AT",https://www.ehorses.com/austrian-warmblood-mare-4years-16-1-hh-pinto-leisurehorses-baroquehorses-breedinghorses-dressagehorses-bad-kleinkirchheim/4732614.html,0,5.007107382974057,0,4.0,Austrian Warmblood,International
ehorses.com,"Lusitano, Stallion, 6 years, 15,2 hh, Pearl",Lusitano,Stallion,6 years,85600,"Caldas De Reis (Casco Urbano), ES",https://www.ehorses.com/lusitano-stallion-6years-152-hh-pearl-dressagehorses-breedinghorses-sire-caldas-de-reis-casco-urbano/4506862.html,0,4.9324737646771535,0,6.0,Lusitano,International
ehorses.com,"American Quarter Horse, Gelding, 8 years, 14,2 hh, Chestnut",Quarter Horse,Gelding,8 years,35350,"Paicines CA, US",https://www.ehorses.com/american-quarter-horse-gelding-8years-142-hh-chestnut-trailhorses-ranch-riding-horses-paicines-ca/4263657.html,0,4.548389418132918,0,8.0,Quarter Horse,International
ehorses.com,"Oldenburg-International (OS), Mare, 4 years, 15,2 hh, Brown",Oldenburg-International (OS),Mare,4 years,160500,"KRAJENKA, PL",https://www.ehorses.com/oldenburg-international-os-mare-4years-152-hh-brown-dressagehorses-eventinghorses-krajenka/4336779.html,0,5.205475036740891,0,4.0,Oldenburg-International (OS),International
ehorses.com,"Asil Arabian, Stallion, 1 year, Brown",Asil Arabian,Stallion,1 year,40125,"VERNON, FR",https://www.ehorses.com/asil-arabian-stallion-1year-brown-endurancehorses-showjumpers-leisurehorses-dressagehorses-vernon/4519184.html,0,4.603415045412929,0,,Other_Rare,International
ehorses.com,"American Quarter Horse, Gelding, 5 years, 15,2 hh, Buckskin",Quarter Horse,Gelding,5 years,101000,"Wickenburg, US",https://www.ehorses.com/american-quarter-horse-gelding-5years-152-hh-buckskin-trailhorses-reininghorses-wickenburg/4723105.html,0,5.004321373782642,0,5.0,Quarter Horse,International
ehorses.com,"Cruzado, Stallion, 3 years, Brown",Cruzado,Stallion,3 years,80250,"Fuendetodos, ES",https://www.ehorses.com/cruzado-stallion-3years-brown-endurancehorses-fuendetodos/4623032.html,0,4.90444504107691,0,3.0,Cruzado,International
ehorses.com,"Thoroughbred, Mare, 6 years, 16,2 hh, Smoky-Black",Thoroughbred,Mare,6 years,64199,"Walsrode, DE",https://www.ehorses.com/thoroughbred-mare-6years-162-hh-smoky-black-breedinghorses-eventinghorses-leisurehorses-dressagehorses-walsrode/4746835.html,0,4.807528263304612,0,6.0,Thoroughbred,International
ehorses.com,"German Riding Pony, Gelding, 5 years, Buckskin",Pony,Gelding,5 years,406600,"Westerstede, DE",https://www.ehorses.com/german-riding-pony-gelding-5years-buckskin-dressagehorses-showjumpers-westerstede/4714025.html,0,5.60916737430202,0,5.0,Pony,International
ehorses.com,"Other Heavy Horses, Gelding, 5 years, 15,2 hh, Chestnut-Red",Other Heavy Horses,Gelding,5 years,69550,"Nettersheim, DE",https://www.ehorses.com/other-heavy-horses-gelding-5years-152-hh-chestnut-red-leisurehorses-nettersheim/4746818.html,0,4.842297134328065,0,5.0,Other_Rare,International
ehorses.com,"German Sport Horse, Gelding, 7 years, 16,1 hh, Black",German Sport Horse,Gelding,7 years,588500,"Himberg, AT",https://www.ehorses.com/german-sport-horse-gelding-7years-161-hh-black-dressagehorses-showjumpers-leisurehorses-himberg/4746811.html,0,5.769746467179454,0,7.0,German Sport Horse,International
ehorses.com,"Oldenburg, Gelding, 3 years, Bay-Dark",Oldenburg,Gelding,3 years,133750,"Dortmund, DE",https://www.ehorses.com/oldenburg-gelding-3years-bay-dark-dressagehorses-leisurehorses-dortmund/4682400.html,0,5.126293790693266,0,3.0,Oldenburg,International
ehorses.com,"American Quarter Horse, Stallion, 2 years, 14,3 hh, Brown Falb mold",Quarter Horse,Stallion,2 years,58849,"Petit-Réderching, FR",https://www.ehorses.com/american-quarter-horse-stallion-2years-143-hh-brown-falb-mold-trailhorses-ranch-riding-horses-breedinghorses-westernhorses-petit-rederching/4746740.html,0,4.76973908743142,0,2.0,Quarter Horse,International
ehorses.com,"KWPN, Mare, 10 years, Brown-Light",KWPN,Mare,10 years,588500,"Osnabrück, DE",https://www.ehorses.com/kwpn-mare-10years-brown-light-showjumpers-osnabrueck/4737467.html,0,5.769746467179454,0,10.0,KWPN,International
ehorses.com,"Oldenburg, Mare, 5 years, 16,2 hh, Chestnut-Red",Oldenburg,Mare,5 years,321000,"Heidesheim am Rhein, DE",https://www.ehorses.com/oldenburg-mare-5years-162-hh-chestnut-red-dressagehorses-showjumpers-heidesheim-am-rhein/4446490.html,0,5.506505032404872,0,5.0,Oldenburg,International
ehorses.com,"Oldenburg, Gelding, 6 years, 16,1 hh, Chestnut-Red",Oldenburg,Gelding,6 years,321000,"Heidesheim am Rhein, DE",https://www.ehorses.com/oldenburg-gelding-6years-161-hh-chestnut-red-dressagehorses-heidesheim-am-rhein/4394910.html,0,5.506505032404872,0,6.0,Oldenburg,International
ehorses.com,"Hanoverian, Stallion, 3 years, 16,2 hh, Smoky-Black",Hanoverian,Stallion,3 years,165850,"WormsWorms, DE",https://www.ehorses.com/hanoverian-stallion-3years-162-hh-smoky-black-eventinghorses-showjumpers-leisurehorses-dressagehorses-wormsworms/4737368.html,0,5.2197154758555016,0,3.0,Hanoverian,International
ehorses.com,"Hanoverian, Gelding, 5 years, 17,1 hh, Chestnut",Hanoverian,Gelding,5 years,321000,"Grudziądz, PL",https://www.ehorses.com/hanoverian-gelding-5years-171-hh-chestnut-dressagehorses-showhunter-leisurehorses-grudziadz/4746657.html,0,5.506505032404872,0,5.0,Hanoverian,International
ehorses.com,"German Riding Horse, Gelding, 7 years, 17 hh, Brown",German Riding Horse,Gelding,7 years,321000,"Münster, DE",https://www.ehorses.com/german-riding-horse-gelding-7years-17-hh-brown-dressagehorses-muenster/4746710.html,0,5.506505032404872,0,7.0,German Riding Horse,International
ehorses.com,"German Sport Horse, Stallion, 1 year, 16,2 hh, Black",German Sport Horse,Stallion,1 year,64199,"Querfurt, DE",https://www.ehorses.com/german-sport-horse-stallion-1year-162-hh-black-dressagehorses-breedinghorses-leisurehorses-querfurt/4579822.html,0,4.807528263304612,0,,German Sport Horse,International
ehorses.com,"Hanoverian, Gelding, 11 years, 16,2 hh, Brown",Hanoverian,Gelding,11 years,1070000,"Wehringen, DE",https://www.ehorses.com/hanoverian-gelding-11years-162-hh-brown-dressagehorses-leisurehorses-wehringen/4746691.html,0,6.02938377768521,0,11.0,Hanoverian,International
ehorses.com,"German Riding Pony, Gelding, 9 years, 14,2 hh, Buckskin",Pony,Gelding,9 years,321000,"Essen, DE",https://www.ehorses.com/german-riding-pony-gelding-9years-142-hh-buckskin-dressagehorses-showjumpers-essen/4738239.html,0,5.506505032404872,0,9.0,Pony,International
ehorses.com,"Westphalian, Gelding, 8 years, 16,2 hh, Chestnut",Westphalian,Gelding,8 years,267500,"Essen, DE",https://www.ehorses.com/westphalian-gelding-8years-162-hh-chestnut-dressagehorses-showjumpers-essen/4738240.html,0,5.427323786357247,0,8.0,Westphalian,International
ehorses.com,"Connemara, Gelding, 5 years, 14,1 hh, Grey-Dark-Tan",Connemara,Gelding,5 years,180830,"Lisberg, DE",https://www.ehorses.com/connemara-gelding-5years-141-hh-grey-dark-tan-showjumpers-eventinghorses-showhunter-dressagehorses-lisberg/4706326.html,0,5.257270482298884,0,5.0,Connemara,International
ehorses.com,"German Sport Horse, Mare, 1 year, Brown",German Sport Horse,Mare,1 year,40125,"Saalfeld, DE",https://www.ehorses.com/german-sport-horse-mare-1year-brown-showjumpers-eventinghorses-leisurehorses-dressagehorses-saalfeld/4562632.html,0,4.603415045412929,0,,German Sport Horse,International
ehorses.com,"American Quarter Horse, Gelding, 8 years, 15 hh, Grey",Quarter Horse,Gelding,8 years,35350,"Stephenville TX, US",https://www.ehorses.com/american-quarter-horse-gelding-8years-15-hh-grey-trailhorses-ranch-riding-horses-stephenville-tx/4492959.html,0,4.548389418132918,0,8.0,Quarter Horse,International
ehorses.com,"Trakehner, Mare, 8 years, 16,1 hh, Grey",Trakehner,Mare,8 years,214000,"Bosau, DE",https://www.ehorses.com/trakehner-mare-8years-161-hh-grey-dressagehorses-breedinghorses-eventinghorses-showjumpers-bosau/4701160.html,0,5.330413773349191,0,8.0,Trakehner,International
ehorses.com,"Appaloosa, Gelding, 7 years, 14,2 hh, Roan-Red",Appaloosa,Gelding,7 years,35350,"Fort Collins CO, US",https://www.ehorses.com/appaloosa-gelding-7years-142-hh-roan-red-trailhorses-ranch-riding-horses-fort-collins-co/4385270.html,0,4.548389418132918,0,7.0,Other_Rare,International
ehorses.com,"American Quarter Horse, Mare, 8 years, Tobiano-all-colors",Quarter Horse,Mare,8 years,35350,"Adair OK, US",https://www.ehorses.com/american-quarter-horse-mare-8years-tobiano-all-colors-trailhorses-ranch-riding-horses-adair-ok/4163333.html,0,4.548389418132918,0,8.0,Quarter Horse,International
ehorses.com,"Oldenburg-International (OS), Gelding, 5 years, 15,2 hh",Oldenburg-International (OS),Gelding,5 years,133750,"Papenhagen, DE",https://www.ehorses.com/oldenburg-international-os-gelding-5years-152-hh-showhunter-showjumpers-dressagehorses-papenhagen/4566598.html,0,5.126293790693266,0,5.0,Oldenburg-International (OS),International
ehorses.com,"Andalusian Mix, Mare, 3 years, 15,1 hh, Dun",Andalusian,Mare,3 years,63129,"Tabernas Almeria, ES",https://www.ehorses.com/andalusian-mare-3years-151-hh-dun-dressagehorses-working-equitation-horses-tabernas-almeria/4538438.html,0,4.800228909905183,0,3.0,Andalusian,International
ehorses.com,"Connemara, Mare, 7 years, 14 hh, Grey-Dark-Tan",Connemara,Mare,7 years,180830,"Lisberg, DE",https://www.ehorses.com/connemara-mare-7years-14-hh-grey-dark-tan-showjumpers-eventinghorses-dressagehorses-lisberg/4722353.html,0,5.257270482298884,0,7.0,Connemara,International
ehorses.com,"German Riding Pony, Mare, 9 years, 14,2 hh, Grey",Pony,Mare,9 years,321000,"Buchen Waldhausen, DE",https://www.ehorses.com/german-riding-pony-mare-9years-142-hh-grey-showjumpers-showhunter-buchen-waldhausen/4667636.html,0,5.506505032404872,0,9.0,Pony,International
ehorses.com,"German Riding Pony, Mare, 11 years, 14,2 hh, Bay-Dark",Pony,Mare,11 years,288900,"Haltern am See, DE",https://www.ehorses.com/german-riding-pony-mare-11years-142-hh-bay-dark-dressagehorses-haltern-am-see/4594716.html,0,5.460747541844197,0,11.0,Pony,International
ehorses.com,"Hanoverian, Mare, 6 years, 16,2 hh, Bay-Dark",Hanoverian,Mare,6 years,321000,"Tiddische, DE",https://www.ehorses.com/hanoverian-mare-6years-162-hh-bay-dark-dressagehorses-breedinghorses-tiddische/4559204.html,0,5.506505032404872,0,6.0,Hanoverian,International
ehorses.com,"Holstein, Mare, 11 years, 16,1 hh, Brown",Holstein,Mare,11 years,80250,"wonfurt, DE",https://www.ehorses.com/holstein-mare-11years-161-hh-brown-breedinghorses-showjumpers-wonfurt/4653587.html,0,4.90444504107691,0,11.0,Holstein,International
ehorses.com,"Westphalian, Gelding, 5 years, 16,1 hh, Grey",Westphalian,Gelding,5 years,278200,"Kirchenthumbach, DE",https://www.ehorses.com/westphalian-gelding-5years-161-hh-grey-showjumpers-eventinghorses-leisurehorses-dressagehorses-kirchenthumbach/4746615.html,0,5.444357125656028,0,5.0,Westphalian,International
ehorses.com,"German Sport Horse, Gelding, 6 years, 17 hh, Black",German Sport Horse,Gelding,6 years,73830,"Grimma, DE",https://www.ehorses.com/german-sport-horse-gelding-6years-17-hh-black-leisurehorses-dressagehorses-grimma/4746570.html,0,4.868232868422465,0,6.0,German Sport Horse,International
ehorses.com,"Thoroughbred, Stallion, 6 years",Thoroughbred,Stallion,6 years,80250,"MadridMadrid, ES",https://www.ehorses.com/thoroughbred-stallion-6years-galloper-madridmadrid/4746606.html,0,4.90444504107691,0,6.0,Thoroughbred,International
ehorses.com,"KWPN, Mare, 3 years, 15,3 hh, Bay-Dark",KWPN,Mare,3 years,58849,"Oud Gastel, NL",https://www.ehorses.com/kwpn-mare-3years-153-hh-bay-dark-dressagehorses-breedinghorses-leisurehorses-oud-gastel/4703331.html,0,4.76973908743142,0,3.0,KWPN,International
ehorses.com,"KWPN, Mare, 8 years, 16,2 hh, Black",KWPN,Mare,8 years,95765,"Oud Gastel, NL",https://www.ehorses.com/kwpn-mare-8years-162-hh-black-dressagehorses-breedinghorses-leisurehorses-oud-gastel/4705558.html,0,4.981206813001122,0,8.0,KWPN,International
ehorses.com,"Westphalian, Mare, 8 years, 16,2 hh, Chestnut-Red",Westphalian,Mare,8 years,85600,"Oud Gastel, NL",https://www.ehorses.com/westphalian-mare-8years-162-hh-chestnut-red-dressagehorses-breedinghorses-leisurehorses-oud-gastel/4715885.html,0,4.9324737646771535,0,8.0,Westphalian,International
ehorses.com,"Oldenburg, Mare, 12 years, 16,1 hh, Bay-Dark",Oldenburg,Mare,12 years,187250,"Oud Gastel, NL",https://www.ehorses.com/oldenburg-mare-12years-161-hh-bay-dark-dressagehorses-breedinghorses-leisurehorses-oud-gastel/4720729.html,0,5.272421826371504,0,12.0,Oldenburg,International
ehorses.com,"Westphalian, Mare, 8 years, 16,2 hh, Chestnut-Red",Westphalian,Mare,8 years,85600,"Oud Gastel, NL",https://www.ehorses.com/westphalian-mare-8years-162-hh-chestnut-red-dressagehorses-breedinghorses-leisurehorses-oud-gastel/4721581.html,0,4.9324737646771535,0,8.0,Westphalian,International
ehorses.com,"Zangersheider, Mare, 7 years, 17 hh, Brown",Zangersheider,Mare,7 years,80250,"Oud Gastel, NL",https://www.ehorses.com/zangersheider-mare-7years-17-hh-brown-leisurehorses-breedinghorses-showjumpers-dressagehorses-oud-gastel/4746599.html,0,4.90444504107691,0,7.0,Zangersheider,International
ehorses.com,"KWPN, Gelding, 4 years, 16,2 hh, Brown",KWPN,Gelding,4 years,133750,"Szarvas, HU",https://www.ehorses.com/kwpn-gelding-4years-162-hh-brown-showjumpers-szarvas/4676596.html,0,5.126293790693266,0,4.0,KWPN,International
ehorses.com,"Hanoverian, Mare, 8 years, 16 hh, Black",Hanoverian,Mare,8 years,77040,"Someren, NL",https://www.ehorses.com/hanoverian-mare-8years-16-hh-black-dressagehorses-leisurehorses-someren/4746558.html,0,4.886716274116478,0,8.0,Hanoverian,International
ehorses.com,"Oldenburg-International (OS), Gelding, 14 years, 17,1 hh, Brown",Oldenburg-International (OS),Gelding,14 years,588500,"WardenburgWardenburg, DE",https://www.ehorses.com/oldenburg-international-os-gelding-14years-171-hh-brown-showjumpers-wardenburgwardenburg/4285842.html,0,5.769746467179454,0,14.0,Oldenburg-International (OS),International
ehorses.com,"Oldenburg-International (OS), Gelding, 9 years, 16,3 hh, Grey",Oldenburg-International (OS),Gelding,9 years,321000,"WardenburgWardenburg, DE",https://www.ehorses.com/oldenburg-international-os-gelding-9years-163-hh-grey-showjumpers-wardenburgwardenburg/4703353.html,0,5.506505032404872,0,9.0,Oldenburg-International (OS),International
ehorses.com,"PRE, Stallion, 5 years, 15,2 hh, Brown",Andalusian,Stallion,5 years,187250,"Vejer de la Frontera, ES",https://www.ehorses.com/pre-stallion-5years-152-hh-brown-dressagehorses-working-equitation-horses-baroquehorses-breedinghorses-vejer-de-la-frontera/4561006.html,0,5.272421826371504,0,5.0,Andalusian,International
ehorses.com,"American Quarter Horse, Gelding, 8 years, 15 hh, Roan-Blue",Quarter Horse,Gelding,8 years,35350,"Dawson Ga, US",https://www.ehorses.com/american-quarter-horse-gelding-8years-15-hh-roan-blue-trailhorses-ranch-riding-horses-dawson-ga/4561505.html,0,4.548389418132918,0,8.0,Quarter Horse,International
ehorses.com,"American Quarter Horse, Gelding, 10 years, 15 hh, Grey",Quarter Horse,Gelding,10 years,35350,"Paicines CA, US",https://www.ehorses.com/american-quarter-horse-gelding-10years-15-hh-grey-trailhorses-ranch-riding-horses-paicines-ca/4297393.html,0,4.548389418132918,0,10.0,Quarter Horse,International
ehorses.com,"Spotted Saddle Horse, Gelding, 10 years, Champagne",Spotted Saddle Horse,Gelding,10 years,121200,"Evansville, IN, US",https://www.ehorses.com/spotted-saddle-horse-gelding-10years-champagne-trailhorses-gaitedhorses-evansville-in/4300081.html,0,5.083502619830267,0,10.0,Other_Rare,International
ehorses.com,"Murgese, Mare, 3 years, 15,1 hh, Black",Murgese,Mare,3 years,107000,"Martina Franca, IT",https://www.ehorses.com/murgese-mare-3years-151-hh-black-baroquehorses-martina-franca/4718418.html,0,5.02938377768521,0,3.0,Other_Rare,International
ehorses.com,"Oldenburg, Gelding, 5 years, 18,1 hh, Brown",Oldenburg,Gelding,5 years,321000,"Georgsmarienhütte, DE",https://www.ehorses.com/oldenburg-gelding-5years-181-hh-brown-dressagehorses-georgsmarienhuette/4670329.html,0,5.506505032404872,0,5.0,Oldenburg,International
ehorses.com,"Andalusian, Gelding, 7 years, 16 hh, Black",Andalusian,Gelding,7 years,187250,"Madrid, ES",https://www.ehorses.com/andalusian-gelding-7years-16-hh-black-dressagehorses-leisurehorses-madrid/4036066.html,0,5.272421826371504,0,7.0,Andalusian,International
ehorses.com,"German Sport Horse, Mare, 4 years, 16,2 hh, Bay-Dark",German Sport Horse,Mare,4 years,353100,"Wehringen, DE",https://www.ehorses.com/german-sport-horse-mare-4years-162-hh-bay-dark-dressagehorses-breedinghorses-leisurehorses-wehringen/4720907.html,0,5.547897717563097,0,4.0,German Sport Horse,International
ehorses.com,"Hanoverian, Mare, 4 years, 16,1 hh, Chestnut-Red",Hanoverian,Mare,4 years,80250,"Selsingen, DE",https://www.ehorses.com/hanoverian-mare-4years-161-hh-chestnut-red-dressagehorses-breedinghorses-leisurehorses-selsingen/4739252.html,0,4.90444504107691,0,4.0,Hanoverian,International
ehorses.com,"Holstein, Gelding, 6 years, 16 hh, Grey",Holstein,Gelding,6 years,321000,"WardenburgWardenburg, DE",https://www.ehorses.com/holstein-gelding-6years-16-hh-grey-showjumpers-eventinghorses-showhunter-leisurehorses-wardenburgwardenburg/4682243.html,0,5.506505032404872,0,6.0,Holstein,International
ehorses.com,"Lipizzaner, Gelding, 4 years, White",Lipizzaner,Gelding,4 years,80800,"Porter Ranch, US",https://www.ehorses.com/lipizzaner-gelding-4years-white-breedinghorses-endurancehorses-showjumpers-carriagehorses-porter-ranch/4694822.html,0,4.907411360774586,0,4.0,Other_Rare,International
ehorses.com,"Hanoverian, Mare, 5 years, 16,1 hh",Hanoverian,Mare,5 years,342400,"Bramsche, DE",https://www.ehorses.com/hanoverian-mare-5years-161-hh-dressagehorses-bramsche/4746513.html,0,5.534533756005116,0,5.0,Hanoverian,International
ehorses.com,"Westphalian, Mare, 5 years, 16,1 hh, Chestnut-Red",Westphalian,Mare,5 years,267500,"Bramsche, DE",https://www.ehorses.com/westphalian-mare-5years-161-hh-chestnut-red-dressagehorses-bramsche/4745901.html,0,5.427323786357247,0,5.0,Westphalian,International
ehorses.com,"PRE Mix, Stallion, 6 years, 16,1 hh, Grey",Andalusian,Stallion,6 years,133750,"Coín, Malaga, ES",https://www.ehorses.com/pre-stallion-6years-161-hh-grey-dressagehorses-breedinghorses-coin-malaga/4731983.html,0,5.126293790693266,0,6.0,Andalusian,International
ehorses.com,"PRE, Mare, 4 years, 16 hh, Grey",Andalusian,Mare,4 years,80250,"Coín, ES",https://www.ehorses.com/pre-mare-4years-16-hh-grey-dressagehorses-breedinghorses-coin/4722357.html,0,4.90444504107691,0,4.0,Andalusian,International
ehorses.com,"Shetland Ponies, Gelding, 6 years, 9,1 hh, Palomino",Shetland Ponies,Gelding,6 years,30494,"Halle, DE",https://www.ehorses.com/shetland-ponies-gelding-6years-91-hh-palomino-carriagehorses-leisurehorses-halle/4746463.html,0,4.484214395962196,0,6.0,Shetland Ponies,International
ehorses.com,"Lusitano, Gelding, 8 years, 15,1 hh, Grey",Lusitano,Gelding,8 years,321000,"Saint-Crépin-Ibouvillers, FR",https://www.ehorses.com/lusitano-gelding-8years-151-hh-grey-dressagehorses-working-equitation-horses-saint-crepin-ibouvillers/4746434.html,0,5.506505032404872,0,8.0,Lusitano,International
ehorses.com,"Trakehner, Mare, 5 years, 16,1 hh, Chestnut-Red",Trakehner,Mare,5 years,321000,"Waakirchen, DE",https://www.ehorses.com/trakehner-mare-5years-161-hh-chestnut-red-dressagehorses-waakirchen/4640393.html,0,5.506505032404872,0,5.0,Trakehner,International
ehorses.com,"Bavarian Warmblood, Mare, 5 years, 16,1 hh, Black",Bavarian Warmblood,Mare,5 years,283550,"Trochtelfingen, DE",https://www.ehorses.com/bavarian-warmblood-mare-5years-161-hh-black-dressagehorses-breedinghorses-trochtelfingen/4707950.html,0,5.452629651622018,0,5.0,Other_Rare,International
ehorses.com,"Baden Wuerttemberg, Gelding, 4 years, 16,1 hh, Bay-Dark",Baden Wuerttemberg,Gelding,4 years,321000,"Trochtelfingen, DE",https://www.ehorses.com/baden-wuerttemberg-gelding-4years-161-hh-bay-dark-dressagehorses-trochtelfingen/4707923.html,0,5.506505032404872,0,4.0,Other_Rare,International
ehorses.com,"Belgian Warmblood, Gelding, 8 years, Chestnut-Red",Belgian Warmblood,Gelding,8 years,588500,"Schlatt, AT",https://www.ehorses.com/belgian-warmblood-gelding-8years-chestnut-red-showjumpers-schlatt/4712218.html,0,5.769746467179454,0,8.0,Belgian Warmblood,International
ehorses.com,"Belgian Warmblood, Gelding, 12 years, Brown",Belgian Warmblood,Gelding,12 years,588500,"Schlatt, AT",https://www.ehorses.com/belgian-warmblood-gelding-12years-brown-showjumpers-schlatt/4712314.html,0,5.769746467179454,0,12.0,Belgian Warmblood,International
ehorses.com,"Oldenburg, Gelding, 11 years, Bay-Dark",Oldenburg,Gelding,11 years,909499,"Schlatt, AT",https://www.ehorses.com/oldenburg-gelding-11years-bay-dark-showjumpers-schlatt/4712341.html,0,5.958802225890189,0,11.0,Oldenburg,International
ehorses.com,"Austrian Warmblood, Gelding, 9 years, Brown",Austrian Warmblood,Gelding,9 years,909499,"Schlatt, AT",https://www.ehorses.com/austrian-warmblood-gelding-9years-brown-showjumpers-schlatt/4712389.html,0,5.958802225890189,0,9.0,Austrian Warmblood,International
ehorses.com,"Hanoverian, Gelding, 6 years, 16,1 hh, Chestnut-Red",Hanoverian,Gelding,6 years,139100,"Zalaegerszeg, HU",https://www.ehorses.com/hanoverian-gelding-6years-161-hh-chestnut-red-dressagehorses-zalaegerszeg/4694484.html,0,5.143327129992047,0,6.0,Hanoverian,International
ehorses.com,"Hungarian Sport Horse, Gelding, 6 years, 16,1 hh, Black",Hungarian Sport Horse,Gelding,6 years,139100,"Zalaegerszeg, HU",https://www.ehorses.com/hungarian-sport-horse-gelding-6years-161-hh-black-dressagehorses-zalaegerszeg/4618939.html,0,5.143327129992047,0,6.0,Hungarian Sport Horse,International
ehorses.com,"Oldenburg, Gelding, 6 years, 16,1 hh, Brown",Oldenburg,Gelding,6 years,187250,"Zalaegerszeg, HU",https://www.ehorses.com/oldenburg-gelding-6years-161-hh-brown-showjumpers-showhunter-dressagehorses-zalaegerszeg/4717677.html,0,5.272421826371504,0,6.0,Oldenburg,International
ehorses.com,"Oldenburg, Mare, 8 years, 16,1 hh, Black",Oldenburg,Mare,8 years,139100,"Zalaegerszeg, HU",https://www.ehorses.com/oldenburg-mare-8years-161-hh-black-dressagehorses-zalaegerszeg/4642134.html,0,5.143327129992047,0,8.0,Oldenburg,International
ehorses.com,"Oldenburg, Mare, 4 years, 16,1 hh, Smoky-Black",Oldenburg,Mare,4 years,321000,"Warendorf, DE",https://www.ehorses.com/oldenburg-mare-4years-161-hh-smoky-black-dressagehorses-warendorf/4741046.html,0,5.506505032404872,0,4.0,Oldenburg,International
ehorses.com,"Icelandic Horse, Mare, 16 years, 13,2 hh, Black",Icelandic Horse,Mare,16 years,42800,"Fronreute, DE",https://www.ehorses.com/icelandic-horse-mare-16years-132-hh-black-gaitedhorses-leisurehorses-fronreute/4689274.html,0,4.631443769013172,0,16.0,Icelandic Horse,International
ehorses.com,"Lusitano, Stallion, 5 years, 16 hh, Grey",Lusitano,Stallion,5 years,321000,"Navas Del Madroño, ES",https://www.ehorses.com/lusitano-stallion-5years-16-hh-grey-eventinghorses-navas-del-madrono/4135985.html,0,5.506505032404872,0,5.0,Lusitano,International
ehorses.com,"Draft Horse, Gelding, 6 years, 16,2 hh, Bay",Draft Horse,Gelding,6 years,35350,"Jacksboro TX, US",https://www.ehorses.com/draft-horse-gelding-6years-162-hh-bay-trailhorses-ranch-riding-horses-jacksboro-tx/4736369.html,0,4.548389418132918,0,6.0,Other_Rare,International
ehorses.com,"Classic Pony, Mare, 14 years, 12,1 hh, Grey",Pony,Mare,14 years,32089,"Uttendorf, AT",https://www.ehorses.com/classic-pony-mare-14years-121-hh-grey-leisurehorses-uttendorf/4739731.html,0,4.506356183245431,0,14.0,Pony,International
ehorses.com,"German Sport Horse, Stallion, 2 years, Brown",German Sport Horse,Stallion,2 years,80250,"Niemegk, DE",https://www.ehorses.com/german-sport-horse-stallion-2years-brown-showjumpers-niemegk/4166600.html,0,4.90444504107691,0,2.0,German Sport Horse,International
ehorses.com,"American Quarter Horse, Gelding, 13 years, 14,1 hh, Palomino",Quarter Horse,Gelding,13 years,35350,"Bittewater CA, US",https://www.ehorses.com/american-quarter-horse-gelding-13years-141-hh-palomino-trailhorses-ranch-riding-horses-bittewater-ca/4414411.html,0,4.548389418132918,0,13.0,Quarter Horse,International
ehorses.com,"Hanoverian, Gelding, 5 years, 16,2 hh, Grey",Hanoverian,Gelding,5 years,160500,"Zalaegerszeg, HU",https://www.ehorses.com/hanoverian-gelding-5years-162-hh-grey-showjumpers-zalaegerszeg/4661854.html,0,5.205475036740891,0,5.0,Hanoverian,International
ehorses.com,"Hanoverian, Gelding, 5 years, 16,3 hh",Hanoverian,Gelding,5 years,160500,"Zalaegerszeg, HU",https://www.ehorses.com/hanoverian-gelding-5years-163-hh-showjumpers-showhunter-dressagehorses-zalaegerszeg/4592004.html,0,5.205475036740891,0,5.0,Hanoverian,International
ehorses.com,"Oldenburg, Mare, 9 years, 17,1 hh, Chestnut-Red",Oldenburg,Mare,9 years,321000,"Schärding Vorstadt, AT",https://www.ehorses.com/oldenburg-mare-9years-171-hh-chestnut-red-dressagehorses-schaerding-vorstadt/4736784.html,0,5.506505032404872,0,9.0,Oldenburg,International
ehorses.com,"Westphalian, Gelding, 6 years, 16,1 hh, Chestnut-Red",Westphalian,Gelding,6 years,133750,"Messel, DE",https://www.ehorses.com/westphalian-gelding-6years-161-hh-chestnut-red-showjumpers-leisurehorses-dressagehorses-messel/4740182.html,0,5.126293790693266,0,6.0,Westphalian,International
ehorses.com,"German Riding Pony, Gelding, 6 years, 14,1 hh, Bay-Dark",Pony,Gelding,6 years,588500,"Herrenberg, DE",https://www.ehorses.com/german-riding-pony-gelding-6years-141-hh-bay-dark-dressagehorses-herrenberg/4664155.html,0,5.769746467179454,0,6.0,Pony,International
ehorses.com,"German Sport Horse, Stallion, 5 years, 16,3 hh, Brown",German Sport Horse,Stallion,5 years,588500,"Herrenberg, DE",https://www.ehorses.com/german-sport-horse-stallion-5years-163-hh-brown-dressagehorses-herrenberg/4648564.html,0,5.769746467179454,0,5.0,German Sport Horse,International
ehorses.com,"Dartmoor, Stallion, 13 years, 11,3 hh, Bay-Dark",Dartmoor,Stallion,13 years,48150,"Edewecht, DE",https://www.ehorses.com/dartmoor-stallion-13years-113-hh-bay-dark-breedinghorses-carriagehorses-edewecht/4746258.html,0,4.682596291460554,0,13.0,Other_Rare,International
ehorses.com,"German Sport Horse, Gelding, 4 years, 15,2 hh, Bay-Dark",German Sport Horse,Gelding,4 years,283550,"Jengen, DE",https://www.ehorses.com/german-sport-horse-gelding-4years-152-hh-bay-dark-dressagehorses-leisurehorses-jengen/4745076.html,0,5.452629651622018,0,4.0,German Sport Horse,International
ehorses.com,"German Riding Pony, Mare, 4 years, 14,1 hh, Chestnut-Red",Pony,Mare,4 years,133750,"Jengen, DE",https://www.ehorses.com/german-riding-pony-mare-4years-141-hh-chestnut-red-dressagehorses-breedinghorses-showhunter-leisurehorses-jengen/4653292.html,0,5.126293790693266,0,4.0,Pony,International
ehorses.com,"Hanoverian, Mare, 9 years, 17,1 hh, Brown",Hanoverian,Mare,9 years,262150,"Jengen, DE",https://www.ehorses.com/hanoverian-mare-9years-171-hh-brown-dressagehorses-breedinghorses-vaultinghorses-leisurehorses-jengen/4745132.html,0,5.418549862049742,0,9.0,Hanoverian,International
ehorses.com,"Oldenburg, Gelding, 5 years, 16,2 hh, Chestnut-Red",Oldenburg,Gelding,5 years,294250,"Jengen, DE",https://www.ehorses.com/oldenburg-gelding-5years-162-hh-chestnut-red-dressagehorses-showhunter-leisurehorses-jengen/4745033.html,0,5.468716471515473,0,5.0,Oldenburg,International
ehorses.com,"Cruzado, Mare, 9 years, 15,3 hh, Brown",Cruzado,Mare,9 years,160500,"Trigueros, ES",https://www.ehorses.com/cruzado-mare-9years-153-hh-brown-dressagehorses-leisurehorses-trigueros/4724369.html,0,5.205475036740891,0,9.0,Cruzado,International
ehorses.com,"PRE, Mare, 15 years, 15,2 hh, Chestnut-Red",Andalusian,Mare,15 years,80250,"Stahnsdorf, DE",https://www.ehorses.com/pre-mare-15years-152-hh-chestnut-red-leisurehorses-baroquehorses-dressagehorses-stahnsdorf/4498148.html,0,4.90444504107691,0,15.0,Andalusian,International
ehorses.com,"Lusitano, Stallion, 5 years, 16 hh, Brown",Lusitano,Stallion,5 years,235399,"Vale do Pau Queimado, PT",https://www.ehorses.com/lusitano-stallion-5years-16-hh-brown-dressagehorses-baroquehorses-vale-do-pau-queimado/4616024.html,0,5.371804613582164,0,5.0,Lusitano,International
ehorses.com,"German Sport Horse, Stallion, 4 years, 16,1 hh, Smoky-Black",German Sport Horse,Stallion,4 years,235399,"Wehringen, DE",https://www.ehorses.com/german-sport-horse-stallion-4years-161-hh-smoky-black-dressagehorses-showjumpers-leisurehorses-wehringen/4724816.html,0,5.371804613582164,0,4.0,German Sport Horse,International
ehorses.com,"Oldenburg, Mare, 6 years, 16,1 hh, Bay-Dark",Oldenburg,Mare,6 years,187250,"Wehringen, DE",https://www.ehorses.com/oldenburg-mare-6years-161-hh-bay-dark-dressagehorses-breedinghorses-leisurehorses-wehringen/4745235.html,0,5.272421826371504,0,6.0,Oldenburg,International
ehorses.com,"Oldenburg, Mare, 15 years, 16,1 hh, Bay-Dark",Oldenburg,Mare,15 years,42800,"Bad Homburg vor der Höhe, DE",https://www.ehorses.com/oldenburg-mare-15years-161-hh-bay-dark-breedinghorses-bad-homburg-vor-der-hoehe/4743848.html,0,4.631443769013172,0,15.0,Oldenburg,International
ehorses.com,"Andalusian, Stallion, 3 years, 15,2 hh, Black",Andalusian,Stallion,3 years,53500,"Mallorca, ES",https://www.ehorses.com/andalusian-stallion-3years-152-hh-black-leisurehorses-working-equitation-horses-westernhorses-eventinghorses-mallorca/4214169.html,0,4.7283537820212285,0,3.0,Andalusian,International
ehorses.com,"American Quarter Horse, Gelding, 13 years, 14,2 hh, Black",Quarter Horse,Gelding,13 years,35350,"Camp Verde AZ, US",https://www.ehorses.com/american-quarter-horse-gelding-13years-142-hh-black-trailhorses-ranch-riding-horses-camp-verde-az/4436519.html,0,4.548389418132918,0,13.0,Quarter Horse,International
ehorses.com,"Westphalian, Gelding, 5 years, Chestnut-Red",Westphalian,Gelding,5 years,214000,"Zülpich, DE",https://www.ehorses.com/westphalian-gelding-5years-chestnut-red-showhunter-showjumpers-zuelpich/4463840.html,0,5.330413773349191,0,5.0,Westphalian,International
ehorses.com,"German Riding Pony, Gelding, 3 years, Chestnut-Red",Pony,Gelding,3 years,44940,"Reichelsheim, DE",https://www.ehorses.com/german-riding-pony-gelding-3years-chestnut-red-dressagehorses-showjumpers-reichelsheim/3712488.html,0,4.6526330680831105,0,3.0,Pony,International
ehorses.com,"Oldenburg, Mare, 10 years, 15,2 hh, Black",Oldenburg,Mare,10 years,208650,"Kirchensittenbach, DE",https://www.ehorses.com/oldenburg-mare-10years-152-hh-black-dressagehorses-kirchensittenbach/4717694.html,0,5.319418389047728,0,10.0,Oldenburg,International
ehorses.com,"German Sport Horse, Mare, 2 years, Bay-Dark",German Sport Horse,Mare,2 years,107000,"Meyenburg, DE",https://www.ehorses.com/german-sport-horse-mare-2years-bay-dark-dressagehorses-breedinghorses-eventinghorses-showhunter-meyenburg/4446529.html,0,5.02938377768521,0,2.0,German Sport Horse,International
ehorses.com,"Andalusian, Gelding, 5 years, 15,1 hh, Brown",Andalusian,Gelding,5 years,67410,"Pruna, ES",https://www.ehorses.com/andalusian-gelding-5years-151-hh-brown-leisurehorses-pruna/4544789.html,0,4.828724327138791,0,5.0,Andalusian,International
ehorses.com,"Hanoverian, Gelding, 13 years, 16,1 hh, Brown",Hanoverian,Gelding,13 years,283550,"Wehringen, DE",https://www.ehorses.com/hanoverian-gelding-13years-161-hh-brown-dressagehorses-showjumpers-leisurehorses-wehringen/4593505.html,0,5.452629651622018,0,13.0,Hanoverian,International
ehorses.com,"Oldenburg, Gelding, 11 years, 17 hh, Black",Oldenburg,Gelding,11 years,1070000,"Wehringen, DE",https://www.ehorses.com/oldenburg-gelding-11years-17-hh-black-dressagehorses-leisurehorses-wehringen/4687297.html,0,6.02938377768521,0,11.0,Oldenburg,International
ehorses.com,"German Sport Horse, Mare, 6 years, 16,1 hh, Black",German Sport Horse,Mare,6 years,133750,"Wehringen, DE",https://www.ehorses.com/german-sport-horse-mare-6years-161-hh-black-dressagehorses-breedinghorses-showjumpers-leisurehorses-wehringen/4706133.html,0,5.126293790693266,0,6.0,German Sport Horse,International
ehorses.com,"German Sport Horse, Gelding, 11 years, 17 hh, Bay-Dark",German Sport Horse,Gelding,11 years,834600,"Wehringen, DE",https://www.ehorses.com/german-sport-horse-gelding-11years-17-hh-bay-dark-dressagehorses-showjumpers-leisurehorses-wehringen/4715953.html,0,5.92147838037569,0,11.0,German Sport Horse,International
ehorses.com,"Oldenburg, Gelding, 4 years, 15,3 hh, Bay-Dark",Oldenburg,Gelding,4 years,214000,"Wehringen, DE",https://www.ehorses.com/oldenburg-gelding-4years-153-hh-bay-dark-dressagehorses-eventinghorses-showjumpers-leisurehorses-wehringen/4720924.html,0,5.330413773349191,0,4.0,Oldenburg,International
ehorses.com,"German Sport Horse, Mare, 9 years, 16,2 hh, Bay-Dark",German Sport Horse,Mare,9 years,374500,"Wehringen, DE",https://www.ehorses.com/german-sport-horse-mare-9years-162-hh-bay-dark-dressagehorses-breedinghorses-showjumpers-leisurehorses-wehringen/4732428.html,0,5.573451822035485,0,9.0,German Sport Horse,International
ehorses.com,"Hanoverian, Gelding, 4 years, 16,2 hh, Chestnut",Hanoverian,Gelding,4 years,283550,"Wehringen, DE",https://www.ehorses.com/hanoverian-gelding-4years-162-hh-chestnut-dressagehorses-leisurehorses-wehringen/4737349.html,0,5.452629651622018,0,4.0,Hanoverian,International
ehorses.com,"Hanoverian, Mare, 4 years, 16 hh, Chestnut-Red",Hanoverian,Mare,4 years,133750,"Wehringen, DE",https://www.ehorses.com/hanoverian-mare-4years-16-hh-chestnut-red-dressagehorses-breedinghorses-showjumpers-leisurehorses-wehringen/4738107.html,0,5.126293790693266,0,4.0,Hanoverian,International
ehorses.com,"Straight Egyptian, Mare, 3 years, 14,2 hh, Black",Straight Egyptian,Mare,3 years,133750,"Biesdorf, DE",https://www.ehorses.com/straight-egyptian-mare-3years-142-hh-black-breedinghorses-trailhorses-endurancehorses-leisurehorses-biesdorf/4705075.html,0,5.126293790693266,0,3.0,Straight Egyptian,International
ehorses.com,"Straight Egyptian, Stallion, 3 years, 15 hh, Brown",Straight Egyptian,Stallion,3 years,63129,"Biesdorf, DE",https://www.ehorses.com/straight-egyptian-stallion-3years-15-hh-brown-leisurehorses-endurancehorses-breedinghorses-biesdorf/4632130.html,0,4.800228909905183,0,3.0,Straight Egyptian,International
ehorses.com,"German Sport Horse, Gelding, 6 years, 16,1 hh",German Sport Horse,Gelding,6 years,133750,"Uelzen, DE",https://www.ehorses.com/german-sport-horse-gelding-6years-161-hh-dressagehorses-showjumpers-uelzen/4733448.html,0,5.126293790693266,0,6.0,German Sport Horse,International
ehorses.com,"Belgian Warmblood, Gelding, 6 years, 17 hh, Brown",Belgian Warmblood,Gelding,6 years,104325,"Achtmaal, NL",https://www.ehorses.com/belgian-warmblood-gelding-6years-17-hh-brown-showjumpers-leisurehorses-dressagehorses-achtmaal/4746229.html,0,5.018388393383747,0,6.0,Belgian Warmblood,International
ehorses.com,"Swiss Warmblood, Gelding, 10 years, 16,1 hh, Brown",Swiss Warmblood,Gelding,10 years,909499,"Ersigen, CH",https://www.ehorses.com/swiss-warmblood-gelding-10years-161-hh-brown-showjumpers-eventinghorses-ersigen/4694296.html,0,5.958802225890189,0,10.0,Other_Rare,International
ehorses.com,"Trakehner, Mare, 11 years, 16,1 hh, Brown",Trakehner,Mare,11 years,214000,"Jægerspris, DK",https://www.ehorses.com/trakehner-mare-11years-161-hh-brown-dressagehorses-jgerspris/4551928.html,0,5.330413773349191,0,11.0,Trakehner,International
ehorses.com,"Hanoverian, Mare, 1 year, Brown",Hanoverian,Mare,1 year,80250,"Langwedel, DE",https://www.ehorses.com/hanoverian-mare-1year-brown-showjumpers-langwedel/4696498.html,0,4.90444504107691,0,,Hanoverian,International
ehorses.com,"American Quarter Horse, Gelding, 7 years, 15,2 hh, Grey",Quarter Horse,Gelding,7 years,35350,"Flemingsburg KY, US",https://www.ehorses.com/american-quarter-horse-gelding-7years-152-hh-grey-trailhorses-ranch-riding-horses-flemingsburg-ky/4377091.html,0,4.548389418132918,0,7.0,Quarter Horse,International
ehorses.com,"American Quarter Horse, Gelding, 11 years, 14,3 hh, Chestnut",Quarter Horse,Gelding,11 years,35350,"Camp Verde AZ, US",https://www.ehorses.com/american-quarter-horse-gelding-11years-143-hh-chestnut-trailhorses-ranch-riding-horses-camp-verde-az/4445543.html,0,4.548389418132918,0,11.0,Quarter Horse,International
ehorses.com,"Arabian horses, Mare, 6 years, 15,1 hh, Brown",Arabian horses,Mare,6 years,321000,"Wels, AT",https://www.ehorses.com/arabian-horses-mare-6years-151-hh-brown-breedinghorses-showhorses-leisurehorses-wels/4734652.html,0,5.506505032404872,0,6.0,Arabian horses,International
ehorses.com,"PRE Mix, Stallion, 4 years, 15,2 hh, Bay",Andalusian,Stallion,4 years,80250,"Malaga, ES",https://www.ehorses.com/pre-stallion-4years-152-hh-bay-dressagehorses-leisurehorses-malaga/4634467.html,0,4.90444504107691,0,4.0,Andalusian,International
ehorses.com,"Oldenburg, Mare, 5 years, 16,1 hh, Chestnut",Oldenburg,Mare,5 years,588500,"Gleichen, DE",https://www.ehorses.com/oldenburg-mare-5years-161-hh-chestnut-dressagehorses-gleichen/4474696.html,0,5.769746467179454,0,5.0,Oldenburg,International
ehorses.com,"Hanoverian, Gelding, 7 years, 16,3 hh, Bay-Dark",Hanoverian,Gelding,7 years,374500,"Flensburg, DE",https://www.ehorses.com/hanoverian-gelding-7years-163-hh-bay-dark-dressagehorses-flensburg/4690650.html,0,5.573451822035485,0,7.0,Hanoverian,International
ehorses.com,"Spanish Sporthorse, Gelding, 4 years, 16 hh, Brown",Spanish Sporthorse,Gelding,4 years,85600,"Toledo, ES",https://www.ehorses.com/spanish-sporthorse-gelding-4years-16-hh-brown-dressagehorses-toledo/4746215.html,0,4.9324737646771535,0,4.0,Spanish Sporthorse,International
ehorses.com,"Spanish Sporthorse, Gelding, 10 years, 16 hh, Palomino",Spanish Sporthorse,Gelding,10 years,117699,"Madrid, ES",https://www.ehorses.com/spanish-sporthorse-gelding-10years-16-hh-palomino-dressagehorses-madrid/4746214.html,0,5.070772772985093,0,10.0,Spanish Sporthorse,International
ehorses.com,"Spanish Sporthorse, Gelding, 7 years, 16 hh, Black",Spanish Sporthorse,Gelding,7 years,139100,"Segovia, ES",https://www.ehorses.com/spanish-sporthorse-gelding-7years-16-hh-black-dressagehorses-segovia/4746213.html,0,5.143327129992047,0,7.0,Spanish Sporthorse,International
ehorses.com,"American Quarter Horse Mix, Mare, 1 year, 14,1 hh, Perlino",Quarter Horse,Mare,1 year,58839,"Groesbeek, NL",https://www.ehorses.com/american-quarter-horse-mare-1year-141-hh-perlino-westernhorses-breedinghorses-leisurehorses-groesbeek/4740034.html,0,4.769665283053242,0,,Quarter Horse,International
ehorses.com,"KWPN, Gelding, 5 years, 17,2 hh, Bay-Dark",KWPN,Gelding,5 years,181900,"Murcia, ES",https://www.ehorses.com/kwpn-gelding-5years-172-hh-bay-dark-showjumpers-murcia/4746211.html,0,5.259832699063484,0,5.0,KWPN,International
ehorses.com,"German Sport Horse, Mare, 5 years, 17 hh, Chestnut",German Sport Horse,Mare,5 years,321000,"Loewenberger Land, 30 min von Berlin, DE",https://www.ehorses.com/german-sport-horse-mare-5years-17-hh-chestnut-dressagehorses-loewenberger-land-30-min-von-berlin/4731095.html,0,5.506505032404872,0,5.0,German Sport Horse,International
ehorses.com,"Westphalian, Mare, 5 years, 16,2 hh, Bay-Dark",Westphalian,Mare,5 years,588500,"Loewenberger Land, 30 min von Berlin, DE",https://www.ehorses.com/westphalian-mare-5years-162-hh-bay-dark-dressagehorses-loewenberger-land-30-min-von-berlin/4731097.html,0,5.769746467179454,0,5.0,Westphalian,International
ehorses.com,"Oldenburg, Gelding, 9 years, 18,1 hh, Brown",Oldenburg,Gelding,9 years,192660,"Gossau ZH, CH",https://www.ehorses.com/oldenburg-gelding-9years-181-hh-brown-showjumpers-leisurehorses-dressagehorses-gossau-zh/4657336.html,0,5.284791555950146,0,9.0,Oldenburg,International
ehorses.com,"Menorquin, Stallion, 12 years, 16,1 hh, Black",Menorquin,Stallion,12 years,321000,"Menorca, ES",https://www.ehorses.com/menorquin-stallion-12years-161-hh-black-leisurehorses-working-equitation-horses-baroquehorses-eventinghorses-menorca/4728073.html,0,5.506505032404872,0,12.0,Other_Rare,International
ehorses.com,"Hanoverian, Mare, 5 years, 16,1 hh, Black",Hanoverian,Mare,5 years,321000,"Loewenberger Land, 30 min von Berlin, DE",https://www.ehorses.com/hanoverian-mare-5years-161-hh-black-dressagehorses-eventinghorses-showhunter-leisurehorses-loewenberger-land-30-min-von-berlin/4731094.html,0,5.506505032404872,0,5.0,Hanoverian,International
ehorses.com,"Oldenburg, Mare, 5 years, 16,2 hh, Brown",Oldenburg,Mare,5 years,588500,"Loewenberger Land, 30 min von Berlin, DE",https://www.ehorses.com/oldenburg-mare-5years-162-hh-brown-dressagehorses-loewenberger-land-30-min-von-berlin/4731108.html,0,5.769746467179454,0,5.0,Oldenburg,International
ehorses.com,"Oldenburg, Mare, 5 years, 16,1 hh, Bay-Dark",Oldenburg,Mare,5 years,321000,"Loewenberger Land, 30 min von Berlin, DE",https://www.ehorses.com/oldenburg-mare-5years-161-hh-bay-dark-dressagehorses-loewenberger-land-30-min-von-berlin/4731105.html,0,5.506505032404872,0,5.0,Oldenburg,International
ehorses.com,"German Sport Horse, Mare, 5 years, 15,3 hh, Black",German Sport Horse,Mare,5 years,321000,"Loewenberger Land, 30 min von Berlin, DE",https://www.ehorses.com/german-sport-horse-mare-5years-153-hh-black-dressagehorses-eventinghorses-leisurehorses-loewenberger-land-30-min-von-berlin/4731102.html,0,5.506505032404872,0,5.0,German Sport Horse,International
ehorses.com,"Hanoverian, Mare, 5 years, 16,1 hh, Bay-Dark",Hanoverian,Mare,5 years,321000,"Loewenberger Land, 30 min von Berlin, DE",https://www.ehorses.com/hanoverian-mare-5years-161-hh-bay-dark-dressagehorses-loewenberger-land-30-min-von-berlin/4731101.html,0,5.506505032404872,0,5.0,Hanoverian,International
ehorses.com,"Spanish Sporthorse Mix, Stallion, 6 years, 16 hh, Dun",Spanish Sporthorse Mix,Stallion,6 years,321000,"Calañas, ES",https://www.ehorses.com/spanish-sporthorse-stallion-6years-16-hh-dun-dressagehorses-working-equitation-horses-calanas/4746137.html,0,5.506505032404872,0,6.0,Other_Rare,International
ehorses.com,"KWPN, Gelding, 4 years, 16.1 hh, Black",KWPN,Gelding,4 years,187250,"Bergen aan Zee, NL",https://www.ehorses.com/kwpn-gelding-4years-16-1-hh-black-dressagehorses-bergen-aan-zee/4729480.html,0,5.272421826371504,0,4.0,KWPN,International
ehorses.com,"KWPN, Gelding, 7 years, 17 hh, Grey-Blue-Tan",KWPN,Gelding,7 years,66875,"Oud Gastel, NL",https://www.ehorses.com/kwpn-gelding-7years-17-hh-grey-blue-tan-leisurehorses-showjumpers-dressagehorses-oud-gastel/4746113.html,0,4.825263795029285,0,7.0,KWPN,International
ehorses.com,"German Sport Horse, Gelding, 5 years, 17.1 hh, Chestnut-Red",German Sport Horse,Gelding,5 years,160500,"Wedemark, DE",https://www.ehorses.com/german-sport-horse-gelding-5years-17-1-hh-chestnut-red-dressagehorses-leisurehorses-wedemark/4657250.html,0,5.205475036740891,0,5.0,German Sport Horse,International
ehorses.com,"Spanish Sporthorse, Gelding, 3 years, Brown-Light",Spanish Sporthorse,Gelding,3 years,80250,"Fuendetodos, ES",https://www.ehorses.com/spanish-sporthorse-gelding-3years-brown-light-dressagehorses-fuendetodos/4623040.html,0,4.90444504107691,0,3.0,Spanish Sporthorse,International
ehorses.com,"PRE, Gelding, 15 years, 16.1 hh, Grey",Andalusian,Gelding,15 years,80250,"Fuendetodos, ES",https://www.ehorses.com/pre-gelding-15years-16-1-hh-grey-leisurehorses-fuendetodos/4639412.html,0,4.90444504107691,0,15.0,Andalusian,International
ehorses.com,"PRE, Gelding, 3 years, Bay-Dark",Andalusian,Gelding,3 years,80250,"Fuendetodos, ES",https://www.ehorses.com/pre-gelding-3years-bay-dark-dressagehorses-fuendetodos/4623049.html,0,4.90444504107691,0,3.0,Andalusian,International
ehorses.com,"PRE, Stallion, 4 years, Grey",Andalusian,Stallion,4 years,187250,"Fuendetodos, ES",https://www.ehorses.com/pre-stallion-4years-grey-dressagehorses-fuendetodos/4655233.html,0,5.272421826371504,0,4.0,Andalusian,International
ehorses.com,"Oldenburg, Mare, 1 year, Black",Oldenburg,Mare,1 year,80250,"Fuendetodos, ES",https://www.ehorses.com/oldenburg-mare-1year-black-dressagehorses-fuendetodos/4735279.html,0,4.90444504107691,0,,Oldenburg,International
ehorses.com,"Spanish Sporthorse, Stallion, 3 years",Spanish Sporthorse,Stallion,3 years,80250,"ZueraFuendetodos, ES",https://www.ehorses.com/spanish-sporthorse-stallion-3years-dressagehorses-zuerafuendetodos/4547701.html,0,4.90444504107691,0,3.0,Spanish Sporthorse,International
ehorses.com,"KWPN, Gelding, 12 years, 16.1 hh, Black",KWPN,Gelding,12 years,106465,"Nettersheim, DE",https://www.ehorses.com/kwpn-gelding-12years-16-1-hh-black-dressagehorses-showjumpers-leisurehorses-carriagehorses-nettersheim/4733126.html,0,5.027206858430935,0,12.0,KWPN,International
ehorses.com,"Belgian Warmblood, Mare, 8 years, 16.1 hh, Brown",Belgian Warmblood,Mare,8 years,160500,"Nettersheim, DE",https://www.ehorses.com/belgian-warmblood-mare-8years-16-1-hh-brown-dressagehorses-showjumpers-leisurehorses-nettersheim/4686946.html,0,5.205475036740891,0,8.0,Belgian Warmblood,International
ehorses.com,"Hanoverian, Mare, 7 years, 16.3 hh, Brown",Hanoverian,Mare,7 years,133750,"Békésszentandrás, HU",https://www.ehorses.com/hanoverian-mare-7years-16-3-hh-brown-dressagehorses-vaultinghorses-showjumpers-leisurehorses-bekesszentandras/4688106.html,0,5.126293790693266,0,7.0,Hanoverian,International
ehorses.com,"More ponies/small horses, Mare, 8 years, 14.1 hh, Brown",More ponies/small horses,Mare,8 years,40125,"Békésszentandrás, HU",https://www.ehorses.com/more-poniessmall-horses-mare-8years-14-1-hh-brown-leisurehorses-vaultinghorses-showjumpers-dressagehorses-bekesszentandras/4739453.html,0,4.603415045412929,0,8.0,More ponies/small horses,International
ehorses.com,"Zweibruecker, Stallion, 1 year, 16.2 hh, Bay-Dark",Zweibruecker,Stallion,1 year,133750,"Neupotz, DE",https://www.ehorses.com/zweibruecker-stallion-1year-16-2-hh-bay-dark-dressagehorses-breedinghorses-showjumpers-neupotz/4544244.html,0,5.126293790693266,0,,Other_Rare,International
ehorses.com,"Mecklenburg Warmblood, Gelding, 3 years, 16.1 hh, Grey",Mecklenburg Warmblood,Gelding,3 years,133750,"Neupotz, DE",https://www.ehorses.com/mecklenburg-warmblood-gelding-3years-16-1-hh-grey-showjumpers-eventinghorses-dressagehorses-neupotz/4726522.html,0,5.126293790693266,0,3.0,Mecklenburg Warmblood,International
ehorses.com,"Oldenburg, Gelding, 3 years, 16.2 hh, Bay-Dark",Oldenburg,Gelding,3 years,133750,"Neupotz, DE",https://www.ehorses.com/oldenburg-gelding-3years-16-2-hh-bay-dark-dressagehorses-breedinghorses-showjumpers-leisurehorses-neupotz/4667268.html,0,5.126293790693266,0,3.0,Oldenburg,International
ehorses.com,"Oldenburg-International (OS), Mare, 7 years, 16,3 hh, Grey",Oldenburg-International (OS),Mare,7 years,1070000,"Tuhan, CZ",https://www.ehorses.com/oldenburg-international-os-mare-7years-163-hh-grey-showjumpers-tuhan/4599967.html,0,6.02938377768521,0,7.0,Oldenburg-International (OS),International
ehorses.com,"Irish Sport Horse, Gelding, 10 years, 16 hh, Grey",Irish Sport Horse,Gelding,10 years,160500,"Santa Eulària des Riu, ES",https://www.ehorses.com/irish-sport-horse-gelding-10years-16-hh-grey-showjumpers-eventinghorses-dressagehorses-santa-eularia-des-riu/4623604.html,0,5.205475036740891,0,10.0,Irish Sport Horse,International
ehorses.com,"Holstein, Mare, 3 years, 16,2 hh, Bay-Dark",Holstein,Mare,3 years,107000,"Hamersen, DE",https://www.ehorses.com/holstein-mare-3years-162-hh-bay-dark-eventinghorses-hamersen/4638034.html,0,5.02938377768521,0,3.0,Holstein,International
ehorses.com,"Hanoverian, Mare, 4 years, 16,1 hh, Chestnut-Red",Hanoverian,Mare,4 years,133750,"Fredenbeck, DE",https://www.ehorses.com/hanoverian-mare-4years-161-hh-chestnut-red-dressagehorses-showjumpers-leisurehorses-fredenbeck/4733622.html,0,5.126293790693266,0,4.0,Hanoverian,International
ehorses.com,"Hanoverian, Mare, 11 years, 16,1 hh, Chestnut-Red",Hanoverian,Mare,11 years,197950,"Spall, DE",https://www.ehorses.com/hanoverian-mare-11years-161-hh-chestnut-red-dressagehorses-breedinghorses-showjumpers-leisurehorses-spall/4610795.html,0,5.2965555060882235,0,11.0,Hanoverian,International
ehorses.com,"Icelandic Horse, Gelding, 5 years, 14,2 hh, Chestnut-Red",Icelandic Horse,Gelding,5 years,214000,"Euskirchen, DE",https://www.ehorses.com/icelandic-horse-gelding-5years-142-hh-chestnut-red-leisurehorses-gaitedhorses-euskirchen/4718811.html,0,5.330413773349191,0,5.0,Icelandic Horse,International
ehorses.com,"PRE Mix, Mare, 6 years, 15,1 hh, Grey",Andalusian,Mare,6 years,71690,"Sevilla, ES",https://www.ehorses.com/pre-mare-6years-151-hh-grey-dressagehorses-working-equitation-horses-breedinghorses-leisurehorses-sevilla/4708220.html,0,4.855458580386036,0,6.0,Andalusian,International
ehorses.com,"American Paint Horse, Mare, 9 years, 15 hh, Tobiano-all-colors",American Paint Horse,Mare,9 years,35350,"Howell, MI, US",https://www.ehorses.com/american-paint-horse-mare-9years-15-hh-tobiano-all-colors-trailhorses-ranch-riding-horses-howell-mi/4224410.html,0,4.548389418132918,0,9.0,American Paint Horse,International
ehorses.com,"Shetland Ponies, Mare, 6 years, 10,1 hh, Black",Shetland Ponies,Mare,6 years,37450,"Trebbin, DE",https://www.ehorses.com/shetland-ponies-mare-6years-101-hh-black-leisurehorses-trebbin/4741128.html,0,4.573451822035485,0,6.0,Shetland Ponies,International
ehorses.com,"Oldenburg, Gelding, 3 years, 16,2 hh, Chestnut-Red",Oldenburg,Gelding,3 years,133750,"Neupotz, DE",https://www.ehorses.com/oldenburg-gelding-3years-162-hh-chestnut-red-dressagehorses-showjumpers-leisurehorses-neupotz/4372660.html,0,5.126293790693266,0,3.0,Oldenburg,International
ehorses.com,"Welsh D (Cob), Gelding, 10 years, 14,2 hh, Palomino",Welsh D (Cob),Gelding,10 years,90950,"Eitorf, DE",https://www.ehorses.com/welsh-d-cob-gelding-10years-142-hh-palomino-eventinghorses-leisurehorses-eitorf/4728665.html,0,4.958802703399503,0,10.0,Other_Rare,International
ehorses.com,"German Sport Horse, Mare, 8 years, 16,1 hh, Brown",German Sport Horse,Mare,8 years,139100,"Braunschweig, DE",https://www.ehorses.com/german-sport-horse-mare-8years-161-hh-brown-showjumpers-eventinghorses-dressagehorses-braunschweig/4746020.html,0,5.143327129992047,0,8.0,German Sport Horse,International
ehorses.com,"Arabian horses, Gelding, 5 years, 15 hh, Grey",Arabian horses,Gelding,5 years,73830,"Emmelshausen, DE",https://www.ehorses.com/arabian-horses-gelding-5years-15-hh-grey-leisurehorses-westernhorses-emmelshausen/4734516.html,0,4.868232868422465,0,5.0,Arabian horses,International
ehorses.com,"Westphalian, Mare, 4 years, 16,1 hh, Black",Westphalian,Mare,4 years,155150,"Bramsche, DE",https://www.ehorses.com/westphalian-mare-4years-161-hh-black-dressagehorses-leisurehorses-bramsche/4746019.html,0,5.190751779920184,0,4.0,Westphalian,International
ehorses.com,"Austrian Warmblood, Mare, 11 years, 17 hh, Grey",Austrian Warmblood,Mare,11 years,187250,"Linz, AT",https://www.ehorses.com/austrian-warmblood-mare-11years-17-hh-grey-showjumpers-dressagehorses-linz/4693292.html,0,5.272421826371504,0,11.0,Austrian Warmblood,International
ehorses.com,"Westphalian, Gelding, 6 years, 16,2 hh, Black",Westphalian,Gelding,6 years,321000,"Bochum, DE",https://www.ehorses.com/westphalian-gelding-6years-162-hh-black-dressagehorses-showjumpers-leisurehorses-bochum/4746014.html,0,5.506505032404872,0,6.0,Westphalian,International
ehorses.com,"German Sport Horse, Mare, 8 years, 17 hh, Smoky-Black",German Sport Horse,Mare,8 years,321000,"Aldrans, AT",https://www.ehorses.com/german-sport-horse-mare-8years-17-hh-smoky-black-showjumpers-breedinghorses-eventinghorses-aldrans/4709856.html,0,5.506505032404872,0,8.0,German Sport Horse,International
ehorses.com,"Icelandic Horse, Gelding, 9 years, 14,2 hh, Sorrel",Icelandic Horse,Gelding,9 years,203300,"Langeln, DE",https://www.ehorses.com/icelandic-horse-gelding-9years-142-hh-sorrel-leisurehorses-gaitedhorses-langeln/4745728.html,0,5.308137378638039,0,9.0,Icelandic Horse,International
ehorses.com,"Anglo European Studbook, Gelding, 7 years, 16,2 hh, Brown",Anglo-Arabian,Gelding,7 years,321000,"Schalchham, AT",https://www.ehorses.com/anglo-european-studbook-gelding-7years-162-hh-brown-showjumpers-leisurehorses-schalchham/4519084.html,0,5.506505032404872,0,7.0,Anglo-Arabian,International
ehorses.com,"Other Heavy Horses Mix, Gelding, 6 years, 15,2 hh, Grey",Other Heavy Horses Mix,Gelding,6 years,136960,"Nettersheim, DE",https://www.ehorses.com/other-heavy-horses-gelding-6years-152-hh-grey-carriagehorses-leisurehorses-nettersheim/4745975.html,0,5.136593747333078,0,6.0,Other_Rare,International
ehorses.com,"KWPN, Gelding, 8 years, 16,1 hh, Brown",KWPN,Gelding,8 years,267500,"Salzburg, AT",https://www.ehorses.com/kwpn-gelding-8years-161-hh-brown-dressagehorses-showjumpers-salzburg/4717411.html,0,5.427323786357247,0,8.0,KWPN,International
ehorses.com,"Westphalian, Gelding, 6 years, 17 hh, Brown",Westphalian,Gelding,6 years,588500,"Scheeßel, DE",https://www.ehorses.com/westphalian-gelding-6years-17-hh-brown-dressagehorses-scheessel/4745954.html,0,5.769746467179454,0,6.0,Westphalian,International
ehorses.com,"German Riding Pony, Gelding, 4 years, 14 hh, Chestnut-Red",Pony,Gelding,4 years,106989,"Geilenkirchen, DE",https://www.ehorses.com/german-riding-pony-gelding-4years-14-hh-chestnut-red-dressagehorses-leisurehorses-geilenkirchen/4713782.html,0,5.029339128293838,0,4.0,Pony,International
ehorses.com,"Oldenburg, Mare, 12 years, 16,2 hh, Smoky-Black",Oldenburg,Mare,12 years,80250,"Bruchhausen-Vilsen, DE",https://www.ehorses.com/oldenburg-mare-12years-162-hh-smoky-black-breedinghorses-bruchhausen-vilsen/4633021.html,0,4.90444504107691,0,12.0,Oldenburg,International
ehorses.com,"KWPN, Stallion, 10 years, 17 hh, Chestnut-Red",KWPN,Stallion,10 years,160500,"Pilisjászfalu, HU",https://www.ehorses.com/kwpn-stallion-10years-17-hh-chestnut-red-dressagehorses-pilisjaszfalu/4729919.html,0,5.205475036740891,0,10.0,KWPN,International
ehorses.com,"Mule, Mare, 13 years, Sorrel",Mule,Mare,13 years,35350,"Flemingsburg KY, US",https://www.ehorses.com/mule-mare-13years-sorrel-trailhorses-ranch-riding-horses-flemingsburg-ky/4216811.html,0,4.548389418132918,0,13.0,Other_Rare,International
ehorses.com,"American Quarter Horse, Mare, 9 years, 15 hh, Bay",Quarter Horse,Mare,9 years,35350,"Henderson KY, US",https://www.ehorses.com/american-quarter-horse-mare-9years-15-hh-bay-trailhorses-ranch-riding-horses-henderson-ky/4628948.html,0,4.548389418132918,0,9.0,Quarter Horse,International
ehorses.com,"American Quarter Horse, Gelding, 4 years, 16 hh, Roan-Blue",Quarter Horse,Gelding,4 years,35339,"JAcksboro TX, US",https://www.ehorses.com/american-quarter-horse-gelding-4years-16-hh-roan-blue-trailhorses-showjumpers-jacksboro-tx/4665147.html,0,4.548254255962298,0,4.0,Quarter Horse,International
ehorses.com,"Pony of the Americas, Gelding, 7 years, 9,3 hh, Bay",Pony,Gelding,7 years,35350,"Weatherford TX, US",https://www.ehorses.com/pony-of-the-americas-gelding-7years-93-hh-bay-trailhorses-ranch-riding-horses-weatherford-tx/4190138.html,0,4.548389418132918,0,7.0,Pony,International
ehorses.com,"American Quarter Horse, Mare, 12 years, 14,1 hh, Chestnut",Quarter Horse,Mare,12 years,155150,"Geilenkirchen, DE",https://www.ehorses.com/american-quarter-horse-mare-12years-141-hh-chestnut-pleasurehorses-geilenkirchen/4713849.html,0,5.190751779920184,0,12.0,Quarter Horse,International
ehorses.com,"German Riding Pony, Mare, 10 years, 13,2 hh, Chestnut-Red",Pony,Mare,10 years,64189,"Geilenkirchen, DE",https://www.ehorses.com/german-riding-pony-mare-10years-132-hh-chestnut-red-leisurehorses-showjumpers-dressagehorses-geilenkirchen/4735545.html,0,4.807460609866163,0,10.0,Pony,International
ehorses.com,"More ponies/small horses, Gelding, 15 years, 13,3 hh, Chestnut-Red",More ponies/small horses,Gelding,15 years,58849,"Geilenkirchen, DE",https://www.ehorses.com/more-poniessmall-horses-gelding-15years-133-hh-chestnut-red-leisurehorses-geilenkirchen/4739954.html,0,4.76973908743142,0,15.0,More ponies/small horses,International
ehorses.com,"Hanoverian, Gelding, 8 years, 16,2 hh, Chestnut-Red",Hanoverian,Gelding,8 years,267500,"Geilenkirchen, DE",https://www.ehorses.com/hanoverian-gelding-8years-162-hh-chestnut-red-showjumpers-geilenkirchen/4696529.html,0,5.427323786357247,0,8.0,Hanoverian,International
ehorses.com,"Shetland Ponies, Gelding, 9 years, 8,1 hh, Roan-Blue",Shetland Ponies,Gelding,9 years,16049,"Geilenkirchen, DE",https://www.ehorses.com/shetland-ponies-gelding-9years-81-hh-roan-blue-leisurehorses-carriagehorses-dressagehorses-geilenkirchen/4706792.html,0,4.205447977051676,0,9.0,Shetland Ponies,International
ehorses.com,"Shetland Ponies, Gelding, 14 years, 10,1 hh, Grey",Shetland Ponies,Gelding,14 years,18725,"Geilenkirchen, DE",https://www.ehorses.com/shetland-ponies-gelding-14years-101-hh-grey-leisurehorses-geilenkirchen/4707287.html,0,4.272421826371504,0,14.0,Shetland Ponies,International
ehorses.com,"KWPN, Gelding, 13 years, 17 hh, Black",KWPN,Gelding,13 years,374500,"Geilenkirchen, DE",https://www.ehorses.com/kwpn-gelding-13years-17-hh-black-dressagehorses-geilenkirchen/4707396.html,0,5.573451822035485,0,13.0,KWPN,International
ehorses.com,"German Riding Pony, Mare, 4 years, 15 hh, Chestnut-Red",Pony,Mare,4 years,106989,"Geilenkirchen, DE",https://www.ehorses.com/german-riding-pony-mare-4years-15-hh-chestnut-red-dressagehorses-geilenkirchen/4707397.html,0,5.029339128293838,0,4.0,Pony,International
ehorses.com,"Oldenburg, Gelding, 4 years, 16 hh, Chestnut-Red",Oldenburg,Gelding,4 years,106989,"Geilenkirchen, DE",https://www.ehorses.com/oldenburg-gelding-4years-16-hh-chestnut-red-dressagehorses-geilenkirchen/4713472.html,0,5.029339128293838,0,4.0,Oldenburg,International
ehorses.com,"More ponies/small horses, Mare, 9 years, 11,1 hh, Red Dun",More ponies/small horses,Mare,9 years,101650,"Geilenkirchen, DE",https://www.ehorses.com/more-poniessmall-horses-mare-9years-111-hh-red-dun-leisurehorses-vaultinghorses-showjumpers-dressagehorses-geilenkirchen/4713643.html,0,5.007107382974057,0,9.0,More ponies/small horses,International
ehorses.com,"German Riding Pony, Gelding, 4 years, 14,1 hh, Chestnut-Red",Pony,Gelding,4 years,106989,"Geilenkirchen, DE",https://www.ehorses.com/german-riding-pony-gelding-4years-141-hh-chestnut-red-dressagehorses-leisurehorses-geilenkirchen/4713781.html,0,5.029339128293838,0,4.0,Pony,International
ehorses.com,"KWPN, Mare, 6 years, 16,2 hh, Bay-Dark",KWPN,Mare,6 years,101650,"Geilenkirchen, DE",https://www.ehorses.com/kwpn-mare-6years-162-hh-bay-dark-showjumpers-geilenkirchen/4745952.html,0,5.007107382974057,0,6.0,KWPN,International
ehorses.com,"KWPN, Mare, 11 years, 16 hh, Brown",KWPN,Mare,11 years,101650,"Geilenkirchen, DE",https://www.ehorses.com/kwpn-mare-11years-16-hh-brown-showjumpers-geilenkirchen/4745947.html,0,5.007107382974057,0,11.0,KWPN,International
ehorses.com,"Oldenburg, Mare, 9 years, 16,1 hh, Black",Oldenburg,Mare,9 years,69550,"Gilching, DE",https://www.ehorses.com/oldenburg-mare-9years-161-hh-black-breedinghorses-gilching/4726112.html,0,4.842297134328065,0,9.0,Oldenburg,International
ehorses.com,"Hanoverian, Mare, 3 years, 16 hh, Black",Hanoverian,Mare,3 years,187250,"Gilching, DE",https://www.ehorses.com/hanoverian-mare-3years-16-hh-black-dressagehorses-gilching/4742636.html,0,5.272421826371504,0,3.0,Hanoverian,International
ehorses.com,"Zangersheider, Mare, 7 years, 15,3 hh, Brown",Zangersheider,Mare,7 years,93090,"Geilenkirchen, DE",https://www.ehorses.com/zangersheider-mare-7years-153-hh-brown-showjumpers-geilenkirchen/4745942.html,0,4.968903030303828,0,7.0,Zangersheider,International
ehorses.com,"KWPN, Mare, 9 years, 16 hh, Smoky-Black",KWPN,Mare,9 years,101650,"Geilenkirchen, DE",https://www.ehorses.com/kwpn-mare-9years-16-hh-smoky-black-dressagehorses-geilenkirchen/4745940.html,0,5.007107382974057,0,9.0,KWPN,International
ehorses.com,"Hanoverian, Gelding, 5 years, 15,3 hh, Bay",Hanoverian,Gelding,5 years,187250,"Barłomino, PL",https://www.ehorses.com/hanoverian-gelding-5years-153-hh-bay-dressagehorses-leisurehorses-baromino/4513022.html,0,5.272421826371504,0,5.0,Hanoverian,International
ehorses.com,"Hanoverian, Mare, 6 years, 16.1 hh, Bay-Dark",Hanoverian,Mare,6 years,321000,"Ratingen, DE",https://www.ehorses.com/hanoverian-mare-6years-16-1-hh-bay-dark-dressagehorses-breedinghorses-showjumpers-leisurehorses-ratingen/4606692.html,0,5.506505032404872,0,6.0,Hanoverian,International
ehorses.com,"Oldenburg, Gelding, 5 years, 16 hh, Black",Oldenburg,Gelding,5 years,321000,"Affoltern am Albis, CH",https://www.ehorses.com/oldenburg-gelding-5years-16-hh-black-dressagehorses-eventinghorses-showjumpers-affoltern-am-albis/4578275.html,0,5.506505032404872,0,5.0,Oldenburg,International
ehorses.com,"Oldenburg, Gelding, 3 years, 16 hh, Bay-Dark",Oldenburg,Gelding,3 years,187250,"Zwillikon, CH",https://www.ehorses.com/oldenburg-gelding-3years-16-hh-bay-dark-dressagehorses-showjumpers-zwillikon/4745884.html,0,5.272421826371504,0,3.0,Oldenburg,International
ehorses.com,"More ponies/small horses Mix, Mare, 9 years, 12.2 hh, Brown",More ponies/small horses Mix,Mare,9 years,23005,"Bad Saulgau, DE",https://www.ehorses.com/more-poniessmall-horses-mare-9years-12-2-hh-brown-eventinghorses-vaultinghorses-leisurehorses-carriagehorses-bad-saulgau/4699000.html,0,4.361822237600815,0,9.0,Other_Rare,International
ehorses.com,"Hanoverian, Mare, 8 years, 16.2 hh, Chestnut",Hanoverian,Mare,8 years,133750,"Munster, DE",https://www.ehorses.com/hanoverian-mare-8years-16-2-hh-chestnut-dressagehorses-munster/4592678.html,0,5.126293790693266,0,8.0,Hanoverian,International
ehorses.com,"Oldenburg, Gelding, 5 years, 16.2 hh, Chestnut-Red",Oldenburg,Gelding,5 years,321000,"Affoltern am Albis, CH",https://www.ehorses.com/oldenburg-gelding-5years-16-2-hh-chestnut-red-dressagehorses-showjumpers-affoltern-am-albis/4734890.html,0,5.506505032404872,0,5.0,Oldenburg,International
ehorses.com,"Oldenburg, Stallion, 1 year, Bay-Dark",Oldenburg,Stallion,1 year,80250,"Affoltern am Albis, CH",https://www.ehorses.com/oldenburg-stallion-1year-bay-dark-dressagehorses-showjumpers-affoltern-am-albis/4735014.html,0,4.90444504107691,0,,Oldenburg,International
ehorses.com,"Irish Thoroughbred, Mare, 13 years, 15.2 hh, Brown",Thoroughbred,Mare,13 years,42800,"Elze, DE",https://www.ehorses.com/irish-thoroughbred-mare-13years-15-2-hh-brown-leisurehorses-elze/4730416.html,0,4.631443769013172,0,13.0,Thoroughbred,International
ehorses.com,"Oldenburg, Mare, 4 years, 15.2 hh, Black",Oldenburg,Mare,4 years,187250,"Zwillikon, CH",https://www.ehorses.com/oldenburg-mare-4years-15-2-hh-black-dressagehorses-showjumpers-zwillikon/4745833.html,0,5.272421826371504,0,4.0,Oldenburg,International
ehorses.com,"Oldenburg, Mare, 3 years, 16.1 hh, Black",Oldenburg,Mare,3 years,187250,"Zwillikon, CH",https://www.ehorses.com/oldenburg-mare-3years-16-1-hh-black-dressagehorses-showjumpers-zwillikon/4745813.html,0,5.272421826371504,0,3.0,Oldenburg,International
ehorses.com,"American Paint Horse, Mare, 3 years, 15 hh, Smoky-Black",American Paint Horse,Mare,3 years,133750,"Thodure, FR",https://www.ehorses.com/american-paint-horse-mare-3years-15-hh-smoky-black-trailhorses-pleasurehorses-breedinghorses-leisurehorses-thodure/4745703.html,0,5.126293790693266,0,3.0,American Paint Horse,International
ehorses.com,"KWPN, Gelding, 4 years, 16 hh, Chestnut",KWPN,Gelding,4 years,116629,"Wachtendonk, DE",https://www.ehorses.com/kwpn-gelding-4years-16-hh-chestnut-dressagehorses-showjumpers-leisurehorses-wachtendonk/4742884.html,0,5.066806551915435,0,4.0,KWPN,International
ehorses.com,"Zangersheider, Gelding, 4 years, 17.2 hh, Brown",Zangersheider,Gelding,4 years,128399,"Wachtendonk, DE",https://www.ehorses.com/zangersheider-gelding-4years-17-2-hh-brown-showjumpers-vaultinghorses-leisurehorses-dressagehorses-wachtendonk/4742926.html,0,5.1085616413638855,0,4.0,Zangersheider,International
ehorses.com,"KWPN, Mare, 5 years, 15.3 hh, Black",KWPN,Mare,5 years,105930,"Wachtendonk, DE",https://www.ehorses.com/kwpn-mare-5years-15-3-hh-black-dressagehorses-showjumpers-leisurehorses-wachtendonk/4732425.html,0,5.025018972282759,0,5.0,KWPN,International
ehorses.com,"Mecklenburg Warmblood, Gelding, 9 years, 16.1 hh, Chestnut",Mecklenburg Warmblood,Gelding,9 years,321000,"Hoort, DE",https://www.ehorses.com/mecklenburg-warmblood-gelding-9years-16-1-hh-chestnut-showjumpers-hoort/4733317.html,0,5.506505032404872,0,9.0,Mecklenburg Warmblood,International
ehorses.com,"New Forest Pony, Mare, 9 years, 14.1 hh, Dun",Pony,Mare,9 years,48150,"Zieuwent, NL",https://www.ehorses.com/new-forest-pony-mare-9years-14-1-hh-dun-showjumpers-leisurehorses-dressagehorses-zieuwent/4743752.html,0,4.682596291460554,0,9.0,Pony,International
ehorses.com,"Menorquin, Stallion, Foal (01/2026), 16 hh, Black",Menorquin,Stallion,Foal (01/2026),37450,"Menorca, ES",https://www.ehorses.com/menorquin-stallion-foals-16-hh-black-leisurehorses-working-equitation-horses-baroquehorses-dressagehorses-menorca/4745733.html,0,4.573451822035485,0,,Other_Rare,International
ehorses.com,"Oldenburg, Mare, 16 years, 16.2 hh, Black",Oldenburg,Mare,16 years,40125,"Dassel, DE",https://www.ehorses.com/oldenburg-mare-16years-16-2-hh-black-dressagehorses-breedinghorses-dassel/4709059.html,0,4.603415045412929,0,16.0,Oldenburg,International
ehorses.com,"Donkey, Mare, 3 years, 14.3 hh, Black",Donkey,Mare,3 years,53500,"BERGA, BARCELONA, ES",https://www.ehorses.com/donkey-mare-3years-14-3-hh-black-breedinghorses-berga-barcelona/3904306.html,0,4.7283537820212285,0,3.0,Donkey,International
ehorses.com,"American Paint Horse, Gelding, 9 years, 15,1 hh, Tobiano-all-colors",American Paint Horse,Gelding,9 years,87740,"Zockau, DE",https://www.ehorses.com/american-paint-horse-gelding-9years-151-hh-tobiano-all-colors-leisurehorses-zockau/4738334.html,0,4.943197630068926,0,9.0,American Paint Horse,International
ehorses.com,"Mule, Mare, 15 years, 14,1 hh, Dun",Mule,Mare,15 years,35350,"Brooksville Ky, US",https://www.ehorses.com/mule-mare-15years-141-hh-dun-trailhorses-gaitedhorses-brooksville-ky/4090267.html,0,4.548389418132918,0,15.0,Other_Rare,International
ehorses.com,"Hanoverian, Mare, 1 year, 16,3 hh, Bay-Dark",Hanoverian,Mare,1 year,80250,"Königslutter am Elm, DE",https://www.ehorses.com/hanoverian-mare-1year-163-hh-bay-dark-dressagehorses-breedinghorses-leisurehorses-koenigslutter-am-elm/4452470.html,0,4.90444504107691,0,,Hanoverian,International
ehorses.com,"German Riding Pony, Gelding, 4 years, 14,2 hh, Chestnut-Red",Pony,Gelding,4 years,321000,"Hamm, DE",https://www.ehorses.com/german-riding-pony-gelding-4years-142-hh-chestnut-red-dressagehorses-showjumpers-leisurehorses-hamm/4740455.html,0,5.506505032404872,0,4.0,Pony,International
ehorses.com,"Hanoverian, Mare, 21 years, 16 hh, Brown",Hanoverian,Mare,21 years,8560,"Dassel, DE",https://www.ehorses.com/hanoverian-mare-21years-16-hh-brown-dressagehorses-dassel/4743852.html,0,3.932473764677153,0,21.0,Hanoverian,International
ehorses.com,"American Quarter Horse, Gelding, 13 years, 15 hh, Roan-Bay",Quarter Horse,Gelding,13 years,35350,"Pleasant Grove CA, US",https://www.ehorses.com/american-quarter-horse-gelding-13years-15-hh-roan-bay-trailhorses-ranch-riding-horses-pleasant-grove-ca/4154433.html,0,4.548389418132918,0,13.0,Quarter Horse,International
ehorses.com,"Gypsy Horse, Mare, 7 years, 12,2 hh, Champagne",Gypsy Horse,Mare,7 years,23540,"Issum, DE",https://www.ehorses.com/gypsy-horse-mare-7years-122-hh-champagne-leisurehorses-issum/4716021.html,0,4.3718064585074154,0,7.0,Other_Rare,International
ehorses.com,"German Sport Horse, Mare, 4 years, 16 hh, Brown",German Sport Horse,Mare,4 years,197950,"Bad Griesbach im Rottal, DE",https://www.ehorses.com/german-sport-horse-mare-4years-16-hh-brown-showjumpers-breedinghorses-leisurehorses-dressagehorses-bad-griesbach-im-rottal/4745678.html,0,5.2965555060882235,0,4.0,German Sport Horse,International
ehorses.com,"Donkey, Stallion, 7 years, 14,3 hh, Black",Donkey,Stallion,7 years,42800,"BERGA, BARCELONA, ES",https://www.ehorses.com/donkey-stallion-7years-143-hh-black-breedinghorses-berga-barcelona/4664975.html,0,4.631443769013172,0,7.0,Donkey,International
ehorses.com,"Donkey, Stallion, 4 years, 14,3 hh, Black",Donkey,Stallion,4 years,42800,"BERGA, BARCELONA, ES",https://www.ehorses.com/donkey-stallion-4years-143-hh-black-breedinghorses-leisurehorses-berga-barcelona/4058426.html,0,4.631443769013172,0,4.0,Donkey,International
ehorses.com,"Donkey, Mare, 5 years, 14,3 hh, Black",Donkey,Mare,5 years,42800,"BERGA, BARCELONA, ES",https://www.ehorses.com/donkey-mare-5years-143-hh-black-breedinghorses-leisurehorses-berga-barcelona/3746376.html,0,4.631443769013172,0,5.0,Donkey,International
ehorses.com,"Donkey, Mare, 11 years, 14,1 hh, Grey",Donkey,Mare,11 years,19260,"BERGA, BARCELONA, ES",https://www.ehorses.com/donkey-mare-11years-141-hh-grey-breedinghorses-berga-barcelona/4745702.html,0,4.284656282788515,0,11.0,Donkey,International
ehorses.com,"Connemara, Gelding, 4 years, 14,3 hh, Grey-Dapple",Connemara,Gelding,4 years,133750,"Burgdorf, DE",https://www.ehorses.com/connemara-gelding-4years-143-hh-grey-dapple-leisurehorses-showjumpers-carriagehorses-dressagehorses-burgdorf/4710722.html,0,5.126293790693266,0,4.0,Connemara,International
ehorses.com,"Friesian horses, Stallion, 11 years, 16 hh, Black",Friesian,Stallion,11 years,74900,"Békéscsaba, HU",https://www.ehorses.com/friesian-horses-stallion-11years-16-hh-black-leisurehorses-bekescsaba/4745698.html,0,4.874481817699467,0,11.0,Friesian,International
ehorses.com,"Cruzado, Gelding, 11 years, 15 hh, Black",Cruzado,Gelding,11 years,105930,"Geroldsgrün, DE",https://www.ehorses.com/cruzado-gelding-11years-15-hh-black-leisurehorses-working-equitation-horses-geroldsgruen/4745687.html,0,5.025018972282759,0,11.0,Cruzado,International
ehorses.com,"American Quarter Horse, Mare, 7 years, 14,3 hh, Brown",Quarter Horse,Mare,7 years,80250,"Waldshut-Tiengen, DE",https://www.ehorses.com/american-quarter-horse-mare-7years-143-hh-brown-leisurehorses-waldshut-tiengen/4745679.html,0,4.90444504107691,0,7.0,Quarter Horse,International
ehorses.com,"German Sport Horse, Gelding, 4 years, 16,2 hh, Chestnut-Red",German Sport Horse,Gelding,4 years,347750,"Bad Griesbach im Rottal, DE",https://www.ehorses.com/german-sport-horse-gelding-4years-162-hh-chestnut-red-dressagehorses-leisurehorses-bad-griesbach-im-rottal/4745653.html,0,5.541267138664084,0,4.0,German Sport Horse,International
ehorses.com,"Zangersheider, Gelding, 7 years, 16,1 hh, Bay",Zangersheider,Gelding,7 years,321000,"Vila Nova de Famalicão, PT",https://www.ehorses.com/zangersheider-gelding-7years-161-hh-bay-showjumpers-vila-nova-de-famalicao/4745126.html,0,5.506505032404872,0,7.0,Zangersheider,International
ehorses.com,"American Paint Horse, Mare, 11 years, 15,1 hh, Overo-all-colors",American Paint Horse,Mare,11 years,83460,"Linkenbach, DE",https://www.ehorses.com/american-paint-horse-mare-11years-151-hh-overo-all-colors-leisurehorses-trailhorses-westernhorses-linkenbach/4745672.html,0,4.92147838037569,0,11.0,American Paint Horse,International
ehorses.com,"German Sport Horse, Stallion, 4 years, 16,2 hh, Brown",German Sport Horse,Stallion,4 years,117699,"Murska Soboda, SI",https://www.ehorses.com/german-sport-horse-stallion-4years-162-hh-brown-showjumpers-murska-soboda/4727024.html,0,5.070772772985093,0,4.0,German Sport Horse,International
ehorses.com,"KWPN, Stallion, 3 years, 16,2 hh, Bay-Dark",KWPN,Stallion,3 years,133750,"Murska Soboda, SI",https://www.ehorses.com/kwpn-stallion-3years-162-hh-bay-dark-showjumpers-murska-soboda/4694272.html,0,5.126293790693266,0,3.0,KWPN,International
ehorses.com,"Lusitano, Stallion, 1 year, 16 hh, Buckskin",Lusitano,Stallion,1 year,58849,"Torres Vedras, PT",https://www.ehorses.com/lusitano-stallion-1year-16-hh-buckskin-working-equitation-horses-showhorses-leisurehorses-dressagehorses-torres-vedras/4679966.html,0,4.76973908743142,0,,Lusitano,International
ehorses.com,"Hanoverian, Gelding, 4 years, 17,1 hh, Chestnut-Red",Hanoverian,Gelding,4 years,80250,"Rot an der Rot, DE",https://www.ehorses.com/hanoverian-gelding-4years-171-hh-chestnut-red-dressagehorses-vaultinghorses-leisurehorses-rot-an-der-rot/4740370.html,0,4.90444504107691,0,4.0,Hanoverian,International
ehorses.com,"Arabian horses, Mare, 2 years, 15,1 hh",Arabian horses,Mare,2 years,133750,"Gemünden (Felda), DE",https://www.ehorses.com/arabian-horses-mare-2years-151-hh-endurancehorses-breedinghorses-leisurehorses-dressagehorses-gemuenden-felda/4074260.html,0,5.126293790693266,0,2.0,Arabian horses,International
ehorses.com,"American Quarter Horse, Gelding, 8 years, 15,2 hh, Buckskin",Quarter Horse,Gelding,8 years,35350,"Stephenville TX, US",https://www.ehorses.com/american-quarter-horse-gelding-8years-152-hh-buckskin-trailhorses-ranch-riding-horses-stephenville-tx/4601448.html,0,4.548389418132918,0,8.0,Quarter Horse,International
ehorses.com,"Hanoverian, Mare, 5 years, 15,2 hh, Chestnut",Hanoverian,Mare,5 years,176550,"Niederkassel, DE",https://www.ehorses.com/hanoverian-mare-5years-152-hh-chestnut-dressagehorses-breedinghorses-niederkassel/4729255.html,0,5.2468677218991155,0,5.0,Hanoverian,International
ehorses.com,"Westphalian, Gelding, 6 years, 18 hh, Chestnut-Red",Westphalian,Gelding,6 years,80250,"Leipzig, DE",https://www.ehorses.com/westphalian-gelding-6years-18-hh-chestnut-red-dressagehorses-vaultinghorses-leisurehorses-leipzig/4715923.html,0,4.90444504107691,0,6.0,Westphalian,International
ehorses.com,"PRE Mix, Gelding, 11 years, 16 hh, Grey",Andalusian,Gelding,11 years,187250,"MADRID, ES",https://www.ehorses.com/pre-gelding-11years-16-hh-grey-dressagehorses-leisurehorses-madrid/3970057.html,0,5.272421826371504,0,11.0,Andalusian,International
ehorses.com,"Friesian horses, Mare, 18 years, 15,3 hh, Black",Friesian,Mare,18 years,29424,"Tzummarum, NL",https://www.ehorses.com/friesian-horses-mare-18years-153-hh-black-breedinghorses-tzummarum/3706333.html,0,4.468701711894003,0,18.0,Friesian,International
ehorses.com,"Oldenburg, Gelding, 4 years, 16,1 hh, Smoky-Black",Oldenburg,Gelding,4 years,83460,"Mügeln, DE",https://www.ehorses.com/oldenburg-gelding-4years-161-hh-smoky-black-dressagehorses-eventinghorses-leisurehorses-muegeln/4663511.html,0,4.92147838037569,0,4.0,Oldenburg,International
ehorses.com,"Oldenburg-International (OS), Gelding, 5 years, 16 hh, Brown",Oldenburg-International (OS),Gelding,5 years,169060,"Berg, DE",https://www.ehorses.com/oldenburg-international-os-gelding-5years-16-hh-brown-showjumpers-eventinghorses-showhunter-dressagehorses-berg/4673594.html,0,5.228040864639632,0,5.0,Oldenburg-International (OS),International
ehorses.com,"Thoroughbred, Gelding, 9 years, Chestnut-Red",Thoroughbred,Gelding,9 years,58849,"Langelsheim, DE",https://www.ehorses.com/thoroughbred-gelding-9years-chestnut-red-galloper-leisurehorses-langelsheim/4646263.html,0,4.76973908743142,0,9.0,Thoroughbred,International
ehorses.com,"Hanoverian, Mare, 4 years, 16 hh, Brown",Hanoverian,Mare,4 years,208650,"Fredenbeck, DE",https://www.ehorses.com/hanoverian-mare-4years-16-hh-brown-dressagehorses-breedinghorses-leisurehorses-fredenbeck/4745580.html,0,5.319418389047728,0,4.0,Hanoverian,International
ehorses.com,"Hanoverian, Mare, 11 years, 16 hh, Brown",Hanoverian,Mare,11 years,133750,"Saarlouis, DE",https://www.ehorses.com/hanoverian-mare-11years-16-hh-brown-dressagehorses-breedinghorses-leisurehorses-saarlouis/4743545.html,0,5.126293790693266,0,11.0,Hanoverian,International
ehorses.com,"German Sport Horse, Mare, 8 years, 16,1 hh, Brown",German Sport Horse,Mare,8 years,588500,"Prussendorf/ Zörbig, DE",https://www.ehorses.com/german-sport-horse-mare-8years-161-hh-brown-dressagehorses-breedinghorses-leisurehorses-prussendorf-zoerbig/4678819.html,0,5.769746467179454,0,8.0,German Sport Horse,International
ehorses.com,"Oldenburg-International (OS), Mare, 5 years, 16 hh, Brown",Oldenburg-International (OS),Mare,5 years,85600,"Mudershausen, DE",https://www.ehorses.com/oldenburg-international-os-mare-5years-16-hh-brown-showjumpers-dressagehorses-mudershausen/4523640.html,0,4.9324737646771535,0,5.0,Oldenburg-International (OS),International
ehorses.com,"Thoroughbred, Gelding, 10 years, 16,1 hh, Brown",Thoroughbred,Gelding,10 years,214000,"Gesves, BE",https://www.ehorses.com/thoroughbred-gelding-10years-161-hh-brown-eventinghorses-showjumpers-gesves/4712816.html,0,5.330413773349191,0,10.0,Thoroughbred,International
ehorses.com,"Hanoverian, Mare, 3 years, 16 hh, Bay-Dark",Hanoverian,Mare,3 years,133750,"Rees, DE",https://www.ehorses.com/hanoverian-mare-3years-16-hh-bay-dark-dressagehorses-breedinghorses-leisurehorses-rees/4745523.html,0,5.126293790693266,0,3.0,Hanoverian,International
ehorses.com,"Cruzado, Mare, 5 years, 15,1 hh, Grey-Red-Tan",Cruzado,Mare,5 years,73830,"Neustadt (Wied), DE",https://www.ehorses.com/cruzado-mare-5years-151-hh-grey-red-tan-leisurehorses-working-equitation-horses-baroquehorses-dressagehorses-neustadt-wied/4745534.html,0,4.868232868422465,0,5.0,Cruzado,International
ehorses.com,"Oldenburg-International (OS), Mare, 9 years, 16 hh, Bay-Dark",Oldenburg-International (OS),Mare,9 years,85600,"Mudershausen, DE",https://www.ehorses.com/oldenburg-international-os-mare-9years-16-hh-bay-dark-showjumpers-mudershausen/4593655.html,0,4.9324737646771535,0,9.0,Oldenburg-International (OS),International
ehorses.com,"Westphalian, Mare, 3 years, 15,2 hh, Chestnut-Red",Westphalian,Mare,3 years,128399,"Wesel, DE",https://www.ehorses.com/westphalian-mare-3years-152-hh-chestnut-red-dressagehorses-wesel/4669940.html,0,5.1085616413638855,0,3.0,Westphalian,International
ehorses.com,"Westphalian, Mare, 4 years, 16,2 hh, Brown",Westphalian,Mare,4 years,342400,"Wesel, DE",https://www.ehorses.com/westphalian-mare-4years-162-hh-brown-dressagehorses-wesel/4611811.html,0,5.534533756005116,0,4.0,Westphalian,International
ehorses.com,"Hanoverian, Stallion, 2 years, 16,1 hh, Chestnut-Red",Hanoverian,Stallion,2 years,133750,"Wesel, DE",https://www.ehorses.com/hanoverian-stallion-2years-161-hh-chestnut-red-dressagehorses-showjumpers-carriagehorses-wesel/4736841.html,0,5.126293790693266,0,2.0,Hanoverian,International
ehorses.com,"Hanoverian, Stallion, 2 years, Bay-Dark",Hanoverian,Stallion,2 years,80250,"Rees, DE",https://www.ehorses.com/hanoverian-stallion-2years-bay-dark-dressagehorses-leisurehorses-rees/4745508.html,0,4.90444504107691,0,2.0,Hanoverian,International
ehorses.com,"Westphalian, Mare, 5 years, 16 hh, Chestnut-Red",Westphalian,Mare,5 years,133750,"Wehringen, DE",https://www.ehorses.com/westphalian-mare-5years-16-hh-chestnut-red-dressagehorses-breedinghorses-leisurehorses-wehringen/4721164.html,0,5.126293790693266,0,5.0,Westphalian,International
ehorses.com,"German Sport Horse, Gelding, 5 years, 17 hh, Brown-Light",German Sport Horse,Gelding,5 years,321000,"Wehringen, DE",https://www.ehorses.com/german-sport-horse-gelding-5years-17-hh-brown-light-dressagehorses-leisurehorses-wehringen/4725701.html,0,5.506505032404872,0,5.0,German Sport Horse,International
ehorses.com,"German Sport Horse, Gelding, 8 years, 16.3 hh, Bay-Dark",German Sport Horse,Gelding,8 years,374500,"Wehringen, DE",https://www.ehorses.com/german-sport-horse-gelding-8years-16-3-hh-bay-dark-dressagehorses-leisurehorses-wehringen/4742362.html,0,5.573451822035485,0,8.0,German Sport Horse,International
ehorses.com,"Hanoverian, Gelding, 5 years, 17.1 hh, Chestnut-Red",Hanoverian,Gelding,5 years,187250,"Wehringen, DE",https://www.ehorses.com/hanoverian-gelding-5years-17-1-hh-chestnut-red-dressagehorses-leisurehorses-wehringen/4744499.html,0,5.272421826371504,0,5.0,Hanoverian,International
ehorses.com,"Hanoverian, Mare, 12 years, 17 hh, Brown",Hanoverian,Mare,12 years,909499,"Sassenberg, DE",https://www.ehorses.com/hanoverian-mare-12years-17-hh-brown-dressagehorses-breedinghorses-leisurehorses-sassenberg/4686893.html,0,5.958802225890189,0,12.0,Hanoverian,International
ehorses.com,"Oldenburg, Gelding, 6 years, 16.3 hh, Black",Oldenburg,Gelding,6 years,321000,"Warendorf, DE",https://www.ehorses.com/oldenburg-gelding-6years-16-3-hh-black-dressagehorses-warendorf/4742767.html,0,5.506505032404872,0,6.0,Oldenburg,International
ehorses.com,"Lusitano, Stallion, 4 years, 15.1 hh, Grey-Dark-Tan",Lusitano,Stallion,4 years,80250,"Munera, ES",https://www.ehorses.com/lusitano-stallion-4years-15-1-hh-grey-dark-tan-baroquehorses-working-equitation-horses-leisurehorses-dressagehorses-munera/4745440.html,0,4.90444504107691,0,4.0,Lusitano,International
ehorses.com,"Westphalian, Gelding, 5 years, 16.3 hh, Brown",Westphalian,Gelding,5 years,321000,"Greven, DE",https://www.ehorses.com/westphalian-gelding-5years-16-3-hh-brown-dressagehorses-leisurehorses-greven/4735989.html,0,5.506505032404872,0,5.0,Westphalian,International
ehorses.com,"Spanish Sporthorse Mix, Stallion, 1 year, 16 hh, Brown",Spanish Sporthorse Mix,Stallion,1 year,17655,"Córdoba, ES",https://www.ehorses.com/spanish-sporthorse-stallion-1year-16-hh-brown-eventinghorses-doma-vaquera-working-equitation-horses-leisurehorses-cordoba/4745461.html,0,4.2468677218991155,0,,Other_Rare,International
ehorses.com,"American Quarter Horse Mix, Mare, 6 years, 15.1 hh, Chestnut",Quarter Horse,Mare,6 years,94160,"Weil am Rhein, DE",https://www.ehorses.com/american-quarter-horse-mare-6years-15-1-hh-chestnut-westernhorses-working-equitation-horses-leisurehorses-dressagehorses-weil-am-rhein/4697066.html,0,4.973866449835378,0,6.0,Quarter Horse,International
ehorses.com,"PRE Mix, Stallion, 4 years, 16.2 hh, Grey",Andalusian,Stallion,4 years,80250,"Sevilla, ES",https://www.ehorses.com/pre-stallion-4years-16-2-hh-grey-baroquehorses-showhorses-leisurehorses-dressagehorses-sevilla/4745459.html,0,4.90444504107691,0,4.0,Andalusian,International
ehorses.com,"Cruzado, Mare, 4 years, 14.2 hh, Chestnut-Red",Cruzado,Mare,4 years,58849,"Neustadt (Wied), DE",https://www.ehorses.com/cruzado-mare-4years-14-2-hh-chestnut-red-leisurehorses-dressagehorses-neustadt-wied/4745457.html,0,4.76973908743142,0,4.0,Cruzado,International
ehorses.com,"KWPN, Gelding, 4 years, 16.1 hh, Black",KWPN,Gelding,4 years,133750,"Oosterhout, NL",https://www.ehorses.com/kwpn-gelding-4years-16-1-hh-black-dressagehorses-oosterhout/4745385.html,0,5.126293790693266,0,4.0,KWPN,International
ehorses.com,"American Quarter Horse, Gelding, 12 years, 14.3 hh, Chestnut-Red",Quarter Horse,Gelding,12 years,223629,"Rhede, DE",https://www.ehorses.com/american-quarter-horse-gelding-12years-14-3-hh-chestnut-red-reininghorses-westernhorses-rhede/4213125.html,0,5.349528121769465,0,12.0,Quarter Horse,International
ehorses.com,"Oldenburg, Mare, 9 years, 16.1 hh, Brown",Oldenburg,Mare,9 years,187250,"Weimar, DE",https://www.ehorses.com/oldenburg-mare-9years-16-1-hh-brown-dressagehorses-showjumpers-leisurehorses-weimar/4745427.html,0,5.272421826371504,0,9.0,Oldenburg,International
ehorses.com,"Hanoverian, Stallion, 5 years, 17 hh, Bay-Dark",Hanoverian,Stallion,5 years,160500,"Jengen, DE",https://www.ehorses.com/hanoverian-stallion-5years-17-hh-bay-dark-dressagehorses-leisurehorses-jengen/4733109.html,0,5.205475036740891,0,5.0,Hanoverian,International
ehorses.com,"Oldenburg, Gelding, 6 years, 16.2 hh",Oldenburg,Gelding,6 years,588500,"Haiger, DE",https://www.ehorses.com/oldenburg-gelding-6years-16-2-hh-dressagehorses-leisurehorses-haiger/4745401.html,0,5.769746467179454,0,6.0,Oldenburg,International
ehorses.com,"Hanoverian, Stallion, 1 year, 17 hh, Black",Hanoverian,Stallion,1 year,214000,"Großheide, DE",https://www.ehorses.com/hanoverian-stallion-1year-17-hh-black-dressagehorses-grossheide/4733625.html,0,5.330413773349191,0,,Hanoverian,International
ehorses.com,"Hanoverian, Stallion, 5 years, 16 hh, Bay-Dark",Hanoverian,Stallion,5 years,133750,"Freren, DE",https://www.ehorses.com/hanoverian-stallion-5years-16-hh-bay-dark-dressagehorses-leisurehorses-freren/4733249.html,0,5.126293790693266,0,5.0,Hanoverian,International
ehorses.com,"Hanoverian, Gelding, 4 years, 16.3 hh, Chestnut-Red",Hanoverian,Gelding,4 years,267500,"Freren, DE",https://www.ehorses.com/hanoverian-gelding-4years-16-3-hh-chestnut-red-dressagehorses-freren/4732508.html,0,5.427323786357247,0,4.0,Hanoverian,International
ehorses.com,"Hanoverian, Stallion, 4 years, 16.1 hh, Grey",Hanoverian,Stallion,4 years,235399,"Freren, DE",https://www.ehorses.com/hanoverian-stallion-4years-16-1-hh-grey-dressagehorses-leisurehorses-freren/4734375.html,0,5.371804613582164,0,4.0,Hanoverian,International
ehorses.com,"Hanoverian, Stallion, 4 years, 16.1 hh",Hanoverian,Stallion,4 years,267500,"Freren, DE",https://www.ehorses.com/hanoverian-stallion-4years-16-1-hh-dressagehorses-freren/4734340.html,0,5.427323786357247,0,4.0,Hanoverian,International
ehorses.com,"Hanoverian, Stallion, 3 years, 17 hh, Grey",Hanoverian,Stallion,3 years,214000,"Großheide, AT",https://www.ehorses.com/hanoverian-stallion-3years-17-hh-grey-showjumpers-dressagehorses-grossheide/4734317.html,0,5.330413773349191,0,3.0,Hanoverian,International
ehorses.com,"Hanoverian, Stallion, 3 years, 16.1 hh, Smoky-Black",Hanoverian,Stallion,3 years,187250,"Großheide, DE",https://www.ehorses.com/hanoverian-stallion-3years-16-1-hh-smoky-black-dressagehorses-grossheide/4733213.html,0,5.272421826371504,0,3.0,Hanoverian,International
ehorses.com,"Hanoverian, Stallion, 5 years, 16.1 hh, Black",Hanoverian,Stallion,5 years,133750,"Vechta, DE",https://www.ehorses.com/hanoverian-stallion-5years-16-1-hh-black-dressagehorses-leisurehorses-vechta/4734370.html,0,5.126293790693266,0,5.0,Hanoverian,International
ehorses.com,"Hanoverian, Stallion, 3 years, 16.2 hh, Brown",Hanoverian,Stallion,3 years,374500,"Jengen, DE",https://www.ehorses.com/hanoverian-stallion-3years-16-2-hh-brown-dressagehorses-jengen/4732869.html,0,5.573451822035485,0,3.0,Hanoverian,International
ehorses.com,"Latvian Warmblood, Gelding, 7 years, 16.1 hh, Grey",Latvian Warmblood,Gelding,7 years,139100,"Ogre, LV",https://www.ehorses.com/latvian-warmblood-gelding-7years-16-1-hh-grey-showjumpers-showhunter-dressagehorses-ogre/4716868.html,0,5.143327129992047,0,7.0,Other_Rare,International
ehorses.com,"Latvian Warmblood, Mare, 6 years, 16.2 hh, Bay-Dark",Latvian Warmblood,Mare,6 years,80250,"Ķeipene, LV",https://www.ehorses.com/latvian-warmblood-mare-6years-16-2-hh-bay-dark-dressagehorses-breedinghorses-eventinghorses-showjumpers-keipene/4716895.html,0,4.90444504107691,0,6.0,Other_Rare,International
ehorses.com,"Holstein, Mare, 3 years, 16 hh, Brown-Light",Holstein,Mare,3 years,267500,"Otter, DE",https://www.ehorses.com/holstein-mare-3years-16-hh-brown-light-showjumpers-otter/4731772.html,0,5.427323786357247,0,3.0,Holstein,International
ehorses.com,"American Paint Horse, Gelding, 5 years, 15,3 hh, Chestnut",American Paint Horse,Gelding,5 years,35339,"rusk TX, US",https://www.ehorses.com/american-paint-horse-gelding-5years-153-hh-chestnut-trailhorses-ranch-riding-horses-rusk-tx/4620878.html,0,4.548254255962298,0,5.0,American Paint Horse,International
ehorses.com,"New Forest Pony, Gelding, 6 years, 14,1 hh, Brown",Pony,Gelding,6 years,80250,"Wouwse Plantage, NL",https://www.ehorses.com/new-forest-pony-gelding-6years-141-hh-brown-showjumpers-eventinghorses-leisurehorses-dressagehorses-wouwse-plantage/4616663.html,0,4.90444504107691,0,6.0,Pony,International
ehorses.com,"Zangersheider, Gelding, 12 years, 16,2 hh, Chestnut-Red",Zangersheider,Gelding,12 years,160500,"Wachtberg, DE",https://www.ehorses.com/zangersheider-gelding-12years-162-hh-chestnut-red-showjumpers-dressagehorses-wachtberg/4706798.html,0,5.205475036740891,0,12.0,Zangersheider,International
ehorses.com,"Shire Horse, Gelding, 6 years, 17 hh, Grey",Shire Horse,Gelding,6 years,95230,"Polsenz, AT",https://www.ehorses.com/shire-horse-gelding-6years-17-hh-grey-leisurehorses-polsenz/4520323.html,0,4.978773784330122,0,6.0,Other_Rare,International
ehorses.com,"American Quarter Horse, Gelding, 8 years, 15 hh, Sorrel",Quarter Horse,Gelding,8 years,35350,"Weatherford TX, US",https://www.ehorses.com/american-quarter-horse-gelding-8years-15-hh-sorrel-trailhorses-ranch-riding-horses-weatherford-tx/4138091.html,0,4.548389418132918,0,8.0,Quarter Horse,International
ehorses.com,"Cruzado, Gelding, 5 years, 15,2 hh, Brown",Cruzado,Gelding,5 years,84530,"Neustadt (Wied), DE",https://www.ehorses.com/cruzado-gelding-5years-152-hh-brown-dressagehorses-working-equitation-horses-baroquehorses-leisurehorses-neustadt-wied/4720964.html,0,4.927010868975651,0,5.0,Cruzado,International
ehorses.com,"American Quarter Horse, Mare, 6 years, 13,3 hh, Roan-Bay",Quarter Horse,Mare,6 years,35350,"Tremont IL, US",https://www.ehorses.com/american-quarter-horse-mare-6years-133-hh-roan-bay-trailhorses-ranch-riding-horses-tremont-il/4492946.html,0,4.548389418132918,0,6.0,Quarter Horse,International
ehorses.com,"Holstein, Mare, 3 years, 15,2 hh, Brown",Holstein,Mare,3 years,267500,"Otter, DE",https://www.ehorses.com/holstein-mare-3years-152-hh-brown-showjumpers-otter/4731759.html,0,5.427323786357247,0,3.0,Holstein,International
ehorses.com,"Oldenburg, Mare, 3 years, 16,2 hh, Chestnut-Red",Oldenburg,Mare,3 years,85600,"Dunum/Brill, DE",https://www.ehorses.com/oldenburg-mare-3years-162-hh-chestnut-red-dressagehorses-dunumbrill/4731914.html,0,4.9324737646771535,0,3.0,Oldenburg,International
ehorses.com,"Cruzado, Mare, 3 years, 14,2 hh, Black",Cruzado,Mare,3 years,73830,"Neustadt (Wied), DE",https://www.ehorses.com/cruzado-mare-3years-142-hh-black-leisurehorses-working-equitation-horses-baroquehorses-dressagehorses-neustadt-wied/4745393.html,0,4.868232868422465,0,3.0,Cruzado,International
ehorses.com,"Hungarian Sport Horse, Gelding, 6 years, 16 hh, Bay-Dark",Hungarian Sport Horse,Gelding,6 years,149800,"Tass, HU",https://www.ehorses.com/hungarian-sport-horse-gelding-6years-16-hh-bay-dark-carriagehorses-leisurehorses-tass/4682467.html,0,5.175511813363448,0,6.0,Hungarian Sport Horse,International
ehorses.com,"Hungarian Sport Horse, Gelding, 6 years, 14,3 hh, Bay",Hungarian Sport Horse,Gelding,6 years,58849,"Tass, HU",https://www.ehorses.com/hungarian-sport-horse-gelding-6years-143-hh-bay-carriagehorses-leisurehorses-tass/4733187.html,0,4.76973908743142,0,6.0,Hungarian Sport Horse,International
ehorses.com,"Hungarian Sport Horse, Mare, 4 years, 16 hh, Chestnut",Hungarian Sport Horse,Mare,4 years,149800,"Tass, HU",https://www.ehorses.com/hungarian-sport-horse-mare-4years-16-hh-chestnut-carriagehorses-leisurehorses-tass/4674194.html,0,5.175511813363448,0,4.0,Hungarian Sport Horse,International
ehorses.com,"Hungarian Sport Horse, Gelding, 7 years, 16 hh, Black",Hungarian Sport Horse,Gelding,7 years,214000,"Tass, HU",https://www.ehorses.com/hungarian-sport-horse-gelding-7years-16-hh-black-carriagehorses-leisurehorses-tass/4733197.html,0,5.330413773349191,0,7.0,Hungarian Sport Horse,International
ehorses.com,"Cruzado, Mare, 5 years, 15,1 hh, Grey",Cruzado,Mare,5 years,73830,"Neustadt (Wied), DE",https://www.ehorses.com/cruzado-mare-5years-151-hh-grey-leisurehorses-working-equitation-horses-dressagehorses-neustadt-wied/4745357.html,0,4.868232868422465,0,5.0,Cruzado,International
ehorses.com,"Hanoverian, Gelding, 5 years, 16,2 hh, Chestnut-Red",Hanoverian,Gelding,5 years,267500,"Visselhövede, DE",https://www.ehorses.com/hanoverian-gelding-5years-162-hh-chestnut-red-dressagehorses-visselhoevede/4471783.html,0,5.427323786357247,0,5.0,Hanoverian,International
ehorses.com,"Cruzado, Mare, 6 years, 15,3 hh, Bay-Dark",Cruzado,Mare,6 years,95230,"Neustadt (Wied), DE",https://www.ehorses.com/cruzado-mare-6years-153-hh-bay-dark-dressagehorses-working-equitation-horses-leisurehorses-carriagehorses-neustadt-wied/4745347.html,0,4.978773784330122,0,6.0,Cruzado,International
ehorses.com,"Polish sport horse, Mare, 9 years, 16,1 hh, Palomino",Polish sport horse,Mare,9 years,133750,"Piecowice, PL",https://www.ehorses.com/polish-sport-horse-mare-9years-161-hh-palomino-breedinghorses-eventinghorses-showjumpers-piecowice/4739426.html,0,5.126293790693266,0,9.0,Other_Rare,International
ehorses.com,"Cruzado, Gelding, 6 years, 14,2 hh, Dun",Cruzado,Gelding,6 years,90950,"Neustadt (Wied), DE",https://www.ehorses.com/cruzado-gelding-6years-142-hh-dun-dressagehorses-working-equitation-horses-baroquehorses-leisurehorses-neustadt-wied/4745323.html,0,4.958802703399503,0,6.0,Cruzado,International
ehorses.com,"Oldenburg, Mare, 3 years, 16,2 hh, Black",Oldenburg,Mare,3 years,187250,"Redefin, DE",https://www.ehorses.com/oldenburg-mare-3years-162-hh-black-dressagehorses-redefin/4743762.html,0,5.272421826371504,0,3.0,Oldenburg,International
ehorses.com,"PRE Mix, Stallion, 5 years, 16,1 hh, Grey",Andalusian,Stallion,5 years,133750,"MADRID, ES",https://www.ehorses.com/pre-stallion-5years-161-hh-grey-dressagehorses-leisurehorses-madrid/4654451.html,0,5.126293790693266,0,5.0,Andalusian,International
ehorses.com,"Oldenburg, Gelding, 5 years, 16,1 hh, Chestnut-Red",Oldenburg,Gelding,5 years,321000,"Bielefeld, DE",https://www.ehorses.com/oldenburg-gelding-5years-161-hh-chestnut-red-dressagehorses-bielefeld/4701966.html,0,5.506505032404872,0,5.0,Oldenburg,International
ehorses.com,"Tennessee walking horse, Gelding, 13 years, 14,2 hh, Palomino",Tennessee walking horse,Gelding,13 years,35329,"Parkers Lake KY, US",https://www.ehorses.com/tennessee-walking-horse-gelding-13years-142-hh-palomino-trailhorses-gaitedhorses-parkers-lake-ky/4091686.html,0,4.548131344747943,0,13.0,Other_Rare,International
ehorses.com,"Westphalian, Mare, 4 years, Brown",Westphalian,Mare,4 years,133750,"Waldbröl, DE",https://www.ehorses.com/westphalian-mare-4years-brown-breedinghorses-waldbroel/3299136.html,0,5.126293790693266,0,4.0,Westphalian,International
ehorses.com,"American Quarter Horse, Gelding, 11 years, 15,2 hh, Buckskin",Quarter Horse,Gelding,11 years,252500,"Mount Vernon KY, US",https://www.ehorses.com/american-quarter-horse-gelding-11years-152-hh-buckskin-trailhorses-ranch-riding-horses-mount-vernon-ky/4666157.html,0,5.402261382454681,0,11.0,Quarter Horse,International
ehorses.com,"PRE, Stallion, 2 years, Dun",Andalusian,Stallion,2 years,80250,"klagenfurt, AT",https://www.ehorses.com/pre-stallion-2years-dun-dressagehorses-baroquehorses-breedinghorses-leisurehorses-klagenfurt/4619275.html,0,4.90444504107691,0,2.0,Andalusian,International
ehorses.com,"PRE Mix, Mare, 2 years, 15,1 hh, Perlino",Andalusian,Mare,2 years,64199,"Segovia, ES",https://www.ehorses.com/pre-mare-2years-151-hh-perlino-leisurehorses-segovia/4701047.html,0,4.807528263304612,0,2.0,Andalusian,International
ehorses.com,"KWPN, Stallion, 6 years, 16,1 hh, Cremello",KWPN,Stallion,6 years,321000,"Ulicoten, NL",https://www.ehorses.com/kwpn-stallion-6years-161-hh-cremello-dressagehorses-ulicoten/4654995.html,0,5.506505032404872,0,6.0,KWPN,International
ehorses.com,"Oldenburg, Gelding, 13 years, Brown",Oldenburg,Gelding,13 years,588500,"Brest, DE",https://www.ehorses.com/oldenburg-gelding-13years-brown-showjumpers-brest/3901852.html,0,5.769746467179454,0,13.0,Oldenburg,International
ehorses.com,"Zangersheider, Gelding, 10 years, 16,2 hh, Brown",Zangersheider,Gelding,10 years,588500,"Brest, DE",https://www.ehorses.com/zangersheider-gelding-10years-162-hh-brown-showjumpers-brest/3793602.html,0,5.769746467179454,0,10.0,Zangersheider,International
ehorses.com,"Oldenburg, Gelding, 8 years, 16,1 hh, Brown",Oldenburg,Gelding,8 years,321000,"Brest, DE",https://www.ehorses.com/oldenburg-gelding-8years-161-hh-brown-dressagehorses-brest/3984221.html,0,5.506505032404872,0,8.0,Oldenburg,International
ehorses.com,"Hanoverian, Gelding, 7 years, 16,2 hh, Chestnut",Hanoverian,Gelding,7 years,321000,"Brest, DE",https://www.ehorses.com/hanoverian-gelding-7years-162-hh-chestnut-dressagehorses-showjumpers-brest/3984242.html,0,5.506505032404872,0,7.0,Hanoverian,International
ehorses.com,"Austrian Warmblood, Mare, 14 years, 16 hh, Bay-Dark",Austrian Warmblood,Mare,14 years,27819,"Zell an der Pram, AT",https://www.ehorses.com/austrian-warmblood-mare-14years-16-hh-bay-dark-breedinghorses-zell-an-der-pram/4738609.html,0,4.4443415145026295,0,14.0,Austrian Warmblood,International
ehorses.com,"KWPN, Stallion, 1 year, 16,1 hh, Black",KWPN,Stallion,1 year,59919,"Zell an der Pram, AT",https://www.ehorses.com/kwpn-stallion-1year-161-hh-black-dressagehorses-leisurehorses-zell-an-der-pram/4738627.html,0,4.777564556725691,0,,KWPN,International
ehorses.com,"German Riding Pony, Mare, 6 years, 14 hh, Chestnut",Pony,Mare,6 years,133750,"Treuenbrietzen, DE",https://www.ehorses.com/german-riding-pony-mare-6years-14-hh-chestnut-dressagehorses-eventinghorses-showjumpers-treuenbrietzen/4745282.html,0,5.126293790693266,0,6.0,Pony,International
ehorses.com,"Appaloosa, Mare, 9 years, 15 hh, Leopard-Piebald",Appaloosa,Mare,9 years,53500,"Buttstädt, DE",https://www.ehorses.com/appaloosa-mare-9years-15-hh-leopard-piebald-leisurehorses-westernhorses-buttstaedt/4745276.html,0,4.7283537820212285,0,9.0,Other_Rare,International
ehorses.com,"Other Heavy Horses Mix, Gelding, 4 years, 15,2 hh, Pinto",Other Heavy Horses Mix,Gelding,4 years,77040,"Neustadt (Wied), DE",https://www.ehorses.com/other-heavy-horses-gelding-4years-152-hh-pinto-leisurehorses-baroquehorses-carriagehorses-neustadt-wied/4745269.html,0,4.886716274116478,0,4.0,Other_Rare,International
ehorses.com,"German Riding Pony, Gelding, 4 years, 14,1 hh, Grey",Pony,Gelding,4 years,101650,"Fürstenau, DE",https://www.ehorses.com/german-riding-pony-gelding-4years-141-hh-grey-showjumpers-eventinghorses-leisurehorses-dressagehorses-fuerstenau/4690993.html,0,5.007107382974057,0,4.0,Pony,International
ehorses.com,"German Riding Pony, Gelding, 4 years, 15,1 hh, Brown",Pony,Gelding,4 years,107000,"Fürstenau, DE",https://www.ehorses.com/german-riding-pony-gelding-4years-151-hh-brown-dressagehorses-leisurehorses-fuerstenau/4705635.html,0,5.02938377768521,0,4.0,Pony,International
ehorses.com,"Oldenburg, Mare, 4 years, 17 hh, Chestnut-Red",Oldenburg,Mare,4 years,187250,"Fürstenau, DE",https://www.ehorses.com/oldenburg-mare-4years-17-hh-chestnut-red-dressagehorses-leisurehorses-fuerstenau/4734134.html,0,5.272421826371504,0,4.0,Oldenburg,International
ehorses.com,"German Sport Horse, Gelding, 4 years, 16,1 hh, Bay-Dark",German Sport Horse,Gelding,4 years,138030,"Fürstenau, DE",https://www.ehorses.com/german-sport-horse-gelding-4years-161-hh-bay-dark-dressagehorses-leisurehorses-fuerstenau/4734161.html,0,5.1399734879844585,0,4.0,German Sport Horse,International
ehorses.com,"Oldenburg, Gelding, 5 years, 16,1 hh, Brown",Oldenburg,Gelding,5 years,321000,"Oberstadion, DE",https://www.ehorses.com/oldenburg-gelding-5years-161-hh-brown-dressagehorses-oberstadion/4687750.html,0,5.506505032404872,0,5.0,Oldenburg,International
ehorses.com,"Westphalian, Gelding, 7 years, 16,1 hh, Chestnut-Red",Westphalian,Gelding,7 years,321000,"Oberstadion, DE",https://www.ehorses.com/westphalian-gelding-7years-161-hh-chestnut-red-dressagehorses-oberstadion/4104269.html,0,5.506505032404872,0,7.0,Westphalian,International
ehorses.com,"Oldenburg, Gelding, 5 years, 16,2 hh, Chestnut",Oldenburg,Gelding,5 years,321000,"Oberstadion, DE",https://www.ehorses.com/oldenburg-gelding-5years-162-hh-chestnut-dressagehorses-oberstadion/4687662.html,0,5.506505032404872,0,5.0,Oldenburg,International
ehorses.com,"German Sport Horse, Mare, 4 years, 16,1 hh, Smoky-Black",German Sport Horse,Mare,4 years,321000,"Oberstadion, DE",https://www.ehorses.com/german-sport-horse-mare-4years-161-hh-smoky-black-dressagehorses-oberstadion/4623290.html,0,5.506505032404872,0,4.0,German Sport Horse,International
ehorses.com,"More ponies/small horses, Mare, 5 years, 14,1 hh, Palomino",More ponies/small horses,Mare,5 years,41730,"Békéscsaba, HU",https://www.ehorses.com/more-poniessmall-horses-mare-5years-141-hh-palomino-leisurehorses-bekescsaba/4745255.html,0,4.620448384711709,0,5.0,More ponies/small horses,International
ehorses.com,"KWPN, Gelding, 4 years, 16,2 hh, Brown",KWPN,Gelding,4 years,90950,"Loipersbach im Burgenland, AT",https://www.ehorses.com/kwpn-gelding-4years-162-hh-brown-dressagehorses-loipersbach-im-burgenland/4745103.html,0,4.958802703399503,0,4.0,KWPN,International
ehorses.com,"Lusitano Mix, Gelding, 13 years, 16,1 hh, Grey",Lusitano,Gelding,13 years,133750,"Sevilla, ES",https://www.ehorses.com/lusitano-gelding-13years-161-hh-grey-dressagehorses-leisurehorses-sevilla/4356010.html,0,5.126293790693266,0,13.0,Lusitano,International
ehorses.com,"American Quarter Horse, Gelding, 11 years, 14,2 hh, Grey",Quarter Horse,Gelding,11 years,35350,"Weatherford TX, US",https://www.ehorses.com/american-quarter-horse-gelding-11years-142-hh-grey-trailhorses-ranch-riding-horses-weatherford-tx/4163400.html,0,4.548389418132918,0,11.0,Quarter Horse,International
ehorses.com,"Warlander, Gelding, 11 years, 15,1 hh, Grey",Warlander,Gelding,11 years,35350,"Camp Verde Az, US",https://www.ehorses.com/warlander-gelding-11years-151-hh-grey-trailhorses-ranch-riding-horses-camp-verde-az/4392250.html,0,4.548389418132918,0,11.0,Other_Rare,International
ehorses.com,"Half Arabs, Gelding, 2 years, 15 hh, Chestnut-Red",Half Arabs,Gelding,2 years,80250,"VERNON, FR",https://www.ehorses.com/half-arabs-gelding-2years-15-hh-chestnut-red-dressagehorses-endurancehorses-showjumpers-leisurehorses-vernon/4506199.html,0,4.90444504107691,0,2.0,Other_Rare,International
ehorses.com,"American Quarter Horse, Gelding, 15 years, 14,3 hh, Chestnut",Quarter Horse,Gelding,15 years,35350,"Cottonwood AZ, US",https://www.ehorses.com/american-quarter-horse-gelding-15years-143-hh-chestnut-trailhorses-ranch-riding-horses-cottonwood-az/4436543.html,0,4.548389418132918,0,15.0,Quarter Horse,International
ehorses.com,"Lusitano, Mare, 1 year, 15,3 hh, Brown",Lusitano,Mare,1 year,48150,"Idanha-a-Nova Portugal, PT",https://www.ehorses.com/lusitano-mare-1year-153-hh-brown-leisurehorses-working-equitation-horses-breedinghorses-idanha-a-nova-portugal/4736441.html,0,4.682596291460554,0,,Lusitano,International
ehorses.com,"Shire Horse, Mare, 8 years, 16,2 hh, Grey",Shire Horse,Mare,8 years,160500,"Ried im Innkreis, AT",https://www.ehorses.com/shire-horse-mare-8years-162-hh-grey-leisurehorses-ried-im-innkreis/4647797.html,0,5.205475036740891,0,8.0,Other_Rare,International
ehorses.com,"Welsh B, Gelding, 7 years, 13,1 hh, Palomino",Welsh B,Gelding,7 years,58849,"Szabadszállás, HU",https://www.ehorses.com/welsh-b-gelding-7years-131-hh-palomino-carriagehorses-showhunter-leisurehorses-dressagehorses-szabadszallas/4745208.html,0,4.76973908743142,0,7.0,Other_Rare,International
ehorses.com,"Thoroughbred, Mare, 3 years, 16 hh, Brown",Thoroughbred,Mare,3 years,23540,"Naila, DE",https://www.ehorses.com/thoroughbred-mare-3years-16-hh-brown-leisurehorses-breedinghorses-galloper-naila/4745214.html,0,4.3718064585074154,0,3.0,Thoroughbred,International
ehorses.com,"German Riding Pony, Gelding, 5 years, 14,2 hh, Bay-Dark",Pony,Gelding,5 years,107000,"Aabenraa, DK",https://www.ehorses.com/german-riding-pony-gelding-5years-142-hh-bay-dark-dressagehorses-aabenraa/4745217.html,0,5.02938377768521,0,5.0,Pony,International
ehorses.com,"German Riding Pony, Gelding, 8 years, 14 hh, Brown",Pony,Gelding,8 years,133750,"Ollndorf, DE",https://www.ehorses.com/german-riding-pony-gelding-8years-14-hh-brown-showjumpers-dressagehorses-ollndorf/4669924.html,0,5.126293790693266,0,8.0,Pony,International
ehorses.com,"Heavy Warmblood, Gelding, 10 years, 15,2 hh, Grey",Heavy Warmblood,Gelding,10 years,80250,"Blankenheim, DE",https://www.ehorses.com/heavy-warmblood-gelding-10years-152-hh-grey-leisurehorses-blankenheim/4745197.html,0,4.90444504107691,0,10.0,Other_Rare,International
ehorses.com,"Andalusian, Stallion, 3 years, 15 hh, Grey",Andalusian,Stallion,3 years,70689,"Corona, CA, US",https://www.ehorses.com/andalusian-stallion-3years-15-hh-grey-showhorses-breedinghorses-corona-ca/4585564.html,0,4.849351837969776,0,3.0,Andalusian,International
ehorses.com,"Andalusian, Mare, 2 years, 14 hh, Bay",Andalusian,Mare,2 years,100989,"Corona, CA, US",https://www.ehorses.com/andalusian-mare-2years-14-hh-bay-dressagehorses-trailhorses-breedinghorses-showjumpers-corona-ca/4725915.html,0,5.0042740718077265,0,2.0,Andalusian,International
ehorses.com,"Andalusian, Mare, 2 years, 15 hh, Grey",Andalusian,Mare,2 years,60589,"Corona, CA, US",https://www.ehorses.com/andalusian-mare-2years-15-hh-grey-dressagehorses-working-equitation-horses-trailhorses-breedinghorses-corona-ca/4741387.html,0,4.782393784678972,0,2.0,Andalusian,International
ehorses.com,"Andalusian, Mare, 2 years, 15 hh, Black",Andalusian,Mare,2 years,60589,"Corona, CA, US",https://www.ehorses.com/andalusian-mare-2years-15-hh-black-dressagehorses-trailhorses-breedinghorses-eventinghorses-corona-ca/4687614.html,0,4.782393784678972,0,2.0,Andalusian,International
ehorses.com,"Lusitano, Stallion, 6 years, 15,2 hh, Pearl",Lusitano,Stallion,6 years,85600,"Frankfurt am Main, DE",https://www.ehorses.com/lusitano-stallion-6years-152-hh-pearl-leisurehorses-sire-dressagehorses-frankfurt-am-main/4745171.html,0,4.9324737646771535,0,6.0,Lusitano,International
ehorses.com,"Hanoverian, Gelding, 8 years, 17 hh",Hanoverian,Gelding,8 years,374500,"Haiger, DE",https://www.ehorses.com/hanoverian-gelding-8years-17-hh-dressagehorses-leisurehorses-haiger/4745124.html,0,5.573451822035485,0,8.0,Hanoverian,International
ehorses.com,"PRE, Gelding, 4 years, 15,1 hh, Grey",Andalusian,Gelding,4 years,95230,"Stipsdorf, DE",https://www.ehorses.com/pre-gelding-4years-151-hh-grey-leisurehorses-working-equitation-horses-baroquehorses-dressagehorses-stipsdorf/4630675.html,0,4.978773784330122,0,4.0,Andalusian,International
ehorses.com,"PRE, Gelding, 5 years, Palomino",Andalusian,Gelding,5 years,353500,"Madison, GA, US",https://www.ehorses.com/pre-gelding-5years-palomino-dressagehorses-working-equitation-horses-showhorses-baroquehorses-madison-ga/4486133.html,0,5.548389418132918,0,5.0,Andalusian,International
ehorses.com,"PRE Mix, Gelding, 6 years, 16 hh, Black",Andalusian,Gelding,6 years,393900,"Madison, GA, US",https://www.ehorses.com/pre-gelding-6years-16-hh-black-dressagehorses-doma-vaquera-working-equitation-horses-baroquehorses-madison-ga/4486169.html,0,5.595385980809142,0,6.0,Andalusian,International
ehorses.com,"PRE Mix, Stallion, 6 years, 16,1 hh, Grey",Andalusian,Stallion,6 years,588500,"Navas Del Madroño, ES",https://www.ehorses.com/pre-stallion-6years-161-hh-grey-dressagehorses-navas-del-madrono/4597773.html,0,5.769746467179454,0,6.0,Andalusian,International
ehorses.com,"Oldenburg, Mare, 7 years, 16 hh, Brown",Oldenburg,Mare,7 years,214000,"Hepstedt, DE",https://www.ehorses.com/oldenburg-mare-7years-16-hh-brown-dressagehorses-breedinghorses-hepstedt/4234278.html,0,5.330413773349191,0,7.0,Oldenburg,International
ehorses.com,"Icelandic Horse, Gelding, 6 years, 13,2 hh, Pinto",Icelandic Horse,Gelding,6 years,133750,"Achstetten, DE",https://www.ehorses.com/icelandic-horse-gelding-6years-132-hh-pinto-leisurehorses-gaitedhorses-achstetten/4741491.html,0,5.126293790693266,0,6.0,Icelandic Horse,International
ehorses.com,"Andalusian Mix, Gelding, 11 years, 15,1 hh, Perlino",Andalusian,Gelding,11 years,80250,"Bredene, BE",https://www.ehorses.com/andalusian-gelding-11years-151-hh-perlino-baroquehorses-working-equitation-horses-leisurehorses-dressagehorses-bredene/4486431.html,0,4.90444504107691,0,11.0,Andalusian,International
ehorses.com,"American Quarter Horse, Gelding, 7 years, Dun",Quarter Horse,Gelding,7 years,35350,"Mount Vernon, US",https://www.ehorses.com/american-quarter-horse-gelding-7years-dun-trailhorses-mount-vernon/4554821.html,0,4.548389418132918,0,7.0,Quarter Horse,International
ehorses.com,"Polish Halfbred Mix, Gelding, 9 years, 15,2 hh, Chestnut-Red",Polish Halfbred Mix,Gelding,9 years,80250,"Mannheim, DE",https://www.ehorses.com/polish-halfbred-gelding-9years-152-hh-chestnut-red-leisurehorses-mannheim/4743670.html,0,4.90444504107691,0,9.0,Other_Rare,International
ehorses.com,"Irish Sport Horse, Mare, 4 years, 16,1 hh, Black",Irish Sport Horse,Mare,4 years,53500,"Lage, DE",https://www.ehorses.com/irish-sport-horse-mare-4years-161-hh-black-dressagehorses-breedinghorses-showjumpers-leisurehorses-lage/4744985.html,0,4.7283537820212285,0,4.0,Irish Sport Horse,International
ehorses.com,"New Forest Pony, Mare, 7 years, 13,2 hh, Black",Pony,Mare,7 years,61524,"Achtmaal, NL",https://www.ehorses.com/new-forest-pony-mare-7years-132-hh-black-leisurehorses-achtmaal/4744986.html,0,4.789044563488024,0,7.0,Pony,International
ehorses.com,"More ponies/small horses, Mare, 5 years, 14,1 hh, Black",More ponies/small horses,Mare,5 years,42800,"Gyula, HU",https://www.ehorses.com/more-poniessmall-horses-mare-5years-141-hh-black-leisurehorses-gyula/4744958.html,0,4.631443769013172,0,5.0,More ponies/small horses,International
ehorses.com,"Selle Français, Mare, 10 years, 15,2 hh, Chestnut-Red",Selle Français,Mare,10 years,741000,"Wermatswil, CH",https://www.ehorses.com/selle-francais-mare-10years-152-hh-chestnut-red-showjumpers-wermatswil/4744928.html,0,5.869818207979328,0,10.0,Other_Rare,International
ehorses.com,"Oldenburg, Gelding, 5 years, 17 hh, Bay-Dark",Oldenburg,Gelding,5 years,321000,"Vechta, DE",https://www.ehorses.com/oldenburg-gelding-5years-17-hh-bay-dark-dressagehorses-vechta/4702038.html,0,5.506505032404872,0,5.0,Oldenburg,International
ehorses.com,"PRE Mix, Gelding, 5 years, 15,1 hh, Dun",Andalusian,Gelding,5 years,230049,"Krumbach, DE",https://www.ehorses.com/pre-gelding-5years-151-hh-dun-dressagehorses-working-equitation-horses-baroquehorses-leisurehorses-krumbach/4663719.html,0,5.361820349770231,0,5.0,Andalusian,International
ehorses.com,"More ponies/small horses, Gelding, 3 years, 14,1 hh, Pinto",More ponies/small horses,Gelding,3 years,32099,"Békéscsaba, HU",https://www.ehorses.com/more-poniessmall-horses-gelding-3years-141-hh-pinto-leisurehorses-bekescsaba/4744914.html,0,4.506491502771016,0,3.0,More ponies/small horses,International
ehorses.com,"Westphalian, Mare, 11 years, Chestnut-Red",Westphalian,Mare,11 years,133750,"Kleinenberg, DE",https://www.ehorses.com/westphalian-mare-11years-chestnut-red-dressagehorses-breedinghorses-leisurehorses-kleinenberg/4713699.html,0,5.126293790693266,0,11.0,Westphalian,International
ehorses.com,"KWPN, Gelding, 6 years, 16,1 hh, Grey",KWPN,Gelding,6 years,187250,"Mór, HU",https://www.ehorses.com/kwpn-gelding-6years-161-hh-grey-showjumpers-leisurehorses-mor/4660282.html,0,5.272421826371504,0,6.0,KWPN,International
ehorses.com,"Hanoverian, Mare, 10 years, 16,1 hh, Brown",Hanoverian,Mare,10 years,101650,"Mor, HU",https://www.ehorses.com/hanoverian-mare-10years-161-hh-brown-dressagehorses-leisurehorses-mor/4703850.html,0,5.007107382974057,0,10.0,Hanoverian,International
ehorses.com,"Zangersheider, Gelding, 5 years, 16,1 hh, Grey",Zangersheider,Gelding,5 years,133750,"Mor, HU",https://www.ehorses.com/zangersheider-gelding-5years-161-hh-grey-showjumpers-showhunter-mor/4720745.html,0,5.126293790693266,0,5.0,Zangersheider,International
ehorses.com,"German Sport Horse, Stallion, 3 years, 16 hh, Grey",German Sport Horse,Stallion,3 years,80250,"Mor, HU",https://www.ehorses.com/german-sport-horse-stallion-3years-16-hh-grey-showjumpers-showhunter-mor/4720753.html,0,4.90444504107691,0,3.0,German Sport Horse,International
ehorses.com,"Westphalian, Gelding, 5 years, 16,1 hh, Grey",Westphalian,Gelding,5 years,187250,"Mor, HU",https://www.ehorses.com/westphalian-gelding-5years-161-hh-grey-showjumpers-equitation-portugesa-mor/4721176.html,0,5.272421826371504,0,5.0,Westphalian,International
ehorses.com,"Zangersheider, Gelding, 5 years, 16,1 hh, Grey",Zangersheider,Gelding,5 years,128399,"Mor, HU",https://www.ehorses.com/zangersheider-gelding-5years-161-hh-grey-showjumpers-mor/4721188.html,0,5.1085616413638855,0,5.0,Zangersheider,International
EquiVision_Synthetic,Magnifique Arabian 3 ans,Arabian,Mare,3 years,104576,Meknes,synthetic_arabian_0,1,5.019432026180284,1,3.0,Arabian,Synthetic
EquiVision_Synthetic,Magnifique Arabian 9 ans,Arabian,Stallion,9 years,100828,Agadir,synthetic_arabian_1,1,5.003581152713505,1,9.0,Arabian,Synthetic
EquiVision_Synthetic,Magnifique Arabian 7 ans,Arabian,Stallion,7 years,129680,Settat,synthetic_arabian_2,1,5.112873001840459,1,7.0,Arabian,Synthetic
EquiVision_Synthetic,Magnifique Arabian 10 ans,Arabian,Mare,10 years,87705,Settat,synthetic_arabian_3,1,4.943024352892965,1,10.0,Arabian,Synthetic
EquiVision_Synthetic,Magnifique Arabian 5 ans,Arabian,Mare,5 years,71693,Marrakech,synthetic_arabian_4,1,4.8554767538577295,1,5.0,Arabian,Synthetic
EquiVision_Synthetic,Magnifique Arabian 3 ans,Arabian,Gelding,3 years,120722,Casablanca,synthetic_arabian_5,1,5.081786421778872,1,3.0,Arabian,Synthetic
EquiVision_Synthetic,Magnifique Arabian 7 ans,Arabian,Gelding,7 years,132178,Settat,synthetic_arabian_6,1,5.12115917622608,1,7.0,Arabian,Synthetic
EquiVision_Synthetic,Magnifique Arabian 10 ans,Arabian,Stallion,10 years,83120,Agadir,synthetic_arabian_7,1,4.919705534549121,1,10.0,Arabian,Synthetic
EquiVision_Synthetic,Magnifique Arabian 7 ans,Arabian,Gelding,7 years,165161,Casablanca,synthetic_arabian_8,1,5.217907503732619,1,7.0,Arabian,Synthetic
EquiVision_Synthetic,Magnifique Arabian 6 ans,Arabian,Stallion,6 years,56496,Rabat,synthetic_arabian_9,1,4.752017700219022,1,6.0,Arabian,Synthetic
EquiVision_Synthetic,Magnifique Arabian 10 ans,Arabian,Mare,10 years,96809,Marrakech,synthetic_arabian_10,1,4.98591573405059,1,10.0,Arabian,Synthetic
EquiVision_Synthetic,Magnifique Arabian 3 ans,Arabian,Gelding,3 years,87614,Meknes,synthetic_arabian_11,1,4.942573508416298,1,3.0,Arabian,Synthetic
EquiVision_Synthetic,Magnifique Arabian 4 ans,Arabian,Gelding,4 years,103554,Casablanca,synthetic_arabian_12,1,5.015166879128805,1,4.0,Arabian,Synthetic
EquiVision_Synthetic,Magnifique Arabian 3 ans,Arabian,Stallion,3 years,113858,Settat,synthetic_arabian_13,1,5.056363550838673,1,3.0,Arabian,Synthetic
EquiVision_Synthetic,Magnifique Arabian 3 ans,Arabian,Stallion,3 years,82612,El Jadida,synthetic_arabian_14,1,4.917043136367086,1,3.0,Arabian,Synthetic
EquiVision_Synthetic,Magnifique Arabian 9 ans,Arabian,Gelding,9 years,30951,Agadir,synthetic_arabian_15,1,4.490674685261339,1,9.0,Arabian,Synthetic
EquiVision_Synthetic,Magnifique Arabian 9 ans,Arabian,Stallion,9 years,27007,Rabat,synthetic_arabian_16,1,4.431476344431557,1,9.0,Arabian,Synthetic
EquiVision_Synthetic,Magnifique Arabian 3 ans,Arabian,Gelding,3 years,119799,Agadir,synthetic_arabian_17,1,5.078453192875542,1,3.0,Arabian,Synthetic
EquiVision_Synthetic,Magnifique Arabian 8 ans,Arabian,Mare,8 years,106072,Settat,synthetic_arabian_18,1,5.025600757602263,1,8.0,Arabian,Synthetic
EquiVision_Synthetic,Magnifique Arabian 5 ans,Arabian,Stallion,5 years,63982,Beni Mellal,synthetic_arabian_19,1,4.806057811480945,1,5.0,Arabian,Synthetic
EquiVision_Synthetic,Magnifique Arabian 9 ans,Arabian,Stallion,9 years,78749,Tangier,synthetic_arabian_20,1,4.896245047576059,1,9.0,Arabian,Synthetic
EquiVision_Synthetic,Magnifique Arabian 10 ans,Arabian,Stallion,10 years,97120,Fes,synthetic_arabian_21,1,4.9873086737311825,1,10.0,Arabian,Synthetic
EquiVision_Synthetic,Magnifique Arabian 8 ans,Arabian,Stallion,8 years,95484,Marrakech,synthetic_arabian_22,1,4.979930604108705,1,8.0,Arabian,Synthetic
EquiVision_Synthetic,Magnifique Arabian 6 ans,Arabian,Gelding,6 years,53974,Settat,synthetic_arabian_23,1,4.732184604716226,1,6.0,Arabian,Synthetic
EquiVision_Synthetic,Magnifique Arabian 3 ans,Arabian,Gelding,3 years,320856,Beni Mellal,synthetic_arabian_24,1,5.50631016500021,1,3.0,Arabian,Synthetic
EquiVision_Synthetic,Magnifique Arabian 10 ans,Arabian,Gelding,10 years,77472,Meknes,synthetic_arabian_25,1,4.889144767761639,1,10.0,Arabian,Synthetic
EquiVision_Synthetic,Magnifique Arabian 5 ans,Arabian,Gelding,5 years,115265,Casablanca,synthetic_arabian_26,1,5.061697454611219,1,5.0,Arabian,Synthetic
EquiVision_Synthetic,Magnifique Arabian 5 ans,Arabian,Stallion,5 years,76644,Meknes,synthetic_arabian_27,1,4.8844781622056095,1,5.0,Arabian,Synthetic
EquiVision_Synthetic,Magnifique Arabian 4 ans,Arabian,Stallion,4 years,110368,Beni Mellal,synthetic_arabian_28,1,5.042843172687297,1,4.0,Arabian,Synthetic
EquiVision_Synthetic,Magnifique Arabian 6 ans,Arabian,Stallion,6 years,71942,Meknes,synthetic_arabian_29,1,4.85698250711177,1,6.0,Arabian,Synthetic
EquiVision_Synthetic,Magnifique Arabian 5 ans,Arabian,Stallion,5 years,212651,Meknes,synthetic_arabian_30,1,5.327667429342357,1,5.0,Arabian,Synthetic
EquiVision_Synthetic,Magnifique Arabian 6 ans,Arabian,Stallion,6 years,178472,Settat,synthetic_arabian_31,1,5.251570090479933,1,6.0,Arabian,Synthetic
EquiVision_Synthetic,Magnifique Arabian 7 ans,Arabian,Mare,7 years,59307,Rabat,synthetic_arabian_32,1,4.773105956129139,1,7.0,Arabian,Synthetic
EquiVision_Synthetic,Magnifique Arabian 4 ans,Arabian,Mare,4 years,100478,Fes,synthetic_arabian_33,1,5.002070981910554,1,4.0,Arabian,Synthetic
EquiVision_Synthetic,Magnifique Arabian 10 ans,Arabian,Stallion,10 years,84271,Settat,synthetic_arabian_34,1,4.925678147497901,1,10.0,Arabian,Synthetic
EquiVision_Synthetic,Magnifique Arabian 3 ans,Arabian,Gelding,3 years,120148,Settat,synthetic_arabian_35,1,5.079716545874891,1,3.0,Arabian,Synthetic
EquiVision_Synthetic,Magnifique Arabian 4 ans,Arabian,Gelding,4 years,78838,Settat,synthetic_arabian_36,1,4.896735598357519,1,4.0,Arabian,Synthetic
EquiVision_Synthetic,Magnifique Arabian 5 ans,Arabian,Stallion,5 years,28891,Beni Mellal,synthetic_arabian_37,1,4.460762574276378,1,5.0,Arabian,Synthetic
EquiVision_Synthetic,Magnifique Arabian 10 ans,Arabian,Mare,10 years,43946,Fes,synthetic_arabian_38,1,4.64291935137828,1,10.0,Arabian,Synthetic
EquiVision_Synthetic,Magnifique Arabian 6 ans,Arabian,Mare,6 years,156446,Casablanca,synthetic_arabian_39,1,5.1943644636142965,1,6.0,Arabian,Synthetic
EquiVision_Synthetic,Magnifique Arabian 10 ans,Arabian,Stallion,10 years,47277,Settat,synthetic_arabian_40,1,4.674649910242433,1,10.0,Arabian,Synthetic
EquiVision_Synthetic,Magnifique Arabian 7 ans,Arabian,Stallion,7 years,106965,Casablanca,synthetic_arabian_41,1,5.029241695503524,1,7.0,Arabian,Synthetic
EquiVision_Synthetic,Magnifique Arabian 8 ans,Arabian,Stallion,8 years,104703,Marrakech,synthetic_arabian_42,1,5.019959125468528,1,8.0,Arabian,Synthetic
EquiVision_Synthetic,Magnifique Arabian 5 ans,Arabian,Gelding,5 years,130842,Marrakech,synthetic_arabian_43,1,5.116747173960475,1,5.0,Arabian,Synthetic
EquiVision_Synthetic,Magnifique Arabian 6 ans,Arabian,Gelding,6 years,61664,Fes,synthetic_arabian_44,1,4.790031692975359,1,6.0,Arabian,Synthetic
EquiVision_Synthetic,Magnifique Arabian 4 ans,Arabian,Gelding,4 years,86110,Rabat,synthetic_arabian_45,1,4.935053589231065,1,4.0,Arabian,Synthetic
EquiVision_Synthetic,Magnifique Arabian 4 ans,Arabian,Mare,4 years,41622,Fes,synthetic_arabian_46,1,4.619322944883176,1,4.0,Arabian,Synthetic
EquiVision_Synthetic,Magnifique Arabian 4 ans,Arabian,Mare,4 years,98535,Beni Mellal,synthetic_arabian_47,1,4.99359052092344,1,4.0,Arabian,Synthetic
EquiVision_Synthetic,Magnifique Arabian 4 ans,Arabian,Stallion,4 years,82119,Tangier,synthetic_arabian_48,1,4.914443652131504,1,4.0,Arabian,Synthetic
EquiVision_Synthetic,Magnifique Arabian 8 ans,Arabian,Gelding,8 years,215013,Marrakech,synthetic_arabian_49,1,5.3324647187880885,1,8.0,Arabian,Synthetic
EquiVision_Synthetic,Magnifique Arabian 3 ans,Arabian,Mare,3 years,39993,El Jadida,synthetic_arabian_50,1,4.601983983142719,1,3.0,Arabian,Synthetic
EquiVision_Synthetic,Magnifique Arabian 9 ans,Arabian,Mare,9 years,40697,El Jadida,synthetic_arabian_51,1,4.60956239616709,1,9.0,Arabian,Synthetic
EquiVision_Synthetic,Magnifique Arabian 8 ans,Arabian,Stallion,8 years,80777,Fes,synthetic_arabian_52,1,4.907287719747073,1,8.0,Arabian,Synthetic
EquiVision_Synthetic,Magnifique Arabian 10 ans,Arabian,Stallion,10 years,53788,Marrakech,synthetic_arabian_53,1,4.730685396203913,1,10.0,Arabian,Synthetic
EquiVision_Synthetic,Magnifique Arabian 8 ans,Arabian,Gelding,8 years,62753,Rabat,synthetic_arabian_54,1,4.797634492739563,1,8.0,Arabian,Synthetic
EquiVision_Synthetic,Magnifique Arabian 8 ans,Arabian,Gelding,8 years,60093,El Jadida,synthetic_arabian_55,1,4.778823885672807,1,8.0,Arabian,Synthetic
EquiVision_Synthetic,Magnifique Arabian 8 ans,Arabian,Stallion,8 years,49895,Settat,synthetic_arabian_56,1,4.698057026961907,1,8.0,Arabian,Synthetic
EquiVision_Synthetic,Magnifique Arabian 5 ans,Arabian,Stallion,5 years,88471,Tangier,synthetic_arabian_57,1,4.946800936190048,1,5.0,Arabian,Synthetic
EquiVision_Synthetic,Magnifique Arabian 5 ans,Arabian,Stallion,5 years,87492,Casablanca,synthetic_arabian_58,1,4.941968344282969,1,5.0,Arabian,Synthetic
EquiVision_Synthetic,Magnifique Arabian 6 ans,Arabian,Stallion,6 years,126627,Agadir,synthetic_arabian_59,1,5.102526317851885,1,6.0,Arabian,Synthetic
EquiVision_Synthetic,Magnifique Arabian 6 ans,Arabian,Stallion,6 years,93886,Rabat,synthetic_arabian_60,1,4.972600836397644,1,6.0,Arabian,Synthetic
EquiVision_Synthetic,Magnifique Arabian 3 ans,Arabian,Gelding,3 years,42857,Beni Mellal,synthetic_arabian_61,1,4.63202176705472,1,3.0,Arabian,Synthetic
EquiVision_Synthetic,Magnifique Arabian 9 ans,Arabian,Mare,9 years,108541,Tangier,synthetic_arabian_62,1,5.035593818464033,1,9.0,Arabian,Synthetic
EquiVision_Synthetic,Magnifique Arabian 3 ans,Arabian,Stallion,3 years,187723,Casablanca,synthetic_arabian_63,1,5.273517486053109,1,3.0,Arabian,Synthetic
EquiVision_Synthetic,Magnifique Arabian 8 ans,Arabian,Stallion,8 years,60083,El Jadida,synthetic_arabian_64,1,4.778751609264389,1,8.0,Arabian,Synthetic
EquiVision_Synthetic,Magnifique Arabian 6 ans,Arabian,Mare,6 years,86166,Beni Mellal,synthetic_arabian_65,1,4.935335932585255,1,6.0,Arabian,Synthetic
EquiVision_Synthetic,Magnifique Arabian 7 ans,Arabian,Gelding,7 years,99255,El Jadida,synthetic_arabian_66,1,4.996752393699277,1,7.0,Arabian,Synthetic
EquiVision_Synthetic,Magnifique Arabian 9 ans,Arabian,Gelding,9 years,176620,Marrakech,synthetic_arabian_67,1,5.247039880429746,1,9.0,Arabian,Synthetic
EquiVision_Synthetic,Magnifique Arabian 3 ans,Arabian,Mare,3 years,79058,Rabat,synthetic_arabian_68,1,4.897945823415117,1,3.0,Arabian,Synthetic
EquiVision_Synthetic,Magnifique Arabian 9 ans,Arabian,Mare,9 years,91059,Beni Mellal,synthetic_arabian_69,1,4.959322876623757,1,9.0,Arabian,Synthetic
EquiVision_Synthetic,Magnifique Arabian 3 ans,Arabian,Stallion,3 years,65808,Meknes,synthetic_arabian_70,1,4.8182786921651,1,3.0,Arabian,Synthetic
EquiVision_Synthetic,Magnifique Arabian 4 ans,Arabian,Mare,4 years,106668,Tangier,synthetic_arabian_71,1,5.028034152247338,1,4.0,Arabian,Synthetic
EquiVision_Synthetic,Magnifique Arabian 6 ans,Arabian,Gelding,6 years,134530,Marrakech,synthetic_arabian_72,1,5.12881914219451,1,6.0,Arabian,Synthetic
EquiVision_Synthetic,Magnifique Arabian 7 ans,Arabian,Gelding,7 years,153086,Meknes,synthetic_arabian_73,1,5.184935475474503,1,7.0,Arabian,Synthetic
EquiVision_Synthetic,Magnifique Arabian 3 ans,Arabian,Mare,3 years,90139,Fes,synthetic_arabian_74,1,4.954912735708656,1,3.0,Arabian,Synthetic
EquiVision_Synthetic,Magnifique Arabian 7 ans,Arabian,Stallion,7 years,60436,Fes,synthetic_arabian_75,1,4.781295712526443,1,7.0,Arabian,Synthetic
EquiVision_Synthetic,Magnifique Arabian 6 ans,Arabian,Gelding,6 years,52727,Agadir,synthetic_arabian_76,1,4.722033062048134,1,6.0,Arabian,Synthetic
EquiVision_Synthetic,Magnifique Arabian 4 ans,Arabian,Stallion,4 years,146920,Meknes,synthetic_arabian_77,1,5.167080919673256,1,4.0,Arabian,Synthetic
EquiVision_Synthetic,Magnifique Arabian 8 ans,Arabian,Gelding,8 years,76444,El Jadida,synthetic_arabian_78,1,4.883343403820929,1,8.0,Arabian,Synthetic
EquiVision_Synthetic,Magnifique Arabian 10 ans,Arabian,Stallion,10 years,121425,Rabat,synthetic_arabian_79,1,5.084308112145074,1,10.0,Arabian,Synthetic
EquiVision_Synthetic,Magnifique Arabian 9 ans,Arabian,Gelding,9 years,124819,Beni Mellal,synthetic_arabian_80,1,5.096280698864784,1,9.0,Arabian,Synthetic
EquiVision_Synthetic,Magnifique Arabian 7 ans,Arabian,Stallion,7 years,226952,Casablanca,synthetic_arabian_81,1,5.355934014288106,1,7.0,Arabian,Synthetic
EquiVision_Synthetic,Magnifique Arabian 10 ans,Arabian,Stallion,10 years,97059,Settat,synthetic_arabian_82,1,4.9870358124612455,1,10.0,Arabian,Synthetic
EquiVision_Synthetic,Magnifique Arabian 7 ans,Arabian,Stallion,7 years,105069,Settat,synthetic_arabian_83,1,5.021474598855523,1,7.0,Arabian,Synthetic
EquiVision_Synthetic,Magnifique Arabian 8 ans,Arabian,Gelding,8 years,64090,Agadir,synthetic_arabian_84,1,4.806790271584067,1,8.0,Arabian,Synthetic
EquiVision_Synthetic,Magnifique Arabian 3 ans,Arabian,Mare,3 years,73187,Casablanca,synthetic_arabian_85,1,4.864433945407281,1,3.0,Arabian,Synthetic
EquiVision_Synthetic,Magnifique Arabian 7 ans,Arabian,Stallion,7 years,137151,Meknes,synthetic_arabian_86,1,5.137198978494676,1,7.0,Arabian,Synthetic
EquiVision_Synthetic,Magnifique Arabian 9 ans,Arabian,Mare,9 years,80345,El Jadida,synthetic_arabian_87,1,4.904958855088471,1,9.0,Arabian,Synthetic
EquiVision_Synthetic,Magnifique Arabian 5 ans,Arabian,Gelding,5 years,71166,Agadir,synthetic_arabian_88,1,4.852272556289941,1,5.0,Arabian,Synthetic
EquiVision_Synthetic,Magnifique Arabian 8 ans,Arabian,Gelding,8 years,127780,Fes,synthetic_arabian_89,1,5.106462883796121,1,8.0,Arabian,Synthetic
EquiVision_Synthetic,Magnifique Arabian 8 ans,Arabian,Mare,8 years,72449,Fes,synthetic_arabian_90,1,4.860032395363037,1,8.0,Arabian,Synthetic
EquiVision_Synthetic,Magnifique Arabian 9 ans,Arabian,Stallion,9 years,157190,Rabat,synthetic_arabian_91,1,5.196424913949195,1,9.0,Arabian,Synthetic
EquiVision_Synthetic,Magnifique Arabian 10 ans,Arabian,Mare,10 years,147894,Marrakech,synthetic_arabian_92,1,5.169950555202111,1,10.0,Arabian,Synthetic
EquiVision_Synthetic,Magnifique Arabian 5 ans,Arabian,Gelding,5 years,139455,Settat,synthetic_arabian_93,1,5.144434090014626,1,5.0,Arabian,Synthetic
EquiVision_Synthetic,Magnifique Arabian 5 ans,Arabian,Gelding,5 years,52242,El Jadida,synthetic_arabian_94,1,4.718019794843153,1,5.0,Arabian,Synthetic
EquiVision_Synthetic,Magnifique Arabian 4 ans,Arabian,Mare,4 years,101215,Settat,synthetic_arabian_95,1,5.005244879445366,1,4.0,Arabian,Synthetic
EquiVision_Synthetic,Magnifique Arabian 10 ans,Arabian,Stallion,10 years,130134,Marrakech,synthetic_arabian_96,1,5.1143907791385645,1,10.0,Arabian,Synthetic
EquiVision_Synthetic,Magnifique Arabian 10 ans,Arabian,Mare,10 years,238452,Beni Mellal,synthetic_arabian_97,1,5.377400969400715,1,10.0,Arabian,Synthetic
EquiVision_Synthetic,Magnifique Arabian 9 ans,Arabian,Mare,9 years,303632,Beni Mellal,synthetic_arabian_98,1,5.482347540250667,1,9.0,Arabian,Synthetic
EquiVision_Synthetic,Magnifique Arabian 10 ans,Arabian,Stallion,10 years,85914,Tangier,synthetic_arabian_99,1,4.93406393946955,1,10.0,Arabian,Synthetic
EquiVision_Synthetic,Magnifique Arabian 6 ans,Arabian,Stallion,6 years,49943,Casablanca,synthetic_arabian_100,1,4.698474626207436,1,6.0,Arabian,Synthetic
EquiVision_Synthetic,Magnifique Arabian 8 ans,Arabian,Mare,8 years,88892,Meknes,synthetic_arabian_101,1,4.948862677593486,1,8.0,Arabian,Synthetic
EquiVision_Synthetic,Magnifique Arabian 4 ans,Arabian,Gelding,4 years,108408,Meknes,synthetic_arabian_102,1,5.035061332273,1,4.0,Arabian,Synthetic
EquiVision_Synthetic,Magnifique Arabian 9 ans,Arabian,Mare,9 years,111317,Rabat,synthetic_arabian_103,1,5.046561493556705,1,9.0,Arabian,Synthetic
EquiVision_Synthetic,Magnifique Arabian 9 ans,Arabian,Gelding,9 years,61111,Agadir,synthetic_arabian_104,1,4.786119390427871,1,9.0,Arabian,Synthetic
EquiVision_Synthetic,Magnifique Arabian 3 ans,Arabian,Gelding,3 years,92907,Agadir,synthetic_arabian_105,1,4.968048436779918,1,3.0,Arabian,Synthetic
EquiVision_Synthetic,Magnifique Arabian 10 ans,Arabian,Gelding,10 years,353840,Beni Mellal,synthetic_arabian_106,1,5.548806926361547,1,10.0,Arabian,Synthetic
EquiVision_Synthetic,Magnifique Arabian 9 ans,Arabian,Mare,9 years,105232,Agadir,synthetic_arabian_107,1,5.022147824515181,1,9.0,Arabian,Synthetic
EquiVision_Synthetic,Magnifique Arabian 4 ans,Arabian,Gelding,4 years,69068,Meknes,synthetic_arabian_108,1,4.839276880335964,1,4.0,Arabian,Synthetic
EquiVision_Synthetic,Magnifique Arabian 7 ans,Arabian,Stallion,7 years,105892,Beni Mellal,synthetic_arabian_109,1,5.024863150975347,1,7.0,Arabian,Synthetic
EquiVision_Synthetic,Magnifique Arabian 7 ans,Arabian,Mare,7 years,93487,Tangier,synthetic_arabian_110,1,4.97075122348437,1,7.0,Arabian,Synthetic
EquiVision_Synthetic,Magnifique Arabian 8 ans,Arabian,Mare,8 years,99755,El Jadida,synthetic_arabian_111,1,4.998934672960174,1,8.0,Arabian,Synthetic
EquiVision_Synthetic,Magnifique Arabian 8 ans,Arabian,Gelding,8 years,203328,Beni Mellal,synthetic_arabian_112,1,5.308197188811034,1,8.0,Arabian,Synthetic
EquiVision_Synthetic,Magnifique Arabian 4 ans,Arabian,Stallion,4 years,76981,Agadir,synthetic_arabian_113,1,4.88638354837537,1,4.0,Arabian,Synthetic
EquiVision_Synthetic,Magnifique Arabian 5 ans,Arabian,Mare,5 years,39621,El Jadida,synthetic_arabian_114,1,4.5979254325604595,1,5.0,Arabian,Synthetic
EquiVision_Synthetic,Magnifique Arabian 6 ans,Arabian,Stallion,6 years,56752,Beni Mellal,synthetic_arabian_115,1,4.753981171127868,1,6.0,Arabian,Synthetic
EquiVision_Synthetic,Magnifique Arabian 6 ans,Arabian,Gelding,6 years,146187,Casablanca,synthetic_arabian_116,1,5.164908753748441,1,6.0,Arabian,Synthetic
EquiVision_Synthetic,Magnifique Arabian 7 ans,Arabian,Gelding,7 years,63620,Meknes,synthetic_arabian_117,1,4.803593664771345,1,7.0,Arabian,Synthetic
EquiVision_Synthetic,Magnifique Arabian 10 ans,Arabian,Stallion,10 years,213583,Agadir,synthetic_arabian_118,1,5.3295666823452486,1,10.0,Arabian,Synthetic
EquiVision_Synthetic,Magnifique Arabian 7 ans,Arabian,Stallion,7 years,59767,Fes,synthetic_arabian_119,1,4.776461457002425,1,7.0,Arabian,Synthetic
EquiVision_Synthetic,Magnifique Arabian 3 ans,Arabian,Gelding,3 years,137022,Fes,synthetic_arabian_120,1,5.136790302277108,1,3.0,Arabian,Synthetic
EquiVision_Synthetic,Magnifique Arabian 5 ans,Arabian,Gelding,5 years,59959,Casablanca,synthetic_arabian_121,1,4.777854381045763,1,5.0,Arabian,Synthetic
EquiVision_Synthetic,Magnifique Arabian 5 ans,Arabian,Stallion,5 years,87683,Settat,synthetic_arabian_122,1,4.942915400414438,1,5.0,Arabian,Synthetic
EquiVision_Synthetic,Magnifique Arabian 10 ans,Arabian,Gelding,10 years,103512,Tangier,synthetic_arabian_123,1,5.014990699857558,1,10.0,Arabian,Synthetic
EquiVision_Synthetic,Magnifique Arabian 7 ans,Arabian,Stallion,7 years,77023,Rabat,synthetic_arabian_124,1,4.8866204301276905,1,7.0,Arabian,Synthetic
EquiVision_Synthetic,Magnifique Arabian 3 ans,Arabian,Gelding,3 years,109781,Tangier,synthetic_arabian_125,1,5.040527182471319,1,3.0,Arabian,Synthetic
EquiVision_Synthetic,Magnifique Arabian 7 ans,Arabian,Gelding,7 years,108131,El Jadida,synthetic_arabian_126,1,5.033950219382423,1,7.0,Arabian,Synthetic
EquiVision_Synthetic,Magnifique Arabian 9 ans,Arabian,Stallion,9 years,58411,Marrakech,synthetic_arabian_127,1,4.766494641452232,1,9.0,Arabian,Synthetic
EquiVision_Synthetic,Magnifique Arabian 4 ans,Arabian,Mare,4 years,82301,Marrakech,synthetic_arabian_128,1,4.915405112148399,1,4.0,Arabian,Synthetic
EquiVision_Synthetic,Magnifique Arabian 3 ans,Arabian,Stallion,3 years,101699,Beni Mellal,synthetic_arabian_129,1,5.007316682552862,1,3.0,Arabian,Synthetic
EquiVision_Synthetic,Magnifique Arabian 3 ans,Arabian,Mare,3 years,149514,Meknes,synthetic_arabian_130,1,5.174681860473669,1,3.0,Arabian,Synthetic
EquiVision_Synthetic,Magnifique Arabian 9 ans,Arabian,Mare,9 years,105068,Fes,synthetic_arabian_131,1,5.021470465414178,1,9.0,Arabian,Synthetic
EquiVision_Synthetic,Magnifique Arabian 7 ans,Arabian,Gelding,7 years,217781,Casablanca,synthetic_arabian_132,1,5.338019987655316,1,7.0,Arabian,Synthetic
EquiVision_Synthetic,Magnifique Arabian 10 ans,Arabian,Mare,10 years,158739,Beni Mellal,synthetic_arabian_133,1,5.200683640075388,1,10.0,Arabian,Synthetic
EquiVision_Synthetic,Magnifique Arabian 4 ans,Arabian,Stallion,4 years,155011,Tangier,synthetic_arabian_134,1,5.190362517975414,1,4.0,Arabian,Synthetic
EquiVision_Synthetic,Magnifique Arabian 9 ans,Arabian,Mare,9 years,100699,Tangier,synthetic_arabian_135,1,5.003025157776674,1,9.0,Arabian,Synthetic
EquiVision_Synthetic,Magnifique Arabian 6 ans,Arabian,Gelding,6 years,125146,Agadir,synthetic_arabian_136,1,5.0974169729559105,1,6.0,Arabian,Synthetic
EquiVision_Synthetic,Magnifique Arabian 5 ans,Arabian,Mare,5 years,177047,Casablanca,synthetic_arabian_137,1,5.2480885721871315,1,5.0,Arabian,Synthetic
EquiVision_Synthetic,Magnifique Arabian 3 ans,Arabian,Gelding,3 years,111820,Agadir,synthetic_arabian_138,1,5.048519487922654,1,3.0,Arabian,Synthetic
EquiVision_Synthetic,Magnifique Arabian 10 ans,Arabian,Stallion,10 years,99946,Meknes,synthetic_arabian_139,1,4.999765417636833,1,10.0,Arabian,Synthetic
EquiVision_Synthetic,Magnifique Arabian 5 ans,Arabian,Mare,5 years,87031,Fes,synthetic_arabian_140,1,4.939673973663506,1,5.0,Arabian,Synthetic
EquiVision_Synthetic,Magnifique Arabian 8 ans,Arabian,Stallion,8 years,50055,Rabat,synthetic_arabian_141,1,4.699447465710474,1,8.0,Arabian,Synthetic
EquiVision_Synthetic,Magnifique Arabian 4 ans,Arabian,Stallion,4 years,76873,Tangier,synthetic_arabian_142,1,4.885773829918267,1,4.0,Arabian,Synthetic
EquiVision_Synthetic,Magnifique Arabian 9 ans,Arabian,Mare,9 years,275326,Fes,synthetic_arabian_143,1,5.439847225281297,1,9.0,Arabian,Synthetic
EquiVision_Synthetic,Magnifique Arabian 8 ans,Arabian,Mare,8 years,86213,Tangier,synthetic_arabian_144,1,4.93557275773397,1,8.0,Arabian,Synthetic
EquiVision_Synthetic,Magnifique Arabian 3 ans,Arabian,Stallion,3 years,85297,Casablanca,synthetic_arabian_145,1,4.930933756767084,1,3.0,Arabian,Synthetic
EquiVision_Synthetic,Magnifique Arabian 7 ans,Arabian,Mare,7 years,90774,Beni Mellal,synthetic_arabian_146,1,4.957961473262439,1,7.0,Arabian,Synthetic
EquiVision_Synthetic,Magnifique Arabian 9 ans,Arabian,Mare,9 years,49658,Fes,synthetic_arabian_147,1,4.695989224150181,1,9.0,Arabian,Synthetic
EquiVision_Synthetic,Magnifique Arabian 3 ans,Arabian,Stallion,3 years,141686,Beni Mellal,synthetic_arabian_148,1,5.1513269397102315,1,3.0,Arabian,Synthetic
EquiVision_Synthetic,Magnifique Arabian 10 ans,Arabian,Stallion,10 years,188608,El Jadida,synthetic_arabian_149,1,5.275560109833813,1,10.0,Arabian,Synthetic
EquiVision_Synthetic,Magnifique Arabian 9 ans,Arabian,Mare,9 years,98886,Rabat,synthetic_arabian_150,1,4.995134809765737,1,9.0,Arabian,Synthetic
EquiVision_Synthetic,Magnifique Arabian 10 ans,Arabian,Stallion,10 years,75106,Agadir,synthetic_arabian_151,1,4.87567463291369,1,10.0,Arabian,Synthetic
EquiVision_Synthetic,Magnifique Arabian 9 ans,Arabian,Stallion,9 years,179388,Meknes,synthetic_arabian_152,1,5.2537933879383445,1,9.0,Arabian,Synthetic
EquiVision_Synthetic,Magnifique Arabian 5 ans,Arabian,Stallion,5 years,78370,Beni Mellal,synthetic_arabian_153,1,4.894149846767922,1,5.0,Arabian,Synthetic
EquiVision_Synthetic,Magnifique Arabian 8 ans,Arabian,Mare,8 years,63365,Settat,synthetic_arabian_154,1,4.801849439205396,1,8.0,Arabian,Synthetic
EquiVision_Synthetic,Magnifique Arabian 8 ans,Arabian,Gelding,8 years,65206,Marrakech,synthetic_arabian_155,1,4.814287559642986,1,8.0,Arabian,Synthetic
EquiVision_Synthetic,Magnifique Arabian 7 ans,Arabian,Mare,7 years,229595,Fes,synthetic_arabian_156,1,5.360962425990509,1,7.0,Arabian,Synthetic
EquiVision_Synthetic,Magnifique Arabian 4 ans,Arabian,Mare,4 years,72786,Meknes,synthetic_arabian_157,1,4.862047853111817,1,4.0,Arabian,Synthetic
EquiVision_Synthetic,Magnifique Arabian 6 ans,Arabian,Stallion,6 years,64825,Marrakech,synthetic_arabian_158,1,4.811742525441389,1,6.0,Arabian,Synthetic
EquiVision_Synthetic,Magnifique Arabian 9 ans,Arabian,Mare,9 years,104668,Meknes,synthetic_arabian_159,1,5.019813925732096,1,9.0,Arabian,Synthetic
EquiVision_Synthetic,Magnifique Arabian 5 ans,Arabian,Mare,5 years,86996,Tangier,synthetic_arabian_160,1,4.9394992845971935,1,5.0,Arabian,Synthetic
EquiVision_Synthetic,Magnifique Arabian 10 ans,Arabian,Stallion,10 years,118459,Settat,synthetic_arabian_161,1,5.0735680621195876,1,10.0,Arabian,Synthetic
EquiVision_Synthetic,Magnifique Arabian 6 ans,Arabian,Stallion,6 years,142781,Casablanca,synthetic_arabian_162,1,5.154670419315817,1,6.0,Arabian,Synthetic
EquiVision_Synthetic,Magnifique Arabian 4 ans,Arabian,Stallion,4 years,302891,El Jadida,synthetic_arabian_163,1,5.481286369046271,1,4.0,Arabian,Synthetic
EquiVision_Synthetic,Magnifique Arabian 10 ans,Arabian,Stallion,10 years,81377,Settat,synthetic_arabian_164,1,4.910501675349399,1,10.0,Arabian,Synthetic
EquiVision_Synthetic,Magnifique Arabian 9 ans,Arabian,Gelding,9 years,50004,Rabat,synthetic_arabian_165,1,4.699004746504903,1,9.0,Arabian,Synthetic
EquiVision_Synthetic,Magnifique Arabian 4 ans,Arabian,Stallion,4 years,93174,Rabat,synthetic_arabian_166,1,4.969294740338542,1,4.0,Arabian,Synthetic
EquiVision_Synthetic,Magnifique Arabian 4 ans,Arabian,Stallion,4 years,114117,El Jadida,synthetic_arabian_167,1,5.057350346050486,1,4.0,Arabian,Synthetic
EquiVision_Synthetic,Magnifique Arabian 6 ans,Arabian,Stallion,6 years,104098,Agadir,synthetic_arabian_168,1,5.017442385636302,1,6.0,Arabian,Synthetic
EquiVision_Synthetic,Magnifique Arabian 10 ans,Arabian,Mare,10 years,107732,El Jadida,synthetic_arabian_169,1,5.0323447224179185,1,10.0,Arabian,Synthetic
EquiVision_Synthetic,Magnifique Arabian 7 ans,Arabian,Stallion,7 years,167428,Marrakech,synthetic_arabian_170,1,5.223828089431559,1,7.0,Arabian,Synthetic
EquiVision_Synthetic,Magnifique Arabian 4 ans,Arabian,Mare,4 years,87713,Tangier,synthetic_arabian_171,1,4.943063965200227,1,4.0,Arabian,Synthetic
EquiVision_Synthetic,Magnifique Arabian 4 ans,Arabian,Stallion,4 years,153283,Fes,synthetic_arabian_172,1,5.185493991673769,1,4.0,Arabian,Synthetic
EquiVision_Synthetic,Magnifique Arabian 4 ans,Arabian,Mare,4 years,131074,El Jadida,synthetic_arabian_173,1,5.117516553045013,1,4.0,Arabian,Synthetic
EquiVision_Synthetic,Magnifique Arabian 9 ans,Arabian,Stallion,9 years,65613,Beni Mellal,synthetic_arabian_174,1,4.816989895304314,1,9.0,Arabian,Synthetic
EquiVision_Synthetic,Magnifique Arabian 6 ans,Arabian,Stallion,6 years,159570,Marrakech,synthetic_arabian_175,1,5.202951245040243,1,6.0,Arabian,Synthetic
EquiVision_Synthetic,Magnifique Arabian 6 ans,Arabian,Gelding,6 years,64305,Rabat,synthetic_arabian_176,1,4.8082447425663135,1,6.0,Arabian,Synthetic
EquiVision_Synthetic,Magnifique Arabian 4 ans,Arabian,Mare,4 years,118196,Agadir,synthetic_arabian_177,1,5.07260277935977,1,4.0,Arabian,Synthetic
EquiVision_Synthetic,Magnifique Arabian 4 ans,Arabian,Mare,4 years,131000,Casablanca,synthetic_arabian_178,1,5.117271295655764,1,4.0,Arabian,Synthetic
EquiVision_Synthetic,Magnifique Arabian 8 ans,Arabian,Stallion,8 years,72333,Meknes,synthetic_arabian_179,1,4.859336477767196,1,8.0,Arabian,Synthetic
EquiVision_Synthetic,Magnifique Arabian 5 ans,Arabian,Mare,5 years,46853,El Jadida,synthetic_arabian_180,1,4.670737404012121,1,5.0,Arabian,Synthetic
EquiVision_Synthetic,Magnifique Arabian 3 ans,Arabian,Stallion,3 years,48424,Marrakech,synthetic_arabian_181,1,4.685060660904496,1,3.0,Arabian,Synthetic
EquiVision_Synthetic,Magnifique Arabian 6 ans,Arabian,Mare,6 years,79948,Tangier,synthetic_arabian_182,1,4.902807603794222,1,6.0,Arabian,Synthetic
EquiVision_Synthetic,Magnifique Arabian 3 ans,Arabian,Stallion,3 years,141758,Rabat,synthetic_arabian_183,1,5.151547577320268,1,3.0,Arabian,Synthetic
EquiVision_Synthetic,Magnifique Arabian 5 ans,Arabian,Mare,5 years,117752,Meknes,synthetic_arabian_184,1,5.070968292289998,1,5.0,Arabian,Synthetic
EquiVision_Synthetic,Magnifique Arabian 9 ans,Arabian,Stallion,9 years,59304,Agadir,synthetic_arabian_185,1,4.773083987113686,1,9.0,Arabian,Synthetic
EquiVision_Synthetic,Magnifique Arabian 3 ans,Arabian,Mare,3 years,87166,Casablanca,synthetic_arabian_186,1,4.940347116907013,1,3.0,Arabian,Synthetic
EquiVision_Synthetic,Magnifique Arabian 6 ans,Arabian,Gelding,6 years,35110,Casablanca,synthetic_arabian_187,1,4.545430829465351,1,6.0,Arabian,Synthetic
EquiVision_Synthetic,Magnifique Arabian 7 ans,Arabian,Mare,7 years,48897,Beni Mellal,synthetic_arabian_188,1,4.689282214473046,1,7.0,Arabian,Synthetic
EquiVision_Synthetic,Magnifique Arabian 10 ans,Arabian,Mare,10 years,108525,Meknes,synthetic_arabian_189,1,5.035529794510738,1,10.0,Arabian,Synthetic
EquiVision_Synthetic,Magnifique Arabian 10 ans,Arabian,Gelding,10 years,79695,Tangier,synthetic_arabian_190,1,4.901431074965418,1,10.0,Arabian,Synthetic
EquiVision_Synthetic,Magnifique Arabian 6 ans,Arabian,Mare,6 years,65870,Fes,synthetic_arabian_191,1,4.818687663441514,1,6.0,Arabian,Synthetic
EquiVision_Synthetic,Magnifique Arabian 10 ans,Arabian,Mare,10 years,116354,Beni Mellal,synthetic_arabian_192,1,5.065781317988602,1,10.0,Arabian,Synthetic
EquiVision_Synthetic,Magnifique Arabian 5 ans,Arabian,Mare,5 years,56671,Marrakech,synthetic_arabian_193,1,4.7533608761433515,1,5.0,Arabian,Synthetic
EquiVision_Synthetic,Magnifique Arabian 5 ans,Arabian,Gelding,5 years,70947,Agadir,synthetic_arabian_194,1,4.850934036002209,1,5.0,Arabian,Synthetic
EquiVision_Synthetic,Magnifique Arabian 6 ans,Arabian,Stallion,6 years,41006,Meknes,synthetic_arabian_195,1,4.612847407359837,1,6.0,Arabian,Synthetic
EquiVision_Synthetic,Magnifique Arabian 8 ans,Arabian,Gelding,8 years,118985,Meknes,synthetic_arabian_196,1,5.075492214940131,1,8.0,Arabian,Synthetic
EquiVision_Synthetic,Magnifique Arabian 10 ans,Arabian,Stallion,10 years,90212,Agadir,synthetic_arabian_197,1,4.955264311235383,1,10.0,Arabian,Synthetic
EquiVision_Synthetic,Magnifique Arabian 9 ans,Arabian,Mare,9 years,131137,Casablanca,synthetic_arabian_198,1,5.117725244159317,1,9.0,Arabian,Synthetic
EquiVision_Synthetic,Magnifique Arabian 6 ans,Arabian,Gelding,6 years,55860,Agadir,synthetic_arabian_199,1,4.747100931364987,1,6.0,Arabian,Synthetic
EquiVision_Synthetic,Magnifique Arabian 5 ans,Arabian,Mare,5 years,99112,Meknes,synthetic_arabian_200,1,4.996126239937107,1,5.0,Arabian,Synthetic
EquiVision_Synthetic,Magnifique Arabian 7 ans,Arabian,Gelding,7 years,60467,Fes,synthetic_arabian_201,1,4.7815184221239555,1,7.0,Arabian,Synthetic
EquiVision_Synthetic,Magnifique Arabian 3 ans,Arabian,Mare,3 years,65632,Rabat,synthetic_arabian_202,1,4.817115638688272,1,3.0,Arabian,Synthetic
EquiVision_Synthetic,Magnifique Arabian 7 ans,Arabian,Mare,7 years,123470,Settat,synthetic_arabian_203,1,5.091561448144972,1,7.0,Arabian,Synthetic
EquiVision_Synthetic,Magnifique Arabian 6 ans,Arabian,Gelding,6 years,76691,Meknes,synthetic_arabian_204,1,4.884744400719827,1,6.0,Arabian,Synthetic
EquiVision_Synthetic,Magnifique Arabian 4 ans,Arabian,Gelding,4 years,87770,Rabat,synthetic_arabian_205,1,4.9433460983565904,1,4.0,Arabian,Synthetic
EquiVision_Synthetic,Magnifique Arabian 5 ans,Arabian,Gelding,5 years,104801,Rabat,synthetic_arabian_206,1,5.020365426659253,1,5.0,Arabian,Synthetic
EquiVision_Synthetic,Magnifique Arabian 7 ans,Arabian,Mare,7 years,162328,Tangier,synthetic_arabian_207,1,5.210393437858709,1,7.0,Arabian,Synthetic
EquiVision_Synthetic,Magnifique Arabian 5 ans,Arabian,Stallion,5 years,55939,Fes,synthetic_arabian_208,1,4.747714698389392,1,5.0,Arabian,Synthetic
EquiVision_Synthetic,Magnifique Arabian 10 ans,Arabian,Mare,10 years,107354,Settat,synthetic_arabian_209,1,5.0308182308455205,1,10.0,Arabian,Synthetic
EquiVision_Synthetic,Magnifique Arabian 3 ans,Arabian,Mare,3 years,92669,Beni Mellal,synthetic_arabian_210,1,4.966934476533305,1,3.0,Arabian,Synthetic
EquiVision_Synthetic,Magnifique Arabian 5 ans,Arabian,Stallion,5 years,127659,Settat,synthetic_arabian_211,1,5.10605143811836,1,5.0,Arabian,Synthetic
EquiVision_Synthetic,Magnifique Arabian 6 ans,Arabian,Mare,6 years,33400,Rabat,synthetic_arabian_212,1,4.523746466811565,1,6.0,Arabian,Synthetic
EquiVision_Synthetic,Magnifique Arabian 3 ans,Arabian,Mare,3 years,66710,Beni Mellal,synthetic_arabian_213,1,4.824190940652583,1,3.0,Arabian,Synthetic
EquiVision_Synthetic,Magnifique Arabian 9 ans,Arabian,Mare,9 years,146669,Fes,synthetic_arabian_214,1,5.16633833094196,1,9.0,Arabian,Synthetic
EquiVision_Synthetic,Magnifique Arabian 5 ans,Arabian,Mare,5 years,52643,El Jadida,synthetic_arabian_215,1,4.721340630725977,1,5.0,Arabian,Synthetic
EquiVision_Synthetic,Magnifique Arabian 10 ans,Arabian,Stallion,10 years,44682,Casablanca,synthetic_arabian_216,1,4.650132604227013,1,10.0,Arabian,Synthetic
EquiVision_Synthetic,Magnifique Arabian 7 ans,Arabian,Stallion,7 years,89802,Tangier,synthetic_arabian_217,1,4.953286009042488,1,7.0,Arabian,Synthetic
EquiVision_Synthetic,Magnifique Arabian 3 ans,Arabian,Stallion,3 years,83570,El Jadida,synthetic_arabian_218,1,4.922050402167174,1,3.0,Arabian,Synthetic
EquiVision_Synthetic,Magnifique Arabian 9 ans,Arabian,Mare,9 years,68460,Settat,synthetic_arabian_219,1,4.835436894801858,1,9.0,Arabian,Synthetic
EquiVision_Synthetic,Magnifique Arabian 9 ans,Arabian,Stallion,9 years,41323,Agadir,synthetic_arabian_220,1,4.6161918432481315,1,9.0,Arabian,Synthetic
EquiVision_Synthetic,Magnifique Arabian 6 ans,Arabian,Stallion,6 years,73197,Agadir,synthetic_arabian_221,1,4.864493281739473,1,6.0,Arabian,Synthetic
EquiVision_Synthetic,Magnifique Arabian 4 ans,Arabian,Mare,4 years,94886,Beni Mellal,synthetic_arabian_222,1,4.977202138968158,1,4.0,Arabian,Synthetic
EquiVision_Synthetic,Magnifique Arabian 5 ans,Arabian,Mare,5 years,85031,Settat,synthetic_arabian_223,1,4.9295772865907,1,5.0,Arabian,Synthetic
EquiVision_Synthetic,Magnifique Arabian 4 ans,Arabian,Gelding,4 years,139801,Agadir,synthetic_arabian_224,1,5.14551027793991,1,4.0,Arabian,Synthetic
EquiVision_Synthetic,Magnifique Arabian 9 ans,Arabian,Stallion,9 years,85858,Beni Mellal,synthetic_arabian_225,1,4.9337807676854615,1,9.0,Arabian,Synthetic
EquiVision_Synthetic,Magnifique Arabian 5 ans,Arabian,Mare,5 years,270203,Agadir,synthetic_arabian_226,1,5.431690166581692,1,5.0,Arabian,Synthetic
EquiVision_Synthetic,Magnifique Arabian 4 ans,Arabian,Mare,4 years,82410,Beni Mellal,synthetic_arabian_227,1,4.915979914140224,1,4.0,Arabian,Synthetic
EquiVision_Synthetic,Magnifique Arabian 9 ans,Arabian,Gelding,9 years,81579,Casablanca,synthetic_arabian_228,1,4.91157837740736,1,9.0,Arabian,Synthetic
EquiVision_Synthetic,Magnifique Arabian 8 ans,Arabian,Gelding,8 years,82964,El Jadida,synthetic_arabian_229,1,4.91888968282227,1,8.0,Arabian,Synthetic
EquiVision_Synthetic,Magnifique Arabian 5 ans,Arabian,Mare,5 years,98752,Settat,synthetic_arabian_230,1,4.994545900047036,1,5.0,Arabian,Synthetic
EquiVision_Synthetic,Magnifique Arabian 6 ans,Arabian,Stallion,6 years,83436,Meknes,synthetic_arabian_231,1,4.92135347543324,1,6.0,Arabian,Synthetic
EquiVision_Synthetic,Magnifique Arabian 6 ans,Arabian,Stallion,6 years,69121,Settat,synthetic_arabian_232,1,4.839610012621016,1,6.0,Arabian,Synthetic
EquiVision_Synthetic,Magnifique Arabian 5 ans,Arabian,Stallion,5 years,132975,Casablanca,synthetic_arabian_233,1,5.123769998992618,1,5.0,Arabian,Synthetic
EquiVision_Synthetic,Magnifique Arabian 6 ans,Arabian,Stallion,6 years,90367,El Jadida,synthetic_arabian_234,1,4.956009864829399,1,6.0,Arabian,Synthetic
EquiVision_Synthetic,Magnifique Arabian 8 ans,Arabian,Stallion,8 years,135584,Casablanca,synthetic_arabian_235,1,5.132208442320896,1,8.0,Arabian,Synthetic
EquiVision_Synthetic,Magnifique Arabian 9 ans,Arabian,Mare,9 years,87569,Settat,synthetic_arabian_236,1,4.942350390281371,1,9.0,Arabian,Synthetic
EquiVision_Synthetic,Magnifique Arabian 7 ans,Arabian,Gelding,7 years,66640,Settat,synthetic_arabian_237,1,4.823734988398731,1,7.0,Arabian,Synthetic
EquiVision_Synthetic,Magnifique Arabian 8 ans,Arabian,Mare,8 years,58372,Beni Mellal,synthetic_arabian_238,1,4.76620457379814,1,8.0,Arabian,Synthetic
EquiVision_Synthetic,Magnifique Arabian 3 ans,Arabian,Mare,3 years,91832,El Jadida,synthetic_arabian_239,1,4.962994042876349,1,3.0,Arabian,Synthetic
EquiVision_Synthetic,Magnifique Arabian 5 ans,Arabian,Gelding,5 years,83544,El Jadida,synthetic_arabian_240,1,4.921915264995895,1,5.0,Arabian,Synthetic
EquiVision_Synthetic,Magnifique Arabian 8 ans,Arabian,Stallion,8 years,83975,Marrakech,synthetic_arabian_241,1,4.924150012513702,1,8.0,Arabian,Synthetic
EquiVision_Synthetic,Magnifique Arabian 5 ans,Arabian,Stallion,5 years,124047,Rabat,synthetic_arabian_242,1,5.0935862655917,1,5.0,Arabian,Synthetic
EquiVision_Synthetic,Magnifique Arabian 6 ans,Arabian,Stallion,6 years,108618,Rabat,synthetic_arabian_243,1,5.035901801798898,1,6.0,Arabian,Synthetic
EquiVision_Synthetic,Magnifique Arabian 7 ans,Arabian,Stallion,7 years,52042,Casablanca,synthetic_arabian_244,1,4.716353978363673,1,7.0,Arabian,Synthetic
EquiVision_Synthetic,Magnifique Arabian 8 ans,Arabian,Stallion,8 years,86332,Marrakech,synthetic_arabian_245,1,4.93617180205911,1,8.0,Arabian,Synthetic
EquiVision_Synthetic,Magnifique Arabian 5 ans,Arabian,Stallion,5 years,121480,Tangier,synthetic_arabian_246,1,5.084504783246228,1,5.0,Arabian,Synthetic
EquiVision_Synthetic,Magnifique Arabian 3 ans,Arabian,Stallion,3 years,84793,Marrakech,synthetic_arabian_247,1,4.928360000996638,1,3.0,Arabian,Synthetic
EquiVision_Synthetic,Magnifique Arabian 5 ans,Arabian,Mare,5 years,74037,Settat,synthetic_arabian_248,1,4.869448812703206,1,5.0,Arabian,Synthetic
EquiVision_Synthetic,Magnifique Arabian 10 ans,Arabian,Gelding,10 years,132242,Fes,synthetic_arabian_249,1,5.121369408790823,1,10.0,Arabian,Synthetic
EquiVision_Synthetic,Magnifique Barb 10 ans,Barb,Stallion,10 years,50297,Agadir,synthetic_barb_0,1,4.701542082028082,1,10.0,Barb,Synthetic
EquiVision_Synthetic,Magnifique Barb 4 ans,Barb,Stallion,4 years,31897,Tangier,synthetic_barb_1,1,4.5037498383953105,1,4.0,Barb,Synthetic
EquiVision_Synthetic,Magnifique Barb 10 ans,Barb,Gelding,10 years,58094,Settat,synthetic_barb_2,1,4.7641312803860325,1,10.0,Barb,Synthetic
EquiVision_Synthetic,Magnifique Barb 10 ans,Barb,Gelding,10 years,60167,Settat,synthetic_barb_3,1,4.779358357578961,1,10.0,Barb,Synthetic
EquiVision_Synthetic,Magnifique Barb 10 ans,Barb,Mare,10 years,66867,Beni Mellal,synthetic_barb_4,1,4.825211838936818,1,10.0,Barb,Synthetic
EquiVision_Synthetic,Magnifique Barb 3 ans,Barb,Gelding,3 years,93937,El Jadida,synthetic_barb_5,1,4.972836686310822,1,3.0,Barb,Synthetic
EquiVision_Synthetic,Magnifique Barb 8 ans,Barb,Mare,8 years,75210,El Jadida,synthetic_barb_6,1,4.876275588677879,1,8.0,Barb,Synthetic
EquiVision_Synthetic,Magnifique Barb 9 ans,Barb,Gelding,9 years,61883,Meknes,synthetic_barb_7,1,4.791571359517702,1,9.0,Barb,Synthetic
EquiVision_Synthetic,Magnifique Barb 8 ans,Barb,Mare,8 years,34483,Fes,synthetic_barb_8,1,4.537605042151777,1,8.0,Barb,Synthetic
EquiVision_Synthetic,Magnifique Barb 5 ans,Barb,Gelding,5 years,25417,Marrakech,synthetic_barb_9,1,4.40512428892715,1,5.0,Barb,Synthetic
EquiVision_Synthetic,Magnifique Barb 9 ans,Barb,Mare,9 years,22259,Beni Mellal,synthetic_barb_10,1,4.347505649475902,1,9.0,Barb,Synthetic
EquiVision_Synthetic,Magnifique Barb 9 ans,Barb,Gelding,9 years,80536,Casablanca,synthetic_barb_11,1,4.905990055603331,1,9.0,Barb,Synthetic
EquiVision_Synthetic,Magnifique Barb 6 ans,Barb,Stallion,6 years,62430,Marrakech,synthetic_barb_12,1,4.79539333493129,1,6.0,Barb,Synthetic
EquiVision_Synthetic,Magnifique Barb 6 ans,Barb,Gelding,6 years,62947,Meknes,synthetic_barb_13,1,4.798975036834789,1,6.0,Barb,Synthetic
EquiVision_Synthetic,Magnifique Barb 8 ans,Barb,Mare,8 years,59410,El Jadida,synthetic_barb_14,1,4.773859552376687,1,8.0,Barb,Synthetic
EquiVision_Synthetic,Magnifique Barb 6 ans,Barb,Stallion,6 years,64205,Rabat,synthetic_barb_15,1,4.807568850309585,1,6.0,Barb,Synthetic
EquiVision_Synthetic,Magnifique Barb 5 ans,Barb,Mare,5 years,92510,Agadir,synthetic_barb_16,1,4.9661886809561375,1,5.0,Barb,Synthetic
EquiVision_Synthetic,Magnifique Barb 7 ans,Barb,Stallion,7 years,65222,Tangier,synthetic_barb_17,1,4.814394112097142,1,7.0,Barb,Synthetic
EquiVision_Synthetic,Magnifique Barb 4 ans,Barb,Mare,4 years,51436,Rabat,synthetic_barb_18,1,4.711267187648027,1,4.0,Barb,Synthetic
EquiVision_Synthetic,Magnifique Barb 3 ans,Barb,Gelding,3 years,47373,Casablanca,synthetic_barb_19,1,4.675530888257423,1,3.0,Barb,Synthetic
EquiVision_Synthetic,Magnifique Barb 5 ans,Barb,Gelding,5 years,56948,Meknes,synthetic_barb_20,1,4.755478476365673,1,5.0,Barb,Synthetic
EquiVision_Synthetic,Magnifique Barb 10 ans,Barb,Stallion,10 years,61342,Tangier,synthetic_barb_21,1,4.787757931653051,1,10.0,Barb,Synthetic
EquiVision_Synthetic,Magnifique Barb 3 ans,Barb,Gelding,3 years,52524,Marrakech,synthetic_barb_22,1,4.720357792660739,1,3.0,Barb,Synthetic
EquiVision_Synthetic,Magnifique Barb 3 ans,Barb,Mare,3 years,79724,Settat,synthetic_barb_23,1,4.901589080474349,1,3.0,Barb,Synthetic
EquiVision_Synthetic,Magnifique Barb 8 ans,Barb,Mare,8 years,84959,Marrakech,synthetic_barb_24,1,4.929209391954934,1,8.0,Barb,Synthetic
EquiVision_Synthetic,Magnifique Barb 3 ans,Barb,Mare,3 years,37329,Beni Mellal,synthetic_barb_25,1,4.572046355843825,1,3.0,Barb,Synthetic
EquiVision_Synthetic,Magnifique Barb 5 ans,Barb,Stallion,5 years,38282,Rabat,synthetic_barb_26,1,4.58299461892388,1,5.0,Barb,Synthetic
EquiVision_Synthetic,Magnifique Barb 6 ans,Barb,Stallion,6 years,50970,Marrakech,synthetic_barb_27,1,4.707314633588708,1,6.0,Barb,Synthetic
EquiVision_Synthetic,Magnifique Barb 7 ans,Barb,Mare,7 years,34247,Rabat,synthetic_barb_28,1,4.534622533769769,1,7.0,Barb,Synthetic
EquiVision_Synthetic,Magnifique Barb 9 ans,Barb,Gelding,9 years,20637,Beni Mellal,synthetic_barb_29,1,4.314646564169264,1,9.0,Barb,Synthetic
EquiVision_Synthetic,Magnifique Barb 7 ans,Barb,Gelding,7 years,65885,Agadir,synthetic_barb_30,1,4.818786550273234,1,7.0,Barb,Synthetic
EquiVision_Synthetic,Magnifique Barb 10 ans,Barb,Mare,10 years,82307,Beni Mellal,synthetic_barb_31,1,4.9154367724187695,1,10.0,Barb,Synthetic
EquiVision_Synthetic,Magnifique Barb 6 ans,Barb,Mare,6 years,100695,Beni Mellal,synthetic_barb_32,1,5.003007906240602,1,6.0,Barb,Synthetic
EquiVision_Synthetic,Magnifique Barb 7 ans,Barb,Gelding,7 years,71467,Settat,synthetic_barb_33,1,4.854105551923594,1,7.0,Barb,Synthetic
EquiVision_Synthetic,Magnifique Barb 10 ans,Barb,Mare,10 years,30662,Casablanca,synthetic_barb_34,1,4.486600479306201,1,10.0,Barb,Synthetic
EquiVision_Synthetic,Magnifique Barb 5 ans,Barb,Mare,5 years,58053,Beni Mellal,synthetic_barb_35,1,4.763824667653932,1,5.0,Barb,Synthetic
EquiVision_Synthetic,Magnifique Barb 6 ans,Barb,Gelding,6 years,59030,El Jadida,synthetic_barb_36,1,4.771072783221195,1,6.0,Barb,Synthetic
EquiVision_Synthetic,Magnifique Barb 3 ans,Barb,Stallion,3 years,73794,Casablanca,synthetic_barb_37,1,4.868021051893195,1,3.0,Barb,Synthetic
EquiVision_Synthetic,Magnifique Barb 3 ans,Barb,Stallion,3 years,74253,El Jadida,synthetic_barb_38,1,4.870714004886564,1,3.0,Barb,Synthetic
EquiVision_Synthetic,Magnifique Barb 10 ans,Barb,Stallion,10 years,67573,Agadir,synthetic_barb_39,1,4.8297732004777885,1,10.0,Barb,Synthetic
EquiVision_Synthetic,Magnifique Barb 4 ans,Barb,Stallion,4 years,76769,Marrakech,synthetic_barb_40,1,4.885185883484137,1,4.0,Barb,Synthetic
EquiVision_Synthetic,Magnifique Barb 8 ans,Barb,Mare,8 years,39276,Rabat,synthetic_barb_41,1,4.594127251355629,1,8.0,Barb,Synthetic
EquiVision_Synthetic,Magnifique Barb 6 ans,Barb,Mare,6 years,59312,El Jadida,synthetic_barb_42,1,4.773142568685488,1,6.0,Barb,Synthetic
EquiVision_Synthetic,Magnifique Barb 9 ans,Barb,Gelding,9 years,35444,Beni Mellal,synthetic_barb_43,1,4.549542727884881,1,9.0,Barb,Synthetic
EquiVision_Synthetic,Magnifique Barb 9 ans,Barb,Mare,9 years,38637,Tangier,synthetic_barb_44,1,4.587003397918764,1,9.0,Barb,Synthetic
EquiVision_Synthetic,Magnifique Barb 6 ans,Barb,Mare,6 years,52708,Fes,synthetic_barb_45,1,4.721876537265178,1,6.0,Barb,Synthetic
EquiVision_Synthetic,Magnifique Barb 9 ans,Barb,Mare,9 years,55018,Fes,synthetic_barb_46,1,4.740504798980765,1,9.0,Barb,Synthetic
EquiVision_Synthetic,Magnifique Barb 10 ans,Barb,Gelding,10 years,43939,Marrakech,synthetic_barb_47,1,4.6428501686649675,1,10.0,Barb,Synthetic
EquiVision_Synthetic,Magnifique Barb 4 ans,Barb,Stallion,4 years,28845,Marrakech,synthetic_barb_48,1,4.460070543294161,1,4.0,Barb,Synthetic
EquiVision_Synthetic,Magnifique Barb 6 ans,Barb,Stallion,6 years,94491,Casablanca,synthetic_barb_49,1,4.975390445160319,1,6.0,Barb,Synthetic
EquiVision_Synthetic,Magnifique Barb 8 ans,Barb,Mare,8 years,59202,Marrakech,synthetic_barb_50,1,4.772336378585961,1,8.0,Barb,Synthetic
EquiVision_Synthetic,Magnifique Barb 3 ans,Barb,Mare,3 years,36126,Casablanca,synthetic_barb_51,1,4.557819877590791,1,3.0,Barb,Synthetic
EquiVision_Synthetic,Magnifique Barb 4 ans,Barb,Stallion,4 years,41295,Casablanca,synthetic_barb_52,1,4.615897470449012,1,4.0,Barb,Synthetic
EquiVision_Synthetic,Magnifique Barb 6 ans,Barb,Stallion,6 years,33831,El Jadida,synthetic_barb_53,1,4.529314835153137,1,6.0,Barb,Synthetic
EquiVision_Synthetic,Magnifique Barb 6 ans,Barb,Stallion,6 years,73019,Fes,synthetic_barb_54,1,4.863435880962986,1,6.0,Barb,Synthetic
EquiVision_Synthetic,Magnifique Barb 5 ans,Barb,Gelding,5 years,40977,Rabat,synthetic_barb_55,1,4.612540159747515,1,5.0,Barb,Synthetic
EquiVision_Synthetic,Magnifique Barb 3 ans,Barb,Mare,3 years,33125,Fes,synthetic_barb_56,1,4.520155886944864,1,3.0,Barb,Synthetic
EquiVision_Synthetic,Magnifique Barb 3 ans,Barb,Stallion,3 years,46827,Casablanca,synthetic_barb_57,1,4.670496335335361,1,3.0,Barb,Synthetic
EquiVision_Synthetic,Magnifique Barb 3 ans,Barb,Mare,3 years,52480,Marrakech,synthetic_barb_58,1,4.719993826367604,1,3.0,Barb,Synthetic
EquiVision_Synthetic,Magnifique Barb 9 ans,Barb,Stallion,9 years,42773,Tangier,synthetic_barb_59,1,4.63116971174276,1,9.0,Barb,Synthetic
EquiVision_Synthetic,Magnifique Barb 3 ans,Barb,Gelding,3 years,80079,Beni Mellal,synthetic_barb_60,1,4.903518641179635,1,3.0,Barb,Synthetic
EquiVision_Synthetic,Magnifique Barb 3 ans,Barb,Gelding,3 years,65299,Agadir,synthetic_barb_61,1,4.814906530466386,1,3.0,Barb,Synthetic
EquiVision_Synthetic,Magnifique Barb 8 ans,Barb,Mare,8 years,52290,Fes,synthetic_barb_62,1,4.718418641829656,1,8.0,Barb,Synthetic
EquiVision_Synthetic,Magnifique Barb 9 ans,Barb,Mare,9 years,92862,El Jadida,synthetic_barb_63,1,4.967838032976615,1,9.0,Barb,Synthetic
EquiVision_Synthetic,Magnifique Barb 3 ans,Barb,Gelding,3 years,69956,Tangier,synthetic_barb_64,1,4.844824969080059,1,3.0,Barb,Synthetic
EquiVision_Synthetic,Magnifique Barb 7 ans,Barb,Stallion,7 years,61239,Meknes,synthetic_barb_65,1,4.787028090288343,1,7.0,Barb,Synthetic
EquiVision_Synthetic,Magnifique Barb 3 ans,Barb,Mare,3 years,70616,Meknes,synthetic_barb_66,1,4.848903113579282,1,3.0,Barb,Synthetic
EquiVision_Synthetic,Magnifique Barb 9 ans,Barb,Stallion,9 years,76347,Settat,synthetic_barb_67,1,4.882791976440989,1,9.0,Barb,Synthetic
EquiVision_Synthetic,Magnifique Barb 3 ans,Barb,Stallion,3 years,27296,El Jadida,synthetic_barb_68,1,4.436099009487429,1,3.0,Barb,Synthetic
EquiVision_Synthetic,Magnifique Barb 3 ans,Barb,Mare,3 years,42669,Tangier,synthetic_barb_69,1,4.630112464758281,1,3.0,Barb,Synthetic
EquiVision_Synthetic,Magnifique Barb 4 ans,Barb,Stallion,4 years,28013,El Jadida,synthetic_barb_70,1,4.447359621271918,1,4.0,Barb,Synthetic
EquiVision_Synthetic,Magnifique Barb 5 ans,Barb,Stallion,5 years,62048,Meknes,synthetic_barb_71,1,4.792727787398611,1,5.0,Barb,Synthetic
EquiVision_Synthetic,Magnifique Barb 9 ans,Barb,Gelding,9 years,79495,Marrakech,synthetic_barb_72,1,4.900339813679141,1,9.0,Barb,Synthetic
EquiVision_Synthetic,Magnifique Barb 8 ans,Barb,Stallion,8 years,47548,Beni Mellal,synthetic_barb_73,1,4.677132254034081,1,8.0,Barb,Synthetic
EquiVision_Synthetic,Magnifique Barb 7 ans,Barb,Gelding,7 years,18320,Tangier,synthetic_barb_74,1,4.262925469331831,1,7.0,Barb,Synthetic
EquiVision_Synthetic,Magnifique Barb 7 ans,Barb,Gelding,7 years,51240,Rabat,synthetic_barb_75,1,4.709609121072648,1,7.0,Barb,Synthetic
EquiVision_Synthetic,Magnifique Barb 5 ans,Barb,Gelding,5 years,138543,Rabat,synthetic_barb_76,1,5.141584587583622,1,5.0,Barb,Synthetic
EquiVision_Synthetic,Magnifique Barb 6 ans,Barb,Mare,6 years,33153,Fes,synthetic_barb_77,1,4.520522833630544,1,6.0,Barb,Synthetic
EquiVision_Synthetic,Magnifique Barb 5 ans,Barb,Stallion,5 years,97020,Beni Mellal,synthetic_barb_78,1,4.986861270290045,1,5.0,Barb,Synthetic
EquiVision_Synthetic,Magnifique Barb 4 ans,Barb,Mare,4 years,55270,Meknes,synthetic_barb_79,1,4.742489464581775,1,4.0,Barb,Synthetic
EquiVision_Synthetic,Magnifique Barb 9 ans,Barb,Mare,9 years,115154,Rabat,synthetic_barb_80,1,5.061279028255576,1,9.0,Barb,Synthetic
EquiVision_Synthetic,Magnifique Barb 9 ans,Barb,Mare,9 years,31096,Meknes,synthetic_barb_81,1,4.49270452762321,1,9.0,Barb,Synthetic
EquiVision_Synthetic,Magnifique Barb 5 ans,Barb,Mare,5 years,123634,Settat,synthetic_barb_82,1,5.092137920444003,1,5.0,Barb,Synthetic
EquiVision_Synthetic,Magnifique Barb 7 ans,Barb,Mare,7 years,22210,Agadir,synthetic_barb_83,1,4.3465485585484736,1,7.0,Barb,Synthetic
EquiVision_Synthetic,Magnifique Barb 5 ans,Barb,Gelding,5 years,120503,Marrakech,synthetic_barb_84,1,5.0809978590870495,1,5.0,Barb,Synthetic
EquiVision_Synthetic,Magnifique Barb 4 ans,Barb,Stallion,4 years,91599,Agadir,synthetic_barb_85,1,4.961890732435836,1,4.0,Barb,Synthetic
EquiVision_Synthetic,Magnifique Barb 4 ans,Barb,Mare,4 years,42254,Beni Mellal,synthetic_barb_86,1,4.625867827976824,1,4.0,Barb,Synthetic
EquiVision_Synthetic,Magnifique Barb 10 ans,Barb,Mare,10 years,65338,Agadir,synthetic_barb_87,1,4.815165836563394,1,10.0,Barb,Synthetic
EquiVision_Synthetic,Magnifique Barb 9 ans,Barb,Gelding,9 years,82178,Settat,synthetic_barb_88,1,4.914755567449905,1,9.0,Barb,Synthetic
EquiVision_Synthetic,Magnifique Barb 4 ans,Barb,Gelding,4 years,55847,El Jadida,synthetic_barb_89,1,4.74699984856283,1,4.0,Barb,Synthetic
EquiVision_Synthetic,Magnifique Barb 8 ans,Barb,Stallion,8 years,68806,Agadir,synthetic_barb_90,1,4.837626311102873,1,8.0,Barb,Synthetic
EquiVision_Synthetic,Magnifique Barb 7 ans,Barb,Stallion,7 years,35437,Meknes,synthetic_barb_91,1,4.549456948582016,1,7.0,Barb,Synthetic
EquiVision_Synthetic,Magnifique Barb 10 ans,Barb,Gelding,10 years,85410,Tangier,synthetic_barb_92,1,4.931508721866617,1,10.0,Barb,Synthetic
EquiVision_Synthetic,Magnifique Barb 7 ans,Barb,Gelding,7 years,94266,El Jadida,synthetic_barb_93,1,4.974355079004792,1,7.0,Barb,Synthetic
EquiVision_Synthetic,Magnifique Barb 4 ans,Barb,Gelding,4 years,60777,Tangier,synthetic_barb_94,1,4.783739259159507,1,4.0,Barb,Synthetic
EquiVision_Synthetic,Magnifique Barb 7 ans,Barb,Mare,7 years,90137,Agadir,synthetic_barb_95,1,4.954903099495695,1,7.0,Barb,Synthetic
EquiVision_Synthetic,Magnifique Barb 6 ans,Barb,Stallion,6 years,58500,Tangier,synthetic_barb_96,1,4.76715586608218,1,6.0,Barb,Synthetic
EquiVision_Synthetic,Magnifique Barb 10 ans,Barb,Mare,10 years,57709,Rabat,synthetic_barb_97,1,4.76124354878025,1,10.0,Barb,Synthetic
EquiVision_Synthetic,Magnifique Barb 3 ans,Barb,Mare,3 years,47649,Settat,synthetic_barb_98,1,4.678053790618855,1,3.0,Barb,Synthetic
EquiVision_Synthetic,Magnifique Barb 4 ans,Barb,Gelding,4 years,46439,Rabat,synthetic_barb_99,1,4.666882859232818,1,4.0,Barb,Synthetic
EquiVision_Synthetic,Magnifique Barb 9 ans,Barb,Gelding,9 years,76245,Agadir,synthetic_barb_100,1,4.882211368758385,1,9.0,Barb,Synthetic
EquiVision_Synthetic,Magnifique Barb 7 ans,Barb,Stallion,7 years,44226,Marrakech,synthetic_barb_101,1,4.645677661583387,1,7.0,Barb,Synthetic
EquiVision_Synthetic,Magnifique Barb 10 ans,Barb,Gelding,10 years,51342,Casablanca,synthetic_barb_102,1,4.710472782372936,1,10.0,Barb,Synthetic
EquiVision_Synthetic,Magnifique Barb 6 ans,Barb,Gelding,6 years,25405,Settat,synthetic_barb_103,1,4.404919199246314,1,6.0,Barb,Synthetic
EquiVision_Synthetic,Magnifique Barb 3 ans,Barb,Gelding,3 years,53072,Rabat,synthetic_barb_104,1,4.724865454175407,1,3.0,Barb,Synthetic
EquiVision_Synthetic,Magnifique Barb 4 ans,Barb,Stallion,4 years,24303,Casablanca,synthetic_barb_105,1,4.385659886891622,1,4.0,Barb,Synthetic
EquiVision_Synthetic,Magnifique Barb 6 ans,Barb,Stallion,6 years,46642,Marrakech,synthetic_barb_106,1,4.6687771646141885,1,6.0,Barb,Synthetic
EquiVision_Synthetic,Magnifique Barb 10 ans,Barb,Gelding,10 years,70950,Meknes,synthetic_barb_107,1,4.850952399793493,1,10.0,Barb,Synthetic
EquiVision_Synthetic,Magnifique Barb 6 ans,Barb,Mare,6 years,116223,Marrakech,synthetic_barb_108,1,5.0652920814506315,1,6.0,Barb,Synthetic
EquiVision_Synthetic,Magnifique Barb 9 ans,Barb,Gelding,9 years,92202,Settat,synthetic_barb_109,1,4.964740341656051,1,9.0,Barb,Synthetic
EquiVision_Synthetic,Magnifique Barb 5 ans,Barb,Gelding,5 years,108819,Casablanca,synthetic_barb_110,1,5.036704730607954,1,5.0,Barb,Synthetic
EquiVision_Synthetic,Magnifique Barb 3 ans,Barb,Stallion,3 years,148687,Tangier,synthetic_barb_111,1,5.172272998951876,1,3.0,Barb,Synthetic
EquiVision_Synthetic,Magnifique Barb 3 ans,Barb,Gelding,3 years,23179,Fes,synthetic_barb_112,1,4.365094695482191,1,3.0,Barb,Synthetic
EquiVision_Synthetic,Magnifique Barb 7 ans,Barb,Gelding,7 years,46943,Fes,synthetic_barb_113,1,4.671570840733663,1,7.0,Barb,Synthetic
EquiVision_Synthetic,Magnifique Barb 3 ans,Barb,Gelding,3 years,19380,Beni Mellal,synthetic_barb_114,1,4.287353772714747,1,3.0,Barb,Synthetic
EquiVision_Synthetic,Magnifique Barb 6 ans,Barb,Gelding,6 years,59341,Beni Mellal,synthetic_barb_115,1,4.773354860666744,1,6.0,Barb,Synthetic
EquiVision_Synthetic,Magnifique Barb 4 ans,Barb,Mare,4 years,66084,Rabat,synthetic_barb_116,1,4.820096322528907,1,4.0,Barb,Synthetic
EquiVision_Synthetic,Magnifique Barb 4 ans,Barb,Mare,4 years,35062,Casablanca,synthetic_barb_117,1,4.544836685408386,1,4.0,Barb,Synthetic
EquiVision_Synthetic,Magnifique Barb 8 ans,Barb,Mare,8 years,44177,Meknes,synthetic_barb_118,1,4.645196220189033,1,8.0,Barb,Synthetic
EquiVision_Synthetic,Magnifique Barb 5 ans,Barb,Gelding,5 years,22306,Settat,synthetic_barb_119,1,4.348421697864425,1,5.0,Barb,Synthetic
EquiVision_Synthetic,Magnifique Barb 7 ans,Barb,Mare,7 years,118504,Meknes,synthetic_barb_120,1,5.073733009828054,1,7.0,Barb,Synthetic
EquiVision_Synthetic,Magnifique Barb 9 ans,Barb,Gelding,9 years,67097,El Jadida,synthetic_barb_121,1,4.8267031026939975,1,9.0,Barb,Synthetic
EquiVision_Synthetic,Magnifique Barb 10 ans,Barb,Stallion,10 years,43011,Meknes,synthetic_barb_122,1,4.6335795399601185,1,10.0,Barb,Synthetic
EquiVision_Synthetic,Magnifique Barb 9 ans,Barb,Gelding,9 years,44621,Meknes,synthetic_barb_123,1,4.649539299018536,1,9.0,Barb,Synthetic
EquiVision_Synthetic,Magnifique Barb 10 ans,Barb,Mare,10 years,26411,Tangier,synthetic_barb_124,1,4.421784845215252,1,10.0,Barb,Synthetic
EquiVision_Synthetic,Magnifique Barb 3 ans,Barb,Gelding,3 years,60095,Marrakech,synthetic_barb_125,1,4.778838339511192,1,3.0,Barb,Synthetic
EquiVision_Synthetic,Magnifique Barb 10 ans,Barb,Mare,10 years,43660,Tangier,synthetic_barb_126,1,4.64008373137312,1,10.0,Barb,Synthetic
EquiVision_Synthetic,Magnifique Barb 4 ans,Barb,Stallion,4 years,29355,Meknes,synthetic_barb_127,1,4.467682084713682,1,4.0,Barb,Synthetic
EquiVision_Synthetic,Magnifique Barb 6 ans,Barb,Stallion,6 years,86422,Rabat,synthetic_barb_128,1,4.936624312645348,1,6.0,Barb,Synthetic
EquiVision_Synthetic,Magnifique Barb 10 ans,Barb,Stallion,10 years,34497,Marrakech,synthetic_barb_129,1,4.5377813286936775,1,10.0,Barb,Synthetic
EquiVision_Synthetic,Magnifique Barb 5 ans,Barb,Gelding,5 years,42411,Tangier,synthetic_barb_130,1,4.627478512718182,1,5.0,Barb,Synthetic
EquiVision_Synthetic,Magnifique Barb 9 ans,Barb,Gelding,9 years,107253,Meknes,synthetic_barb_131,1,5.030409448784257,1,9.0,Barb,Synthetic
EquiVision_Synthetic,Magnifique Barb 6 ans,Barb,Stallion,6 years,76670,Tangier,synthetic_barb_132,1,4.884625463256234,1,6.0,Barb,Synthetic
EquiVision_Synthetic,Magnifique Barb 6 ans,Barb,Stallion,6 years,49180,Rabat,synthetic_barb_133,1,4.691788524402698,1,6.0,Barb,Synthetic
EquiVision_Synthetic,Magnifique Barb 8 ans,Barb,Mare,8 years,64785,Beni Mellal,synthetic_barb_134,1,4.811474463103179,1,8.0,Barb,Synthetic
EquiVision_Synthetic,Magnifique Barb 3 ans,Barb,Mare,3 years,46615,Fes,synthetic_barb_135,1,4.668525688556862,1,3.0,Barb,Synthetic
EquiVision_Synthetic,Magnifique Barb 8 ans,Barb,Stallion,8 years,49536,Rabat,synthetic_barb_136,1,4.69492093466678,1,8.0,Barb,Synthetic
EquiVision_Synthetic,Magnifique Barb 8 ans,Barb,Gelding,8 years,43241,Fes,synthetic_barb_137,1,4.635895728978314,1,8.0,Barb,Synthetic
EquiVision_Synthetic,Magnifique Barb 8 ans,Barb,Mare,8 years,55555,Meknes,synthetic_barb_138,1,4.74472315193016,1,8.0,Barb,Synthetic
EquiVision_Synthetic,Magnifique Barb 9 ans,Barb,Gelding,9 years,114599,Casablanca,synthetic_barb_139,1,5.059180827959672,1,9.0,Barb,Synthetic
EquiVision_Synthetic,Magnifique Barb 10 ans,Barb,Stallion,10 years,72563,El Jadida,synthetic_barb_140,1,4.8607152296269085,1,10.0,Barb,Synthetic
EquiVision_Synthetic,Magnifique Barb 10 ans,Barb,Mare,10 years,24620,Marrakech,synthetic_barb_141,1,4.391288048595298,1,10.0,Barb,Synthetic
EquiVision_Synthetic,Magnifique Barb 9 ans,Barb,Mare,9 years,43719,Settat,synthetic_barb_142,1,4.640670219621472,1,9.0,Barb,Synthetic
EquiVision_Synthetic,Magnifique Barb 10 ans,Barb,Stallion,10 years,91553,Marrakech,synthetic_barb_143,1,4.961672579791173,1,10.0,Barb,Synthetic
EquiVision_Synthetic,Magnifique Barb 8 ans,Barb,Mare,8 years,68602,Marrakech,synthetic_barb_144,1,4.836336777168886,1,8.0,Barb,Synthetic
EquiVision_Synthetic,Magnifique Barb 6 ans,Barb,Stallion,6 years,22330,Agadir,synthetic_barb_145,1,4.348888723071438,1,6.0,Barb,Synthetic
EquiVision_Synthetic,Magnifique Barb 9 ans,Barb,Gelding,9 years,45314,Casablanca,synthetic_barb_146,1,4.656232400322034,1,9.0,Barb,Synthetic
EquiVision_Synthetic,Magnifique Barb 3 ans,Barb,Stallion,3 years,64136,Fes,synthetic_barb_147,1,4.807101870589332,1,3.0,Barb,Synthetic
EquiVision_Synthetic,Magnifique Barb 6 ans,Barb,Stallion,6 years,96630,Fes,synthetic_barb_148,1,4.9851119795393535,1,6.0,Barb,Synthetic
EquiVision_Synthetic,Magnifique Barb 7 ans,Barb,Mare,7 years,31911,Tangier,synthetic_barb_149,1,4.503940413960889,1,7.0,Barb,Synthetic
EquiVision_Synthetic,Magnifique Barb 6 ans,Barb,Mare,6 years,62779,Tangier,synthetic_barb_150,1,4.797814393588605,1,6.0,Barb,Synthetic
EquiVision_Synthetic,Magnifique Barb 10 ans,Barb,Stallion,10 years,69380,Rabat,synthetic_barb_151,1,4.841234295506041,1,10.0,Barb,Synthetic
EquiVision_Synthetic,Magnifique Barb 9 ans,Barb,Stallion,9 years,55339,Agadir,synthetic_barb_152,1,4.743031306984084,1,9.0,Barb,Synthetic
EquiVision_Synthetic,Magnifique Barb 7 ans,Barb,Stallion,7 years,138225,Marrakech,synthetic_barb_153,1,5.140586598610774,1,7.0,Barb,Synthetic
EquiVision_Synthetic,Magnifique Barb 10 ans,Barb,Mare,10 years,45966,Marrakech,synthetic_barb_154,1,4.662436712723319,1,10.0,Barb,Synthetic
EquiVision_Synthetic,Magnifique Barb 5 ans,Barb,Stallion,5 years,89929,El Jadida,synthetic_barb_155,1,4.953899764136282,1,5.0,Barb,Synthetic
EquiVision_Synthetic,Magnifique Barb 9 ans,Barb,Stallion,9 years,61724,Tangier,synthetic_barb_156,1,4.79045406258939,1,9.0,Barb,Synthetic
EquiVision_Synthetic,Magnifique Barb 3 ans,Barb,Gelding,3 years,35623,Fes,synthetic_barb_157,1,4.551730490887551,1,3.0,Barb,Synthetic
EquiVision_Synthetic,Magnifique Barb 4 ans,Barb,Gelding,4 years,35860,Beni Mellal,synthetic_barb_158,1,4.554610285226164,1,4.0,Barb,Synthetic
EquiVision_Synthetic,Magnifique Barb 9 ans,Barb,Stallion,9 years,49090,Tangier,synthetic_barb_159,1,4.690993032099869,1,9.0,Barb,Synthetic
EquiVision_Synthetic,Magnifique Barb 8 ans,Barb,Mare,8 years,38153,Rabat,synthetic_barb_160,1,4.581528692545709,1,8.0,Barb,Synthetic
EquiVision_Synthetic,Magnifique Barb 6 ans,Barb,Mare,6 years,50226,Marrakech,synthetic_barb_161,1,4.700928592312441,1,6.0,Barb,Synthetic
EquiVision_Synthetic,Magnifique Barb 6 ans,Barb,Gelding,6 years,52067,Marrakech,synthetic_barb_162,1,4.716562555187123,1,6.0,Barb,Synthetic
EquiVision_Synthetic,Magnifique Barb 5 ans,Barb,Stallion,5 years,48044,Meknes,synthetic_barb_163,1,4.681639158298093,1,5.0,Barb,Synthetic
EquiVision_Synthetic,Magnifique Barb 6 ans,Barb,Stallion,6 years,85754,Agadir,synthetic_barb_164,1,4.933254386877042,1,6.0,Barb,Synthetic
EquiVision_Synthetic,Magnifique Barb 6 ans,Barb,Mare,6 years,40344,Settat,synthetic_barb_165,1,4.605778955151077,1,6.0,Barb,Synthetic
EquiVision_Synthetic,Magnifique Barb 10 ans,Barb,Stallion,10 years,67012,Marrakech,synthetic_barb_166,1,4.82615257982223,1,10.0,Barb,Synthetic
EquiVision_Synthetic,Magnifique Barb 3 ans,Barb,Gelding,3 years,50786,Casablanca,synthetic_barb_167,1,4.70574400833288,1,3.0,Barb,Synthetic
EquiVision_Synthetic,Magnifique Barb 9 ans,Barb,Gelding,9 years,56243,Casablanca,synthetic_barb_168,1,4.750068477884762,1,9.0,Barb,Synthetic
EquiVision_Synthetic,Magnifique Barb 4 ans,Barb,Stallion,4 years,39782,Agadir,synthetic_barb_169,1,4.599686613055127,1,4.0,Barb,Synthetic
EquiVision_Synthetic,Magnifique Barb 5 ans,Barb,Stallion,5 years,67578,Meknes,synthetic_barb_170,1,4.82980533449693,1,5.0,Barb,Synthetic
EquiVision_Synthetic,Magnifique Barb 3 ans,Barb,Gelding,3 years,83739,Rabat,synthetic_barb_171,1,4.92292777029924,1,3.0,Barb,Synthetic
EquiVision_Synthetic,Magnifique Barb 9 ans,Barb,Gelding,9 years,98719,Marrakech,synthetic_barb_172,1,4.994400747411598,1,9.0,Barb,Synthetic
EquiVision_Synthetic,Magnifique Barb 3 ans,Barb,Stallion,3 years,63885,Beni Mellal,synthetic_barb_173,1,4.80539889912943,1,3.0,Barb,Synthetic
EquiVision_Synthetic,Magnifique Barb 7 ans,Barb,Gelding,7 years,47647,Casablanca,synthetic_barb_174,1,4.678035561334018,1,7.0,Barb,Synthetic
EquiVision_Synthetic,Magnifique Barb 9 ans,Barb,Mare,9 years,51182,Fes,synthetic_barb_175,1,4.7091172524771725,1,9.0,Barb,Synthetic
EquiVision_Synthetic,Magnifique Barb 8 ans,Barb,Gelding,8 years,51707,Settat,synthetic_barb_176,1,4.713549341074311,1,8.0,Barb,Synthetic
EquiVision_Synthetic,Magnifique Barb 10 ans,Barb,Stallion,10 years,68338,Settat,synthetic_barb_177,1,4.8346622644587365,1,10.0,Barb,Synthetic
EquiVision_Synthetic,Magnifique Barb 4 ans,Barb,Gelding,4 years,37155,Marrakech,synthetic_barb_178,1,4.5700172656415186,1,4.0,Barb,Synthetic
EquiVision_Synthetic,Magnifique Barb 9 ans,Barb,Gelding,9 years,59609,Casablanca,synthetic_barb_179,1,4.775311836170616,1,9.0,Barb,Synthetic
EquiVision_Synthetic,Magnifique Barb 8 ans,Barb,Mare,8 years,46135,Marrakech,synthetic_barb_180,1,4.664030524947218,1,8.0,Barb,Synthetic
EquiVision_Synthetic,Magnifique Barb 7 ans,Barb,Mare,7 years,51455,Settat,synthetic_barb_181,1,4.711427582536793,1,7.0,Barb,Synthetic
EquiVision_Synthetic,Magnifique Barb 5 ans,Barb,Mare,5 years,76123,Marrakech,synthetic_barb_182,1,4.8815158954553945,1,5.0,Barb,Synthetic
EquiVision_Synthetic,Magnifique Barb 7 ans,Barb,Mare,7 years,56092,Casablanca,synthetic_barb_183,1,4.74890092536303,1,7.0,Barb,Synthetic
EquiVision_Synthetic,Magnifique Barb 5 ans,Barb,Stallion,5 years,96778,El Jadida,synthetic_barb_184,1,4.9857766427990695,1,5.0,Barb,Synthetic
EquiVision_Synthetic,Magnifique Barb 6 ans,Barb,Mare,6 years,24228,Tangier,synthetic_barb_185,1,4.384317564991264,1,6.0,Barb,Synthetic
EquiVision_Synthetic,Magnifique Barb 4 ans,Barb,Mare,4 years,51906,Meknes,synthetic_barb_186,1,4.7152175624010715,1,4.0,Barb,Synthetic
EquiVision_Synthetic,Magnifique Barb 8 ans,Barb,Gelding,8 years,155287,Fes,synthetic_barb_187,1,5.191135099871629,1,8.0,Barb,Synthetic
EquiVision_Synthetic,Magnifique Barb 7 ans,Barb,Stallion,7 years,13172,Rabat,synthetic_barb_188,1,4.11965172203987,1,7.0,Barb,Synthetic
EquiVision_Synthetic,Magnifique Barb 9 ans,Barb,Stallion,9 years,68419,Tangier,synthetic_barb_189,1,4.835176722324114,1,9.0,Barb,Synthetic
EquiVision_Synthetic,Magnifique Barb 4 ans,Barb,Mare,4 years,51729,Settat,synthetic_barb_190,1,4.713734082919431,1,4.0,Barb,Synthetic
EquiVision_Synthetic,Magnifique Barb 6 ans,Barb,Mare,6 years,42168,El Jadida,synthetic_barb_191,1,4.624983003206901,1,6.0,Barb,Synthetic
EquiVision_Synthetic,Magnifique Barb 4 ans,Barb,Gelding,4 years,45101,Tangier,synthetic_barb_192,1,4.654186171360603,1,4.0,Barb,Synthetic
EquiVision_Synthetic,Magnifique Barb 6 ans,Barb,Stallion,6 years,76933,Fes,synthetic_barb_193,1,4.886112668068092,1,6.0,Barb,Synthetic
EquiVision_Synthetic,Magnifique Barb 3 ans,Barb,Mare,3 years,56975,Meknes,synthetic_barb_194,1,4.755684333852413,1,3.0,Barb,Synthetic
EquiVision_Synthetic,Magnifique Barb 7 ans,Barb,Stallion,7 years,41045,Meknes,synthetic_barb_195,1,4.613260260001968,1,7.0,Barb,Synthetic
EquiVision_Synthetic,Magnifique Barb 3 ans,Barb,Mare,3 years,76296,Casablanca,synthetic_barb_196,1,4.882501769626379,1,3.0,Barb,Synthetic
EquiVision_Synthetic,Magnifique Barb 4 ans,Barb,Gelding,4 years,88268,Marrakech,synthetic_barb_197,1,4.945803286338057,1,4.0,Barb,Synthetic
EquiVision_Synthetic,Magnifique Barb 5 ans,Barb,Stallion,5 years,40152,El Jadida,synthetic_barb_198,1,4.603707182674,1,5.0,Barb,Synthetic
EquiVision_Synthetic,Magnifique Barb 3 ans,Barb,Stallion,3 years,73002,Tangier,synthetic_barb_199,1,4.863334758436422,1,3.0,Barb,Synthetic
EquiVision_Synthetic,Magnifique Arabian-Barb Mix 8 ans,Arabian-Barb Mix,Stallion,8 years,69132,Rabat,synthetic_arabian-barb_mix_0,1,4.839679121274152,1,8.0,Arabian-Barb Mix,Synthetic
EquiVision_Synthetic,Magnifique Arabian-Barb Mix 3 ans,Arabian-Barb Mix,Mare,3 years,72600,Meknes,synthetic_arabian-barb_mix_1,1,4.860936620700094,1,3.0,Arabian-Barb Mix,Synthetic
EquiVision_Synthetic,Magnifique Arabian-Barb Mix 9 ans,Arabian-Barb Mix,Mare,9 years,47202,Tangier,synthetic_arabian-barb_mix_2,1,4.673960400552774,1,9.0,Arabian-Barb Mix,Synthetic
EquiVision_Synthetic,Magnifique Arabian-Barb Mix 6 ans,Arabian-Barb Mix,Gelding,6 years,45069,Agadir,synthetic_arabian-barb_mix_3,1,4.653877921964921,1,6.0,Arabian-Barb Mix,Synthetic
EquiVision_Synthetic,Magnifique Arabian-Barb Mix 8 ans,Arabian-Barb Mix,Gelding,8 years,76141,Agadir,synthetic_arabian-barb_mix_4,1,4.881618576334797,1,8.0,Arabian-Barb Mix,Synthetic
EquiVision_Synthetic,Magnifique Arabian-Barb Mix 4 ans,Arabian-Barb Mix,Gelding,4 years,111936,El Jadida,synthetic_arabian-barb_mix_5,1,5.048969783462564,1,4.0,Arabian-Barb Mix,Synthetic
EquiVision_Synthetic,Magnifique Arabian-Barb Mix 5 ans,Arabian-Barb Mix,Mare,5 years,55266,El Jadida,synthetic_arabian-barb_mix_6,1,4.74245803268758,1,5.0,Arabian-Barb Mix,Synthetic
EquiVision_Synthetic,Magnifique Arabian-Barb Mix 7 ans,Arabian-Barb Mix,Stallion,7 years,30062,Settat,synthetic_arabian-barb_mix_7,1,4.478017870464792,1,7.0,Arabian-Barb Mix,Synthetic
EquiVision_Synthetic,Magnifique Arabian-Barb Mix 5 ans,Arabian-Barb Mix,Mare,5 years,28609,Casablanca,synthetic_arabian-barb_mix_8,1,4.45650267772585,1,5.0,Arabian-Barb Mix,Synthetic
EquiVision_Synthetic,Magnifique Arabian-Barb Mix 4 ans,Arabian-Barb Mix,Gelding,4 years,88466,Beni Mellal,synthetic_arabian-barb_mix_9,1,4.946776391042226,1,4.0,Arabian-Barb Mix,Synthetic
EquiVision_Synthetic,Magnifique Arabian-Barb Mix 4 ans,Arabian-Barb Mix,Gelding,4 years,29536,Rabat,synthetic_arabian-barb_mix_10,1,4.470351679345818,1,4.0,Arabian-Barb Mix,Synthetic
EquiVision_Synthetic,Magnifique Arabian-Barb Mix 8 ans,Arabian-Barb Mix,Stallion,8 years,41436,Casablanca,synthetic_arabian-barb_mix_11,1,4.617377824397079,1,8.0,Arabian-Barb Mix,Synthetic
EquiVision_Synthetic,Magnifique Arabian-Barb Mix 5 ans,Arabian-Barb Mix,Gelding,5 years,32080,Rabat,synthetic_arabian-barb_mix_12,1,4.506234359612126,1,5.0,Arabian-Barb Mix,Synthetic
EquiVision_Synthetic,Magnifique Arabian-Barb Mix 9 ans,Arabian-Barb Mix,Mare,9 years,37381,Settat,synthetic_arabian-barb_mix_13,1,4.572650915252359,1,9.0,Arabian-Barb Mix,Synthetic
EquiVision_Synthetic,Magnifique Arabian-Barb Mix 6 ans,Arabian-Barb Mix,Stallion,6 years,21229,Fes,synthetic_arabian-barb_mix_14,1,4.326929537043505,1,6.0,Arabian-Barb Mix,Synthetic
EquiVision_Synthetic,Magnifique Arabian-Barb Mix 7 ans,Arabian-Barb Mix,Mare,7 years,46829,Marrakech,synthetic_arabian-barb_mix_15,1,4.670514883831217,1,7.0,Arabian-Barb Mix,Synthetic
EquiVision_Synthetic,Magnifique Arabian-Barb Mix 9 ans,Arabian-Barb Mix,Mare,9 years,23404,Casablanca,synthetic_arabian-barb_mix_16,1,4.369290089438681,1,9.0,Arabian-Barb Mix,Synthetic
EquiVision_Synthetic,Magnifique Arabian-Barb Mix 8 ans,Arabian-Barb Mix,Stallion,8 years,56900,Fes,synthetic_arabian-barb_mix_17,1,4.755112266395071,1,8.0,Arabian-Barb Mix,Synthetic
EquiVision_Synthetic,Magnifique Arabian-Barb Mix 7 ans,Arabian-Barb Mix,Stallion,7 years,87699,Agadir,synthetic_arabian-barb_mix_18,1,4.942994641291263,1,7.0,Arabian-Barb Mix,Synthetic
EquiVision_Synthetic,Magnifique Arabian-Barb Mix 4 ans,Arabian-Barb Mix,Mare,4 years,36819,Beni Mellal,synthetic_arabian-barb_mix_19,1,4.566071988937699,1,4.0,Arabian-Barb Mix,Synthetic
EquiVision_Synthetic,Magnifique Arabian-Barb Mix 6 ans,Arabian-Barb Mix,Gelding,6 years,28841,Casablanca,synthetic_arabian-barb_mix_20,1,4.460010314540897,1,6.0,Arabian-Barb Mix,Synthetic
EquiVision_Synthetic,Magnifique Arabian-Barb Mix 8 ans,Arabian-Barb Mix,Stallion,8 years,57457,El Jadida,synthetic_arabian-barb_mix_21,1,4.759342946447805,1,8.0,Arabian-Barb Mix,Synthetic
EquiVision_Synthetic,Magnifique Arabian-Barb Mix 5 ans,Arabian-Barb Mix,Stallion,5 years,50258,Agadir,synthetic_arabian-barb_mix_22,1,4.701205201999371,1,5.0,Arabian-Barb Mix,Synthetic
EquiVision_Synthetic,Magnifique Arabian-Barb Mix 4 ans,Arabian-Barb Mix,Mare,4 years,55190,Beni Mellal,synthetic_arabian-barb_mix_23,1,4.741860394065264,1,4.0,Arabian-Barb Mix,Synthetic
EquiVision_Synthetic,Magnifique Arabian-Barb Mix 6 ans,Arabian-Barb Mix,Mare,6 years,42652,Settat,synthetic_arabian-barb_mix_24,1,4.62993940053517,1,6.0,Arabian-Barb Mix,Synthetic
EquiVision_Synthetic,Magnifique Arabian-Barb Mix 9 ans,Arabian-Barb Mix,Mare,9 years,37265,Rabat,synthetic_arabian-barb_mix_25,1,4.571301125566269,1,9.0,Arabian-Barb Mix,Synthetic
EquiVision_Synthetic,Magnifique Arabian-Barb Mix 5 ans,Arabian-Barb Mix,Gelding,5 years,41431,Agadir,synthetic_arabian-barb_mix_26,1,4.617325415780569,1,5.0,Arabian-Barb Mix,Synthetic
EquiVision_Synthetic,Magnifique Arabian-Barb Mix 10 ans,Arabian-Barb Mix,Mare,10 years,38329,El Jadida,synthetic_arabian-barb_mix_27,1,4.583527488700029,1,10.0,Arabian-Barb Mix,Synthetic
EquiVision_Synthetic,Magnifique Arabian-Barb Mix 10 ans,Arabian-Barb Mix,Mare,10 years,51730,Meknes,synthetic_arabian-barb_mix_28,1,4.713742478409083,1,10.0,Arabian-Barb Mix,Synthetic
EquiVision_Synthetic,Magnifique Arabian-Barb Mix 10 ans,Arabian-Barb Mix,Gelding,10 years,26510,Tangier,synthetic_arabian-barb_mix_29,1,4.423409727733094,1,10.0,Arabian-Barb Mix,Synthetic
EquiVision_Synthetic,Magnifique Arabian-Barb Mix 6 ans,Arabian-Barb Mix,Gelding,6 years,17160,Casablanca,synthetic_arabian-barb_mix_30,1,4.2345172835126865,1,6.0,Arabian-Barb Mix,Synthetic
EquiVision_Synthetic,Magnifique Arabian-Barb Mix 8 ans,Arabian-Barb Mix,Stallion,8 years,37961,Marrakech,synthetic_arabian-barb_mix_31,1,4.579337644449712,1,8.0,Arabian-Barb Mix,Synthetic
EquiVision_Synthetic,Magnifique Arabian-Barb Mix 4 ans,Arabian-Barb Mix,Gelding,4 years,59952,Fes,synthetic_arabian-barb_mix_32,1,4.777803675749722,1,4.0,Arabian-Barb Mix,Synthetic
EquiVision_Synthetic,Magnifique Arabian-Barb Mix 8 ans,Arabian-Barb Mix,Mare,8 years,30715,Fes,synthetic_arabian-barb_mix_33,1,4.487350519655582,1,8.0,Arabian-Barb Mix,Synthetic
EquiVision_Synthetic,Magnifique Arabian-Barb Mix 8 ans,Arabian-Barb Mix,Stallion,8 years,28360,Marrakech,synthetic_arabian-barb_mix_34,1,4.452706226511029,1,8.0,Arabian-Barb Mix,Synthetic
EquiVision_Synthetic,Magnifique Arabian-Barb Mix 7 ans,Arabian-Barb Mix,Stallion,7 years,36398,Fes,synthetic_arabian-barb_mix_35,1,4.561077520659303,1,7.0,Arabian-Barb Mix,Synthetic
EquiVision_Synthetic,Magnifique Arabian-Barb Mix 8 ans,Arabian-Barb Mix,Gelding,8 years,28660,Rabat,synthetic_arabian-barb_mix_36,1,4.457276186061326,1,8.0,Arabian-Barb Mix,Synthetic
EquiVision_Synthetic,Magnifique Arabian-Barb Mix 10 ans,Arabian-Barb Mix,Gelding,10 years,23518,Marrakech,synthetic_arabian-barb_mix_37,1,4.3714003860309845,1,10.0,Arabian-Barb Mix,Synthetic
EquiVision_Synthetic,Magnifique Arabian-Barb Mix 3 ans,Arabian-Barb Mix,Mare,3 years,38732,El Jadida,synthetic_arabian-barb_mix_38,1,4.588069923181224,1,3.0,Arabian-Barb Mix,Synthetic
EquiVision_Synthetic,Magnifique Arabian-Barb Mix 4 ans,Arabian-Barb Mix,Mare,4 years,81942,El Jadida,synthetic_arabian-barb_mix_39,1,4.913506559792419,1,4.0,Arabian-Barb Mix,Synthetic
EquiVision_Synthetic,Magnifique Arabian-Barb Mix 7 ans,Arabian-Barb Mix,Gelding,7 years,61862,Marrakech,synthetic_arabian-barb_mix_40,1,4.791423956645545,1,7.0,Arabian-Barb Mix,Synthetic
EquiVision_Synthetic,Magnifique Arabian-Barb Mix 6 ans,Arabian-Barb Mix,Gelding,6 years,79758,Agadir,synthetic_arabian-barb_mix_41,1,4.901774255134918,1,6.0,Arabian-Barb Mix,Synthetic
EquiVision_Synthetic,Magnifique Arabian-Barb Mix 8 ans,Arabian-Barb Mix,Stallion,8 years,19050,Rabat,synthetic_arabian-barb_mix_42,1,4.279894980011638,1,8.0,Arabian-Barb Mix,Synthetic
EquiVision_Synthetic,Magnifique Arabian-Barb Mix 4 ans,Arabian-Barb Mix,Mare,4 years,77092,El Jadida,synthetic_arabian-barb_mix_43,1,4.887009312731636,1,4.0,Arabian-Barb Mix,Synthetic
EquiVision_Synthetic,Magnifique Arabian-Barb Mix 4 ans,Arabian-Barb Mix,Gelding,4 years,28981,Beni Mellal,synthetic_arabian-barb_mix_44,1,4.462113366883571,1,4.0,Arabian-Barb Mix,Synthetic
EquiVision_Synthetic,Magnifique Arabian-Barb Mix 6 ans,Arabian-Barb Mix,Gelding,6 years,33748,Tangier,synthetic_arabian-barb_mix_45,1,4.528248040435169,1,6.0,Arabian-Barb Mix,Synthetic
EquiVision_Synthetic,Magnifique Arabian-Barb Mix 4 ans,Arabian-Barb Mix,Stallion,4 years,28303,Fes,synthetic_arabian-barb_mix_46,1,4.451832471368571,1,4.0,Arabian-Barb Mix,Synthetic
EquiVision_Synthetic,Magnifique Arabian-Barb Mix 8 ans,Arabian-Barb Mix,Mare,8 years,33005,Beni Mellal,synthetic_arabian-barb_mix_47,1,4.518579737087604,1,8.0,Arabian-Barb Mix,Synthetic
EquiVision_Synthetic,Magnifique Arabian-Barb Mix 6 ans,Arabian-Barb Mix,Gelding,6 years,33428,Marrakech,synthetic_arabian-barb_mix_48,1,4.524110393495136,1,6.0,Arabian-Barb Mix,Synthetic
EquiVision_Synthetic,Magnifique Arabian-Barb Mix 3 ans,Arabian-Barb Mix,Stallion,3 years,51353,Settat,synthetic_arabian-barb_mix_49,1,4.710565819800644,1,3.0,Arabian-Barb Mix,Synthetic
EquiVision_Synthetic,Magnifique Arabian-Barb Mix 8 ans,Arabian-Barb Mix,Mare,8 years,19705,Rabat,synthetic_arabian-barb_mix_50,1,4.294576439201622,1,8.0,Arabian-Barb Mix,Synthetic
EquiVision_Synthetic,Magnifique Arabian-Barb Mix 5 ans,Arabian-Barb Mix,Mare,5 years,37268,Settat,synthetic_arabian-barb_mix_51,1,4.571336086816895,1,5.0,Arabian-Barb Mix,Synthetic
EquiVision_Synthetic,Magnifique Arabian-Barb Mix 3 ans,Arabian-Barb Mix,Stallion,3 years,26312,Casablanca,synthetic_arabian-barb_mix_52,1,4.420153860474598,1,3.0,Arabian-Barb Mix,Synthetic
EquiVision_Synthetic,Magnifique Arabian-Barb Mix 4 ans,Arabian-Barb Mix,Mare,4 years,70002,Settat,synthetic_arabian-barb_mix_53,1,4.845110448250765,1,4.0,Arabian-Barb Mix,Synthetic
EquiVision_Synthetic,Magnifique Arabian-Barb Mix 4 ans,Arabian-Barb Mix,Mare,4 years,63012,Agadir,synthetic_arabian-barb_mix_54,1,4.799423264334682,1,4.0,Arabian-Barb Mix,Synthetic
EquiVision_Synthetic,Magnifique Arabian-Barb Mix 4 ans,Arabian-Barb Mix,Mare,4 years,62908,El Jadida,synthetic_arabian-barb_mix_55,1,4.79870587811505,1,4.0,Arabian-Barb Mix,Synthetic
EquiVision_Synthetic,Magnifique Arabian-Barb Mix 4 ans,Arabian-Barb Mix,Gelding,4 years,62935,El Jadida,synthetic_arabian-barb_mix_56,1,4.798892236532941,1,4.0,Arabian-Barb Mix,Synthetic
EquiVision_Synthetic,Magnifique Arabian-Barb Mix 5 ans,Arabian-Barb Mix,Stallion,5 years,51830,Casablanca,synthetic_arabian-barb_mix_57,1,4.714581208839531,1,5.0,Arabian-Barb Mix,Synthetic
EquiVision_Synthetic,Magnifique Arabian-Barb Mix 3 ans,Arabian-Barb Mix,Stallion,3 years,39758,Fes,synthetic_arabian-barb_mix_58,1,4.599424529376927,1,3.0,Arabian-Barb Mix,Synthetic
EquiVision_Synthetic,Magnifique Arabian-Barb Mix 5 ans,Arabian-Barb Mix,Mare,5 years,51879,Agadir,synthetic_arabian-barb_mix_59,1,4.7149915961964,1,5.0,Arabian-Barb Mix,Synthetic
EquiVision_Synthetic,Magnifique Arabian-Barb Mix 6 ans,Arabian-Barb Mix,Mare,6 years,38731,Casablanca,synthetic_arabian-barb_mix_60,1,4.58805871022841,1,6.0,Arabian-Barb Mix,Synthetic
EquiVision_Synthetic,Magnifique Arabian-Barb Mix 4 ans,Arabian-Barb Mix,Mare,4 years,45568,Casablanca,synthetic_arabian-barb_mix_61,1,4.658659967620744,1,4.0,Arabian-Barb Mix,Synthetic
EquiVision_Synthetic,Magnifique Arabian-Barb Mix 8 ans,Arabian-Barb Mix,Stallion,8 years,38581,Meknes,synthetic_arabian-barb_mix_62,1,4.586373480146992,1,8.0,Arabian-Barb Mix,Synthetic
EquiVision_Synthetic,Magnifique Arabian-Barb Mix 7 ans,Arabian-Barb Mix,Gelding,7 years,12726,Agadir,synthetic_arabian-barb_mix_63,1,4.104691918900206,1,7.0,Arabian-Barb Mix,Synthetic
EquiVision_Synthetic,Magnifique Arabian-Barb Mix 7 ans,Arabian-Barb Mix,Gelding,7 years,39571,El Jadida,synthetic_arabian-barb_mix_64,1,4.597377025474375,1,7.0,Arabian-Barb Mix,Synthetic
EquiVision_Synthetic,Magnifique Arabian-Barb Mix 9 ans,Arabian-Barb Mix,Mare,9 years,37367,Marrakech,synthetic_arabian-barb_mix_65,1,4.572488232028253,1,9.0,Arabian-Barb Mix,Synthetic
EquiVision_Synthetic,Magnifique Arabian-Barb Mix 10 ans,Arabian-Barb Mix,Gelding,10 years,21603,Rabat,synthetic_arabian-barb_mix_66,1,4.334514065640564,1,10.0,Arabian-Barb Mix,Synthetic
EquiVision_Synthetic,Magnifique Arabian-Barb Mix 4 ans,Arabian-Barb Mix,Gelding,4 years,15907,Settat,synthetic_arabian-barb_mix_67,1,4.201588281073518,1,4.0,Arabian-Barb Mix,Synthetic
EquiVision_Synthetic,Magnifique Arabian-Barb Mix 8 ans,Arabian-Barb Mix,Gelding,8 years,44327,Fes,synthetic_arabian-barb_mix_68,1,4.646668339746582,1,8.0,Arabian-Barb Mix,Synthetic
EquiVision_Synthetic,Magnifique Arabian-Barb Mix 4 ans,Arabian-Barb Mix,Stallion,4 years,52396,Rabat,synthetic_arabian-barb_mix_69,1,4.719298133467782,1,4.0,Arabian-Barb Mix,Synthetic
EquiVision_Synthetic,Magnifique Arabian-Barb Mix 10 ans,Arabian-Barb Mix,Mare,10 years,44488,El Jadida,synthetic_arabian-barb_mix_70,1,4.6482428820688435,1,10.0,Arabian-Barb Mix,Synthetic
EquiVision_Synthetic,Magnifique Arabian-Barb Mix 9 ans,Arabian-Barb Mix,Gelding,9 years,38026,Rabat,synthetic_arabian-barb_mix_71,1,4.580080643863007,1,9.0,Arabian-Barb Mix,Synthetic
EquiVision_Synthetic,Magnifique Arabian-Barb Mix 6 ans,Arabian-Barb Mix,Mare,6 years,81371,Beni Mellal,synthetic_arabian-barb_mix_72,1,4.910469653242919,1,6.0,Arabian-Barb Mix,Synthetic
EquiVision_Synthetic,Magnifique Arabian-Barb Mix 8 ans,Arabian-Barb Mix,Stallion,8 years,18376,Casablanca,synthetic_arabian-barb_mix_73,1,4.26425098218697,1,8.0,Arabian-Barb Mix,Synthetic
EquiVision_Synthetic,Magnifique Arabian-Barb Mix 10 ans,Arabian-Barb Mix,Mare,10 years,27206,Casablanca,synthetic_arabian-barb_mix_74,1,4.434664693722909,1,10.0,Arabian-Barb Mix,Synthetic
EquiVision_Synthetic,Magnifique Arabian-Barb Mix 3 ans,Arabian-Barb Mix,Mare,3 years,106457,Agadir,synthetic_arabian-barb_mix_75,1,5.027174223420397,1,3.0,Arabian-Barb Mix,Synthetic
EquiVision_Synthetic,Magnifique Arabian-Barb Mix 4 ans,Arabian-Barb Mix,Gelding,4 years,13330,Fes,synthetic_arabian-barb_mix_76,1,4.124830149413859,1,4.0,Arabian-Barb Mix,Synthetic
EquiVision_Synthetic,Magnifique Arabian-Barb Mix 3 ans,Arabian-Barb Mix,Stallion,3 years,52898,Tangier,synthetic_arabian-barb_mix_77,1,4.72343925227368,1,3.0,Arabian-Barb Mix,Synthetic
EquiVision_Synthetic,Magnifique Arabian-Barb Mix 3 ans,Arabian-Barb Mix,Stallion,3 years,19394,Marrakech,synthetic_arabian-barb_mix_78,1,4.287667391274135,1,3.0,Arabian-Barb Mix,Synthetic
EquiVision_Synthetic,Magnifique Arabian-Barb Mix 3 ans,Arabian-Barb Mix,Stallion,3 years,51874,Casablanca,synthetic_arabian-barb_mix_79,1,4.714949737697635,1,3.0,Arabian-Barb Mix,Synthetic
EquiVision_Synthetic,Magnifique Arabian-Barb Mix 7 ans,Arabian-Barb Mix,Mare,7 years,33254,Beni Mellal,synthetic_arabian-barb_mix_80,1,4.521843892449472,1,7.0,Arabian-Barb Mix,Synthetic
EquiVision_Synthetic,Magnifique Arabian-Barb Mix 3 ans,Arabian-Barb Mix,Stallion,3 years,106719,Beni Mellal,synthetic_arabian-barb_mix_81,1,5.028241747077377,1,3.0,Arabian-Barb Mix,Synthetic
EquiVision_Synthetic,Magnifique Arabian-Barb Mix 8 ans,Arabian-Barb Mix,Mare,8 years,40398,Tangier,synthetic_arabian-barb_mix_82,1,4.606359864851589,1,8.0,Arabian-Barb Mix,Synthetic
EquiVision_Synthetic,Magnifique Arabian-Barb Mix 6 ans,Arabian-Barb Mix,Gelding,6 years,18362,Rabat,synthetic_arabian-barb_mix_83,1,4.263919983055772,1,6.0,Arabian-Barb Mix,Synthetic
EquiVision_Synthetic,Magnifique Arabian-Barb Mix 6 ans,Arabian-Barb Mix,Gelding,6 years,27833,Beni Mellal,synthetic_arabian-barb_mix_84,1,4.444560019601275,1,6.0,Arabian-Barb Mix,Synthetic
EquiVision_Synthetic,Magnifique Arabian-Barb Mix 7 ans,Arabian-Barb Mix,Gelding,7 years,15668,Fes,synthetic_arabian-barb_mix_85,1,4.195013562875828,1,7.0,Arabian-Barb Mix,Synthetic
EquiVision_Synthetic,Magnifique Arabian-Barb Mix 3 ans,Arabian-Barb Mix,Mare,3 years,97929,Settat,synthetic_arabian-barb_mix_86,1,4.990911319739421,1,3.0,Arabian-Barb Mix,Synthetic
EquiVision_Synthetic,Magnifique Arabian-Barb Mix 3 ans,Arabian-Barb Mix,Mare,3 years,13426,Agadir,synthetic_arabian-barb_mix_87,1,4.127946642848902,1,3.0,Arabian-Barb Mix,Synthetic
EquiVision_Synthetic,Magnifique Arabian-Barb Mix 4 ans,Arabian-Barb Mix,Mare,4 years,19370,Meknes,synthetic_arabian-barb_mix_88,1,4.287129620719111,1,4.0,Arabian-Barb Mix,Synthetic
EquiVision_Synthetic,Magnifique Arabian-Barb Mix 4 ans,Arabian-Barb Mix,Gelding,4 years,61987,El Jadida,synthetic_arabian-barb_mix_89,1,4.792300618203917,1,4.0,Arabian-Barb Mix,Synthetic
EquiVision_Synthetic,Magnifique Arabian-Barb Mix 4 ans,Arabian-Barb Mix,Gelding,4 years,41955,El Jadida,synthetic_arabian-barb_mix_90,1,4.622783725427208,1,4.0,Arabian-Barb Mix,Synthetic
EquiVision_Synthetic,Magnifique Arabian-Barb Mix 8 ans,Arabian-Barb Mix,Mare,8 years,29549,El Jadida,synthetic_arabian-barb_mix_91,1,4.470542788031808,1,8.0,Arabian-Barb Mix,Synthetic
EquiVision_Synthetic,Magnifique Arabian-Barb Mix 10 ans,Arabian-Barb Mix,Gelding,10 years,90322,Marrakech,synthetic_arabian-barb_mix_92,1,4.955793545605875,1,10.0,Arabian-Barb Mix,Synthetic
EquiVision_Synthetic,Magnifique Arabian-Barb Mix 9 ans,Arabian-Barb Mix,Mare,9 years,55559,Beni Mellal,synthetic_arabian-barb_mix_93,1,4.744754420319892,1,9.0,Arabian-Barb Mix,Synthetic
EquiVision_Synthetic,Magnifique Arabian-Barb Mix 10 ans,Arabian-Barb Mix,Stallion,10 years,43599,Beni Mellal,synthetic_arabian-barb_mix_94,1,4.639476528271741,1,10.0,Arabian-Barb Mix,Synthetic
EquiVision_Synthetic,Magnifique Arabian-Barb Mix 7 ans,Arabian-Barb Mix,Gelding,7 years,67227,Rabat,synthetic_arabian-barb_mix_95,1,4.827543731327372,1,7.0,Arabian-Barb Mix,Synthetic
EquiVision_Synthetic,Magnifique Arabian-Barb Mix 3 ans,Arabian-Barb Mix,Mare,3 years,27690,Marrakech,synthetic_arabian-barb_mix_96,1,4.442322955745574,1,3.0,Arabian-Barb Mix,Synthetic
EquiVision_Synthetic,Magnifique Arabian-Barb Mix 6 ans,Arabian-Barb Mix,Mare,6 years,33633,Casablanca,synthetic_arabian-barb_mix_97,1,4.526765607288962,1,6.0,Arabian-Barb Mix,Synthetic
EquiVision_Synthetic,Magnifique Arabian-Barb Mix 3 ans,Arabian-Barb Mix,Mare,3 years,23068,Casablanca,synthetic_arabian-barb_mix_98,1,4.363009942738859,1,3.0,Arabian-Barb Mix,Synthetic
EquiVision_Synthetic,Magnifique Arabian-Barb Mix 5 ans,Arabian-Barb Mix,Stallion,5 years,39881,Agadir,synthetic_arabian-barb_mix_99,1,4.6007660395352294,1,5.0,Arabian-Barb Mix,Synthetic
EquiVision_Synthetic,Magnifique Arabian-Barb Mix 10 ans,Arabian-Barb Mix,Mare,10 years,90376,Marrakech,synthetic_arabian-barb_mix_100,1,4.956053115747447,1,10.0,Arabian-Barb Mix,Synthetic
EquiVision_Synthetic,Magnifique Arabian-Barb Mix 7 ans,Arabian-Barb Mix,Stallion,7 years,16219,El Jadida,synthetic_arabian-barb_mix_101,1,4.210024073804233,1,7.0,Arabian-Barb Mix,Synthetic
EquiVision_Synthetic,Magnifique Arabian-Barb Mix 10 ans,Arabian-Barb Mix,Stallion,10 years,60358,Agadir,synthetic_arabian-barb_mix_102,1,4.780734840723263,1,10.0,Arabian-Barb Mix,Synthetic
EquiVision_Synthetic,Magnifique Arabian-Barb Mix 5 ans,Arabian-Barb Mix,Gelding,5 years,62377,Marrakech,synthetic_arabian-barb_mix_103,1,4.795024483682169,1,5.0,Arabian-Barb Mix,Synthetic
EquiVision_Synthetic,Magnifique Arabian-Barb Mix 8 ans,Arabian-Barb Mix,Stallion,8 years,32798,Meknes,synthetic_arabian-barb_mix_104,1,4.51584736153344,1,8.0,Arabian-Barb Mix,Synthetic
EquiVision_Synthetic,Magnifique Arabian-Barb Mix 10 ans,Arabian-Barb Mix,Gelding,10 years,26488,Fes,synthetic_arabian-barb_mix_105,1,4.423049167744012,1,10.0,Arabian-Barb Mix,Synthetic
EquiVision_Synthetic,Magnifique Arabian-Barb Mix 6 ans,Arabian-Barb Mix,Gelding,6 years,35667,Meknes,synthetic_arabian-barb_mix_106,1,4.552266581773514,1,6.0,Arabian-Barb Mix,Synthetic
EquiVision_Synthetic,Magnifique Arabian-Barb Mix 10 ans,Arabian-Barb Mix,Gelding,10 years,24939,Fes,synthetic_arabian-barb_mix_107,1,4.3968790352215565,1,10.0,Arabian-Barb Mix,Synthetic
EquiVision_Synthetic,Magnifique Arabian-Barb Mix 8 ans,Arabian-Barb Mix,Stallion,8 years,25392,El Jadida,synthetic_arabian-barb_mix_108,1,4.404696909410773,1,8.0,Arabian-Barb Mix,Synthetic
EquiVision_Synthetic,Magnifique Arabian-Barb Mix 9 ans,Arabian-Barb Mix,Mare,9 years,13660,Fes,synthetic_arabian-barb_mix_109,1,4.135450699345514,1,9.0,Arabian-Barb Mix,Synthetic
EquiVision_Synthetic,Magnifique Arabian-Barb Mix 3 ans,Arabian-Barb Mix,Gelding,3 years,40828,Casablanca,synthetic_arabian-barb_mix_110,1,4.610958106098902,1,3.0,Arabian-Barb Mix,Synthetic
EquiVision_Synthetic,Magnifique Arabian-Barb Mix 9 ans,Arabian-Barb Mix,Mare,9 years,22626,Beni Mellal,synthetic_arabian-barb_mix_111,1,4.354607782789264,1,9.0,Arabian-Barb Mix,Synthetic
EquiVision_Synthetic,Magnifique Arabian-Barb Mix 9 ans,Arabian-Barb Mix,Gelding,9 years,65265,Beni Mellal,synthetic_arabian-barb_mix_112,1,4.814680342348399,1,9.0,Arabian-Barb Mix,Synthetic
EquiVision_Synthetic,Magnifique Arabian-Barb Mix 7 ans,Arabian-Barb Mix,Gelding,7 years,39389,Fes,synthetic_arabian-barb_mix_113,1,4.59537495516825,1,7.0,Arabian-Barb Mix,Synthetic
EquiVision_Synthetic,Magnifique Arabian-Barb Mix 6 ans,Arabian-Barb Mix,Gelding,6 years,62483,Settat,synthetic_arabian-barb_mix_114,1,4.795761873176662,1,6.0,Arabian-Barb Mix,Synthetic
EquiVision_Synthetic,Magnifique Arabian-Barb Mix 5 ans,Arabian-Barb Mix,Mare,5 years,37096,Rabat,synthetic_arabian-barb_mix_115,1,4.569327082887748,1,5.0,Arabian-Barb Mix,Synthetic
EquiVision_Synthetic,Magnifique Arabian-Barb Mix 4 ans,Arabian-Barb Mix,Stallion,4 years,45843,Beni Mellal,synthetic_arabian-barb_mix_116,1,4.661273030443058,1,4.0,Arabian-Barb Mix,Synthetic
EquiVision_Synthetic,Magnifique Arabian-Barb Mix 9 ans,Arabian-Barb Mix,Mare,9 years,33219,Beni Mellal,synthetic_arabian-barb_mix_117,1,4.521386554634982,1,9.0,Arabian-Barb Mix,Synthetic
EquiVision_Synthetic,Magnifique Arabian-Barb Mix 8 ans,Arabian-Barb Mix,Gelding,8 years,42280,Tangier,synthetic_arabian-barb_mix_118,1,4.626134978635388,1,8.0,Arabian-Barb Mix,Synthetic
EquiVision_Synthetic,Magnifique Arabian-Barb Mix 6 ans,Arabian-Barb Mix,Stallion,6 years,55720,Rabat,synthetic_arabian-barb_mix_119,1,4.746011107751926,1,6.0,Arabian-Barb Mix,Synthetic
EquiVision_Synthetic,Magnifique Arabian-Barb Mix 10 ans,Arabian-Barb Mix,Mare,10 years,21892,Marrakech,synthetic_arabian-barb_mix_120,1,4.340285439470468,1,10.0,Arabian-Barb Mix,Synthetic
EquiVision_Synthetic,Magnifique Arabian-Barb Mix 5 ans,Arabian-Barb Mix,Mare,5 years,33409,Tangier,synthetic_arabian-barb_mix_121,1,4.523863476506689,1,5.0,Arabian-Barb Mix,Synthetic
EquiVision_Synthetic,Magnifique Arabian-Barb Mix 5 ans,Arabian-Barb Mix,Gelding,5 years,23569,Tangier,synthetic_arabian-barb_mix_122,1,4.372341156402346,1,5.0,Arabian-Barb Mix,Synthetic
EquiVision_Synthetic,Magnifique Arabian-Barb Mix 8 ans,Arabian-Barb Mix,Stallion,8 years,46067,Marrakech,synthetic_arabian-barb_mix_123,1,4.663389930814253,1,8.0,Arabian-Barb Mix,Synthetic
EquiVision_Synthetic,Magnifique Arabian-Barb Mix 3 ans,Arabian-Barb Mix,Gelding,3 years,70500,Agadir,synthetic_arabian-barb_mix_124,1,4.848189116991398,1,3.0,Arabian-Barb Mix,Synthetic
EquiVision_Synthetic,Magnifique Arabian-Barb Mix 3 ans,Arabian-Barb Mix,Stallion,3 years,56871,Rabat,synthetic_arabian-barb_mix_125,1,4.754890864803313,1,3.0,Arabian-Barb Mix,Synthetic
EquiVision_Synthetic,Magnifique Arabian-Barb Mix 3 ans,Arabian-Barb Mix,Stallion,3 years,44766,Casablanca,synthetic_arabian-barb_mix_126,1,4.650948290373242,1,3.0,Arabian-Barb Mix,Synthetic
EquiVision_Synthetic,Magnifique Arabian-Barb Mix 9 ans,Arabian-Barb Mix,Mare,9 years,45353,Beni Mellal,synthetic_arabian-barb_mix_127,1,4.656606019959583,1,9.0,Arabian-Barb Mix,Synthetic
EquiVision_Synthetic,Magnifique Arabian-Barb Mix 10 ans,Arabian-Barb Mix,Gelding,10 years,35226,Meknes,synthetic_arabian-barb_mix_128,1,4.546863330761307,1,10.0,Arabian-Barb Mix,Synthetic
EquiVision_Synthetic,Magnifique Arabian-Barb Mix 3 ans,Arabian-Barb Mix,Gelding,3 years,77033,Meknes,synthetic_arabian-barb_mix_129,1,4.8866768115062165,1,3.0,Arabian-Barb Mix,Synthetic
EquiVision_Synthetic,Magnifique Arabian-Barb Mix 7 ans,Arabian-Barb Mix,Stallion,7 years,71083,Settat,synthetic_arabian-barb_mix_130,1,4.851765748564212,1,7.0,Arabian-Barb Mix,Synthetic
EquiVision_Synthetic,Magnifique Arabian-Barb Mix 7 ans,Arabian-Barb Mix,Mare,7 years,47145,Agadir,synthetic_arabian-barb_mix_131,1,4.6734356400732615,1,7.0,Arabian-Barb Mix,Synthetic
EquiVision_Synthetic,Magnifique Arabian-Barb Mix 4 ans,Arabian-Barb Mix,Gelding,4 years,43689,Casablanca,synthetic_arabian-barb_mix_132,1,4.640372104232293,1,4.0,Arabian-Barb Mix,Synthetic
EquiVision_Synthetic,Magnifique Arabian-Barb Mix 6 ans,Arabian-Barb Mix,Stallion,6 years,70770,Casablanca,synthetic_arabian-barb_mix_133,1,4.849849195605258,1,6.0,Arabian-Barb Mix,Synthetic
EquiVision_Synthetic,Magnifique Arabian-Barb Mix 3 ans,Arabian-Barb Mix,Gelding,3 years,37052,Agadir,synthetic_arabian-barb_mix_134,1,4.56881165537934,1,3.0,Arabian-Barb Mix,Synthetic
EquiVision_Synthetic,Magnifique Arabian-Barb Mix 7 ans,Arabian-Barb Mix,Gelding,7 years,77724,Fes,synthetic_arabian-barb_mix_135,1,4.890555143101518,1,7.0,Arabian-Barb Mix,Synthetic
EquiVision_Synthetic,Magnifique Arabian-Barb Mix 8 ans,Arabian-Barb Mix,Gelding,8 years,20162,Rabat,synthetic_arabian-barb_mix_136,1,4.3045336104065175,1,8.0,Arabian-Barb Mix,Synthetic
EquiVision_Synthetic,Magnifique Arabian-Barb Mix 3 ans,Arabian-Barb Mix,Gelding,3 years,33967,Casablanca,synthetic_arabian-barb_mix_137,1,4.531057191233289,1,3.0,Arabian-Barb Mix,Synthetic
EquiVision_Synthetic,Magnifique Arabian-Barb Mix 9 ans,Arabian-Barb Mix,Gelding,9 years,21494,Beni Mellal,synthetic_arabian-barb_mix_138,1,4.332317244540979,1,9.0,Arabian-Barb Mix,Synthetic
EquiVision_Synthetic,Magnifique Arabian-Barb Mix 8 ans,Arabian-Barb Mix,Mare,8 years,41135,Fes,synthetic_arabian-barb_mix_139,1,4.614211501642213,1,8.0,Arabian-Barb Mix,Synthetic
EquiVision_Synthetic,Magnifique Arabian-Barb Mix 7 ans,Arabian-Barb Mix,Stallion,7 years,64185,Marrakech,synthetic_arabian-barb_mix_140,1,4.807433545539614,1,7.0,Arabian-Barb Mix,Synthetic
EquiVision_Synthetic,Magnifique Arabian-Barb Mix 10 ans,Arabian-Barb Mix,Stallion,10 years,50665,Beni Mellal,synthetic_arabian-barb_mix_141,1,4.704708046987443,1,10.0,Arabian-Barb Mix,Synthetic
EquiVision_Synthetic,Magnifique Arabian-Barb Mix 4 ans,Arabian-Barb Mix,Gelding,4 years,28457,Beni Mellal,synthetic_arabian-barb_mix_142,1,4.454189113874769,1,4.0,Arabian-Barb Mix,Synthetic
EquiVision_Synthetic,Magnifique Arabian-Barb Mix 4 ans,Arabian-Barb Mix,Stallion,4 years,51867,Settat,synthetic_arabian-barb_mix_143,1,4.714891129020681,1,4.0,Arabian-Barb Mix,Synthetic
EquiVision_Synthetic,Magnifique Arabian-Barb Mix 5 ans,Arabian-Barb Mix,Gelding,5 years,35789,Fes,synthetic_arabian-barb_mix_144,1,4.553749563700167,1,5.0,Arabian-Barb Mix,Synthetic
EquiVision_Synthetic,Magnifique Arabian-Barb Mix 7 ans,Arabian-Barb Mix,Stallion,7 years,32760,Tangier,synthetic_arabian-barb_mix_145,1,4.515343893088381,1,7.0,Arabian-Barb Mix,Synthetic
EquiVision_Synthetic,Magnifique Arabian-Barb Mix 10 ans,Arabian-Barb Mix,Gelding,10 years,35333,Marrakech,synthetic_arabian-barb_mix_146,1,4.5481805134080275,1,10.0,Arabian-Barb Mix,Synthetic
EquiVision_Synthetic,Magnifique Arabian-Barb Mix 6 ans,Arabian-Barb Mix,Stallion,6 years,36651,Marrakech,synthetic_arabian-barb_mix_147,1,4.564085828596713,1,6.0,Arabian-Barb Mix,Synthetic
EquiVision_Synthetic,Magnifique Arabian-Barb Mix 3 ans,Arabian-Barb Mix,Gelding,3 years,28449,Rabat,synthetic_arabian-barb_mix_148,1,4.454067005278905,1,3.0,Arabian-Barb Mix,Synthetic
EquiVision_Synthetic,Magnifique Arabian-Barb Mix 4 ans,Arabian-Barb Mix,Stallion,4 years,46121,Casablanca,synthetic_arabian-barb_mix_149,1,4.66389871513987,1,4.0,Arabian-Barb Mix,Synthetic
